time,hydroelectric,wind,others,solar,thermal
2024-06-22T17:30:00,22788,305,586,2,0
2024-06-22T18:30:00,22989,193,585,1,0
2024-06-22T19:30:00,22382,128,590,0,0
2024-06-22T20:30:00,21191,209,592,0,0
2024-06-21T00:30:00,19426,1764,579,0,0
2024-06-21T01:30:00,18033,1818,578,0,0
2024-06-21T02:30:00,17449,1909,578,0,0
2024-06-21T03:30:00,16583,2038,579,0,0
2024-06-21T04:30:00,16595,1891,579,0,0
2024-06-21T05:30:00,16922,1664,579,0,0
2024-06-21T06:30:00,18691,1426,579,0,0
2024-06-21T07:30:00,21213,1337,578,2,0
2024-06-21T08:30:00,23005,1016,579,3,0
2024-06-21T09:30:00,23540,748,572,2,0
2024-06-21T10:30:00,23196,752,570,5,0
2024-06-21T11:30:00,24019,752,568,5,0
2024-06-21T12:30:00,24083,889,579,2,0
2024-06-21T13:30:00,24054,911,578,3,0
2024-06-21T14:30:00,23479,919,582,2,0
2024-06-21T15:30:00,23074,902,584,2,0
2024-06-21T16:30:00,23577,833,588,1,0
2024-06-21T17:30:00,24065,745,589,1,0
2024-06-21T18:30:00,24236,551,590,0,0
2024-06-21T19:30:00,23582,336,589,0,0
2024-06-21T20:30:00,22527,452,594,0,0
2024-06-21T21:30:00,21604,649,594,0,0
2024-06-21T22:30:00,20626,834,594,0,0
2024-06-21T23:30:00,18582,1035,593,0,0
2024-06-22T00:30:00,17706,1033,594,0,0
2024-06-22T01:30:00,16824,816,597,0,0
2024-06-22T02:30:00,16168,707,590,0,0
2024-06-22T03:30:00,15644,607,590,0,0
2024-06-22T04:30:00,15276,429,592,0,0
2024-06-22T05:30:00,15299,412,590,0,0
2024-06-22T06:30:00,15672,328,590,0,0
2024-06-22T07:30:00,17137,221,591,1,0
2024-06-22T08:30:00,17853,269,593,2,0
2024-06-22T09:30:00,18849,290,594,1,0
2024-06-22T10:30:00,20551,252,590,3,0
2024-06-22T11:30:00,22251,256,589,4,0
2024-06-22T12:30:00,22613,313,590,5,0
2024-06-22T13:30:00,22596,389,587,5,0
2024-06-22T14:30:00,22531,480,589,5,0
2024-06-22T15:30:00,22901,416,587,5,0
2024-06-22T16:30:00,22415,365,588,4,0
2024-06-22T21:30:00,20817,288,591,0,0
2024-06-22T22:30:00,20351,336,589,0,0
2024-06-22T23:30:00,18402,401,594,0,0
2024-06-23T00:30:00,17273,397,588,0,0
2024-06-23T01:30:00,16296,384,592,0,0
2024-06-23T02:30:00,15132,379,592,0,0
2024-06-23T03:30:00,14916,350,593,0,0
2024-06-23T04:30:00,14795,361,591,0,0
2024-06-23T05:30:00,14786,416,588,0,0
2024-06-23T06:30:00,14890,564,588,0,0
2024-06-23T07:30:00,15451,556,586,0,0
2024-06-23T08:30:00,17161,715,586,0,0
2024-06-23T09:30:00,18095,832,586,1,0
2024-06-23T10:30:00,18410,932,579,3,0
2024-06-23T11:30:00,20162,1076,578,1,0
2024-06-23T12:30:00,21083,1182,580,3,0
2024-06-23T13:30:00,20540,1246,579,2,0
2024-06-23T14:30:00,20299,1449,579,2,0
2024-06-23T15:30:00,20302,1465,578,2,0
2024-06-23T16:30:00,20256,1095,577,6,0
2024-06-23T17:30:00,20647,1657,578,2,0
2024-06-23T18:30:00,20754,1543,578,2,0
2024-06-23T19:30:00,20428,1487,581,0,0
2024-06-23T20:30:00,19420,1352,582,0,0
2024-06-23T21:30:00,18720,1464,581,0,0
2024-06-23T22:30:00,18042,1309,580,0,0
2024-06-23T23:30:00,16933,1023,576,0,0
2024-06-24T00:30:00,15721,978,574,0,0
2024-06-24T01:30:00,14676,947,577,0,0
2024-06-24T02:30:00,14517,1176,579,0,0
2024-06-24T03:30:00,13560,1251,575,0,0
2024-06-24T04:30:00,13237,1304,573,0,0
2024-06-24T05:30:00,13990,1217,573,0,0
2024-06-24T06:30:00,15860,1126,571,0,0
2024-06-24T07:30:00,17124,847,572,0,0
2024-06-24T08:30:00,18280,762,572,0,0
2024-06-24T09:30:00,18636,717,574,1,0
2024-06-24T10:30:00,19380,546,572,1,0
2024-06-24T11:30:00,20361,410,571,2,0
2024-06-24T12:30:00,21094,422,588,3,0
2024-06-24T13:30:00,20768,404,589,5,0
2024-06-24T14:30:00,20086,477,589,3,0
2024-06-24T15:30:00,20185,515,589,5,0
2024-06-24T16:30:00,21013,469,592,7,0
2024-06-24T17:30:00,22070,487,590,5,0
2024-06-24T18:30:00,22770,311,592,1,0
2024-06-24T19:30:00,22568,313,594,0,0
2024-06-24T20:30:00,21163,427,595,0,0
2024-06-24T21:30:00,20133,418,589,0,0
2024-06-24T22:30:00,18488,405,588,0,0
2024-06-24T23:30:00,16352,456,593,0,0
2024-06-25T00:30:00,14869,420,594,0,0
2024-06-25T01:30:00,14441,422,564,0,0
2024-06-25T02:30:00,14329,433,565,0,0
2024-06-25T03:30:00,13908,424,565,0,0
2024-06-25T04:30:00,13952,404,561,0,0
2024-06-25T05:30:00,14644,277,561,0,0
2024-06-25T06:30:00,16413,167,564,0,0
2024-06-25T07:30:00,18080,57,567,0,0
2024-06-25T08:30:00,18817,31,566,4,0
2024-06-25T09:30:00,18832,151,570,6,0
2024-06-25T10:30:00,19280,237,563,7,0
2024-06-25T11:30:00,19195,259,563,9,0
2024-06-25T12:30:00,19671,212,626,9,0
2024-06-25T13:30:00,20563,387,625,1,0
2024-06-25T14:30:00,21354,482,627,1,0
2024-06-25T15:30:00,22525,589,627,8,0
2024-06-25T16:30:00,22888,773,627,4,0
2024-06-25T17:30:00,23003,981,623,4,0
2024-06-25T18:30:00,22538,1110,625,1,0
2024-06-25T19:30:00,22116,1275,627,0,0
2024-06-25T20:30:00,21450,1568,634,0,0
2024-06-25T21:30:00,20301,1896,637,0,0
2024-06-25T22:30:00,16925,2316,634,0,0
2024-06-25T23:30:00,14384,2156,639,0,0
2024-06-26T00:30:00,13497,2118,642,0,0
2024-06-26T01:30:00,13273,2235,643,0,0
2024-06-26T02:30:00,12935,2299,639,0,0
2024-06-26T03:30:00,12675,2281,640,0,0
2024-06-26T04:30:00,12738,2210,639,0,0
2024-06-26T05:30:00,13309,2106,638,0,0
2024-06-26T06:30:00,14252,1993,637,0,0
2024-06-26T07:30:00,15836,1926,638,0,0
2024-06-26T08:30:00,17671,1801,638,3,0
2024-06-26T09:30:00,18632,1646,634,4,0
2024-06-26T10:30:00,19680,1589,628,8,0
2024-06-26T11:30:00,21655,1440,631,9,0
2024-06-26T12:30:00,21556,1527,625,9,0
2024-06-26T13:30:00,21097,1617,625,3,0
2024-06-26T14:30:00,21597,1417,623,2,0
2024-06-26T15:30:00,21677,1462,622,7,0
2024-06-26T16:30:00,21723,1464,621,5,0
2024-06-26T17:30:00,21771,1133,623,2,0
2024-06-26T18:30:00,21734,964,625,1,0
2024-06-26T19:30:00,21283,764,626,0,0
2024-06-26T20:30:00,20872,778,626,0,0
2024-06-26T21:30:00,21183,651,630,0,0
2024-06-26T22:30:00,19962,488,628,0,0
2024-06-26T23:30:00,17646,491,624,0,0
2024-06-27T00:30:00,16458,366,631,0,0
2024-06-27T01:30:00,16384,233,631,0,0
2024-06-27T02:30:00,14913,230,631,0,0
2024-06-27T03:30:00,14403,248,631,0,0
2024-06-27T04:30:00,14458,167,632,0,0
2024-06-27T05:30:00,15528,178,630,0,0
2024-06-27T06:30:00,17174,207,631,0,0
2024-06-27T07:30:00,17830,246,631,1,0
2024-06-27T08:30:00,18567,228,631,1,0
2024-06-27T09:30:00,18670,242,630,4,0
2024-06-27T10:30:00,18281,289,623,4,0
2024-06-27T11:30:00,18952,318,624,8,0
2024-06-27T12:30:00,18880,300,618,7,0
2024-06-27T13:30:00,18630,434,623,5,0
2024-06-27T14:30:00,19012,464,622,7,0
2024-06-27T15:30:00,18926,670,625,6,0
2024-06-27T16:30:00,19451,813,624,7,0
2024-06-27T17:30:00,21104,888,626,6,0
2024-06-27T18:30:00,20669,1195,627,3,0
2024-06-27T19:30:00,21123,976,633,1,0
2024-06-27T20:30:00,19348,947,629,0,0
2024-06-27T21:30:00,17960,997,630,0,0
2024-06-27T22:30:00,15871,1166,634,0,0
2024-06-27T23:30:00,15562,1082,637,0,0
2024-06-28T00:30:00,14453,1096,640,0,0
2024-06-28T01:30:00,13871,1182,638,0,0
2024-06-28T02:30:00,13799,1128,641,0,0
2024-06-28T03:30:00,13256,1280,643,0,0
2024-06-28T04:30:00,13203,1313,644,0,0
2024-06-28T05:30:00,13583,1279,645,0,0
2024-06-28T06:30:00,15666,1066,646,0,0
2024-06-28T07:30:00,17005,905,645,2,0
2024-06-28T08:30:00,17711,759,644,4,0
2024-06-28T09:30:00,17586,888,647,6,0
2024-06-28T10:30:00,17579,1063,643,8,0
2024-06-28T11:30:00,17060,1104,640,9,0
2024-06-28T12:30:00,17497,1108,654,9,0
2024-06-28T13:30:00,17567,1188,655,9,0
2024-06-28T14:30:00,16527,1154,658,9,0
2024-06-28T15:30:00,16894,1161,657,8,0
2024-06-28T16:30:00,18392,988,655,6,0
2024-06-28T17:30:00,21340,876,656,5,0
2024-06-28T18:30:00,22224,652,657,2,0
2024-06-28T19:30:00,21582,482,659,1,0
2024-06-28T20:30:00,19638,554,662,0,0
2024-06-28T21:30:00,18936,833,664,0,0
2024-06-28T22:30:00,17502,1085,664,0,0
2024-06-28T23:30:00,15710,1275,670,0,0
2024-06-29T00:30:00,14008,1385,670,0,0
2024-06-29T01:30:00,13454,1346,669,0,0
2024-06-29T02:30:00,12747,1523,669,0,0
2024-06-29T03:30:00,12721,1684,666,0,0
2024-06-29T04:30:00,12501,1670,667,0,0
2024-06-29T05:30:00,12540,1865,670,0,0
2024-06-29T06:30:00,13292,1733,670,0,0
2024-06-29T07:30:00,12847,1818,670,0,0
2024-06-29T08:30:00,14895,1638,669,2,0
2024-06-29T09:30:00,15076,1632,667,1,0
2024-06-29T10:30:00,15802,1895,661,1,0
2024-06-29T11:30:00,16502,1995,660,2,0
2024-06-29T12:30:00,16547,1769,650,2,0
2024-06-29T13:30:00,16619,1803,652,2,0
2024-06-29T14:30:00,15991,2027,650,1,0
2024-06-29T15:30:00,15743,1952,651,1,0
2024-06-29T16:30:00,16330,2117,651,0,0
2024-06-29T17:30:00,17353,2294,653,0,0
2024-06-29T18:30:00,17967,2369,651,0,0
2024-06-29T19:30:00,17227,2302,649,0,0
2024-06-29T20:30:00,16430,2349,650,0,0
2024-06-29T21:30:00,15981,2308,651,0,0
2024-06-29T22:30:00,14607,2265,653,0,0
2024-06-29T23:30:00,13681,2299,661,0,0
2024-06-30T00:30:00,13386,2119,664,0,0
2024-06-30T01:30:00,13564,1966,658,0,0
2024-06-30T02:30:00,13313,2184,655,0,0
2024-06-30T03:30:00,13269,2023,657,0,0
2024-06-30T04:30:00,13233,1747,655,0,0
2024-06-30T05:30:00,13513,1445,656,0,0
2024-06-30T06:30:00,13926,1152,656,0,0
2024-06-30T07:30:00,14247,1107,652,1,0
2024-06-30T08:30:00,15140,1114,656,3,0
2024-06-30T09:30:00,16790,1059,653,4,0
2024-06-30T10:30:00,17895,878,649,7,0
2024-06-30T11:30:00,18386,839,652,9,0
2024-06-30T12:30:00,18941,847,643,9,0
2024-06-30T13:30:00,19228,1110,638,9,0
2024-06-30T14:30:00,18952,1295,639,8,0
2024-06-30T15:30:00,18682,1187,638,8,0
2024-06-30T16:30:00,18865,1114,641,6,0
2024-06-30T17:30:00,19205,1069,642,3,0
2024-06-30T18:30:00,18995,1291,645,1,0
2024-06-30T19:30:00,18574,1193,648,0,0
2024-06-30T20:30:00,18182,1108,649,0,0
2024-06-30T21:30:00,,,,,0
2024-06-30T22:30:00,,,,,0
2024-06-30T23:30:00,,,,,0
2024-07-01T00:30:00,13643,1089,651,0,0
2024-07-01T01:30:00,13896,1193,651,0,0
2024-07-01T02:30:00,13274,1159,649,0,0
2024-07-01T03:30:00,13053,1149,645,0,0
2024-07-01T04:30:00,13421,1072,642,0,0
2024-07-01T05:30:00,13327,943,638,0,0
2024-07-01T06:30:00,13925,619,639,0,0
2024-07-01T07:30:00,15105,300,638,1,0
2024-07-01T08:30:00,15880,177,639,3,0
2024-07-01T09:30:00,16255,237,640,5,0
2024-07-01T10:30:00,16425,322,635,7,0
2024-07-01T11:30:00,16572,464,635,8,0
2024-07-01T12:30:00,16691,560,636,8,0
2024-07-01T13:30:00,16318,695,636,8,0
2024-07-01T14:30:00,16376,764,640,8,0
2024-07-01T15:30:00,17036,856,641,7,0
2024-07-01T16:30:00,18106,860,636,6,0
2024-07-01T17:30:00,20633,684,642,4,0
2024-07-01T18:30:00,22211,535,641,2,0
2024-07-01T19:30:00,22274,420,640,0,0
2024-07-01T20:30:00,20697,598,644,0,0
2024-07-01T21:30:00,18480,692,646,0,0
2024-07-01T22:30:00,16964,773,644,0,0
2024-07-01T23:30:00,14854,765,649,0,0
2024-07-02T00:30:00,14038,785,646,0,0
2024-07-02T01:30:00,13516,742,642,0,0
2024-07-02T02:30:00,13759,649,642,0,0
2024-07-02T03:30:00,13790,435,640,0,0
2024-07-02T04:30:00,14082,307,638,0,0
2024-07-02T05:30:00,14479,361,639,0,0
2024-07-02T06:30:00,16263,267,592,0,0
2024-07-02T07:30:00,17737,119,593,1,0
2024-07-02T08:30:00,18941,59,592,3,0
2024-07-02T09:30:00,19139,37,591,5,0
2024-07-02T10:30:00,18935,108,585,7,0
2024-07-02T11:30:00,18607,170,586,7,0
2024-07-02T12:30:00,18648,252,592,7,0
2024-07-02T13:30:00,18970,323,591,8,0
2024-07-02T14:30:00,19565,316,591,7,0
2024-07-02T15:30:00,19955,272,594,6,0
2024-07-02T16:30:00,22817,236,593,6,0
2024-07-02T17:30:00,24109,163,593,4,0
2024-07-02T18:30:00,24338,111,593,2,0
2024-07-02T19:30:00,23723,83,592,0,0
2024-07-02T20:30:00,22039,115,587,0,0
2024-07-02T21:30:00,20783,136,585,0,0
2024-07-02T22:30:00,17981,118,586,0,0
2024-07-02T23:30:00,15905,121,588,0,0
2024-07-03T00:30:00,15159,142,593,0,0
2024-07-03T01:30:00,14595,165,596,0,0
2024-07-03T02:30:00,14256,202,593,0,0
2024-07-03T03:30:00,13940,234,593,0,0
2024-07-03T04:30:00,13920,272,594,0,0
2024-07-03T05:30:00,13953,311,594,0,0
2024-07-03T06:30:00,15088,362,594,0,0
2024-07-03T07:30:00,17207,310,594,3,0
2024-07-03T08:30:00,18082,216,594,3,0
2024-07-03T09:30:00,18507,261,591,7,0
2024-07-03T10:30:00,18169,353,589,5,0
2024-07-03T11:30:00,18421,660,590,5,0
2024-07-03T12:30:00,18948,887,577,6,0
2024-07-03T13:30:00,19673,932,578,8,0
2024-07-03T14:30:00,19891,1052,581,9,0
2024-07-03T15:30:00,20507,950,582,7,0
2024-07-03T16:30:00,22432,1209,578,4,0
2024-07-03T17:30:00,23793,1248,577,4,0
2024-07-03T18:30:00,23788,1262,586,1,0
2024-07-03T19:30:00,22683,1472,589,0,0
2024-07-03T20:30:00,21372,1706,588,0,0
2024-07-03T21:30:00,20519,1973,594,0,0
2024-07-03T22:30:00,17787,2182,596,0,0
2024-07-03T23:30:00,15430,2169,600,0,0
2024-07-04T00:30:00,14578,2049,598,0,0
2024-07-04T01:30:00,14007,2065,594,0,0
2024-07-04T02:30:00,13676,1982,595,0,0
2024-07-04T03:30:00,13368,2131,598,0,0
2024-07-04T04:30:00,13524,2031,597,0,0
2024-07-04T05:30:00,14056,1840,597,0,0
2024-07-04T06:30:00,15471,1748,596,0,0
2024-07-04T07:30:00,16712,1610,597,1,0
2024-07-04T08:30:00,18043,1438,595,3,0
2024-07-04T09:30:00,18518,1190,595,3,0
2024-07-04T10:30:00,19974,1091,589,5,0
2024-07-04T11:30:00,21660,1034,587,7,0
2024-07-04T12:30:00,20863,953,565,8,0
2024-07-04T13:30:00,22997,962,571,6,0
2024-07-04T14:30:00,23475,1085,577,9,0
2024-07-04T15:30:00,23659,1165,574,8,0
2024-07-04T16:30:00,24492,1270,572,7,0
2024-07-04T17:30:00,25443,1126,575,4,0
2024-07-04T18:30:00,24860,1036,572,3,0
2024-07-04T19:30:00,24396,1070,572,0,0
2024-07-04T20:30:00,23749,1230,575,0,0
2024-07-04T21:30:00,23119,914,580,0,0
2024-07-04T22:30:00,20565,997,578,0,0
2024-07-04T23:30:00,18423,769,580,0,0
2024-07-05T00:30:00,17060,730,584,0,0
2024-07-05T01:30:00,16829,525,584,0,0
2024-07-05T02:30:00,15411,551,581,0,0
2024-07-05T03:30:00,14931,552,581,0,0
2024-07-05T04:30:00,14974,455,580,0,0
2024-07-05T05:30:00,15066,455,579,0,0
2024-07-05T06:30:00,17578,404,581,0,0
2024-07-05T07:30:00,19419,237,576,0,0
2024-07-05T08:30:00,21134,204,576,1,0
2024-07-05T09:30:00,22602,257,572,1,0
2024-07-05T10:30:00,22892,223,564,3,0
2024-07-05T11:30:00,23843,182,558,9,0
2024-07-05T12:30:00,24750,170,558,9,0
2024-07-05T13:30:00,25356,180,527,9,0
2024-07-05T14:30:00,25430,130,530,8,0
2024-07-05T15:30:00,25652,129,532,7,0
2024-07-05T16:30:00,25821,102,532,6,0
2024-07-05T17:30:00,25768,115,531,4,0
2024-07-05T18:30:00,25657,81,531,2,0
2024-07-05T19:30:00,25458,72,536,1,0
2024-07-05T20:30:00,24361,93,537,0,0
2024-07-05T21:30:00,23880,136,538,0,0
2024-07-05T22:30:00,22887,116,540,0,0
2024-07-05T23:30:00,20528,175,541,0,0
2024-07-06T00:30:00,19339,163,543,0,0
2024-07-06T01:30:00,18456,154,544,0,0
2024-07-06T02:30:00,18766,96,550,0,0
2024-07-06T03:30:00,18076,91,550,0,0
2024-07-06T04:30:00,16824,130,550,0,0
2024-07-06T05:30:00,15977,211,548,0,0
2024-07-06T06:30:00,16986,341,546,0,0
2024-07-06T07:30:00,16508,535,545,0,0
2024-07-06T08:30:00,18943,548,544,1,0
2024-07-06T09:30:00,20646,537,538,3,0
2024-07-06T10:30:00,21741,495,535,3,0
2024-07-06T11:30:00,22011,385,538,3,0
2024-07-06T12:30:00,22869,347,539,6,0
2024-07-06T13:30:00,22695,297,537,6,0
2024-07-06T14:30:00,23669,196,540,5,0
2024-07-06T15:30:00,23963,139,542,7,0
2024-07-06T16:30:00,24268,82,538,3,0
2024-07-06T17:30:00,24513,41,538,5,0
2024-07-06T18:30:00,24401,24,542,3,0
2024-07-06T19:30:00,23874,23,540,0,0
2024-07-06T20:30:00,23197,30,540,0,0
2024-07-06T21:30:00,23400,30,546,0,0
2024-07-06T22:30:00,21605,27,547,0,0
2024-07-06T23:30:00,19780,38,548,0,0
2024-07-07T00:30:00,18606,16,553,0,0
2024-07-07T01:30:00,17448,69,547,0,0
2024-07-07T02:30:00,17626,86,547,0,0
2024-07-07T03:30:00,16639,123,549,0,0
2024-07-07T04:30:00,15504,132,546,0,0
2024-07-07T05:30:00,15020,133,545,0,0
2024-07-07T06:30:00,14585,161,546,0,0
2024-07-07T07:30:00,15350,107,545,1,0
2024-07-07T08:30:00,17403,64,540,4,0
2024-07-07T09:30:00,19631,45,536,6,0
2024-07-07T10:30:00,19863,47,535,6,0
2024-07-07T11:30:00,20954,55,539,8,0
2024-07-07T12:30:00,22232,127,537,9,0
2024-07-07T13:30:00,22777,208,540,9,0
2024-07-07T14:30:00,22545,256,540,9,0
2024-07-07T15:30:00,23768,256,542,8,0
2024-07-07T16:30:00,24105,262,543,7,0
2024-07-07T17:30:00,24656,273,546,5,0
2024-07-07T18:30:00,24613,232,546,3,0
2024-07-07T19:30:00,24449,226,538,0,0
2024-07-07T20:30:00,23930,293,547,0,0
2024-07-07T21:30:00,23921,359,550,0,0
2024-07-07T22:30:00,22807,461,549,0,0
2024-07-07T23:30:00,20385,552,554,0,0
2024-07-08T00:30:00,18922,518,560,0,0
2024-07-08T01:30:00,17984,541,556,0,0
2024-07-08T02:30:00,16371,607,557,0,0
2024-07-08T03:30:00,15750,543,522,0,0
2024-07-08T04:30:00,16111,451,553,0,0
2024-07-08T05:30:00,16416,332,556,0,0
2024-07-08T06:30:00,18983,231,554,0,0
2024-07-08T07:30:00,21857,135,552,2,0
2024-07-08T08:30:00,23332,66,552,4,0
2024-07-08T09:30:00,24576,78,548,5,0
2024-07-08T10:30:00,25114,115,544,8,0
2024-07-08T11:30:00,26221,194,544,8,0
2024-07-08T12:30:00,26057,249,555,8,0
2024-07-08T13:30:00,26009,294,556,7,0
2024-07-08T14:30:00,25689,339,555,8,0
2024-07-08T15:30:00,25573,352,559,5,0
2024-07-08T16:30:00,25585,390,559,7,0
2024-07-08T17:30:00,25960,492,554,5,0
2024-07-08T18:30:00,25237,589,552,3,0
2024-07-08T19:30:00,24673,638,559,0,0
2024-07-08T20:30:00,24646,759,560,0,0
2024-07-08T21:30:00,24234,953,561,0,0
2024-07-08T22:30:00,23209,946,560,0,0
2024-07-08T23:30:00,21136,1072,568,0,0
2024-07-09T00:30:00,19797,1093,568,0,0
2024-07-09T01:30:00,19233,1026,565,0,0
2024-07-09T02:30:00,17333,1097,567,0,0
2024-07-09T03:30:00,15602,1029,567,0,0
2024-07-09T04:30:00,16319,946,567,0,0
2024-07-09T05:30:00,18091,816,561,0,0
2024-07-09T06:30:00,19846,650,563,0,0
2024-07-09T07:30:00,21900,547,566,1,0
2024-07-09T08:30:00,23300,420,562,3,0
2024-07-09T09:30:00,23965,447,563,4,0
2024-07-09T10:30:00,24214,649,561,5,0
2024-07-09T11:30:00,23594,830,562,6,0
2024-07-09T12:30:00,24279,1108,565,2,0
2024-07-09T13:30:00,24133,1428,561,2,0
2024-07-09T14:30:00,24241,1274,558,2,0
2024-07-09T15:30:00,24173,1523,561,5,0
2024-07-09T16:30:00,24448,1663,560,7,0
2024-07-09T17:30:00,25051,1242,560,3,0
2024-07-09T18:30:00,24840,1307,560,1,0
2024-07-09T19:30:00,24690,1224,560,0,0
2024-07-09T20:30:00,24325,1387,561,0,0
2024-07-09T21:30:00,23817,1466,560,0,0
2024-07-09T22:30:00,22632,1578,560,0,0
2024-07-09T23:30:00,20943,1623,564,0,0
2024-07-10T00:30:00,18936,1703,565,0,0
2024-07-10T01:30:00,18223,1589,560,0,0
2024-07-10T02:30:00,17520,1517,561,0,0
2024-07-10T03:30:00,16888,1525,560,0,0
2024-07-10T04:30:00,16620,1336,559,0,0
2024-07-10T05:30:00,17512,995,557,0,0
2024-07-10T06:30:00,19496,800,557,0,0
2024-07-10T07:30:00,21141,630,555,1,0
2024-07-10T08:30:00,22293,490,557,4,0
2024-07-10T09:30:00,23460,383,554,4,0
2024-07-10T10:30:00,23782,347,553,2,0
2024-07-10T11:30:00,24285,263,552,2,0
2024-07-10T12:30:00,24078,186,537,1,0
2024-07-10T13:30:00,24241,174,536,0,0
2024-07-10T14:30:00,23920,172,536,0,0
2024-07-10T15:30:00,24368,151,536,0,0
2024-07-10T16:30:00,23875,136,537,1,0
2024-07-10T17:30:00,24805,105,539,0,0
2024-07-10T18:30:00,24271,244,540,0,0
2024-07-10T19:30:00,22951,366,543,0,0
2024-07-10T20:30:00,22339,431,542,0,0
2024-07-10T21:30:00,21574,608,544,0,0
2024-07-10T22:30:00,20205,689,542,0,0
2024-07-10T23:30:00,19119,693,541,0,0
2024-07-11T00:30:00,17799,746,543,0,0
2024-07-11T01:30:00,16863,601,542,0,0
2024-07-11T02:30:00,16978,635,537,0,0
2024-07-11T03:30:00,16006,560,538,0,0
2024-07-11T04:30:00,15333,610,539,0,0
2024-07-11T05:30:00,15977,607,536,0,0
2024-07-11T06:30:00,18935,663,538,0,0
2024-07-11T07:30:00,20099,732,536,0,0
2024-07-11T08:30:00,21385,798,533,1,0
2024-07-11T09:30:00,21494,811,529,1,0
2024-07-11T10:30:00,21897,922,529,1,25
2024-07-11T11:30:00,22801,854,527,2,0
2024-07-11T12:30:00,22277,821,525,2,0
2024-07-11T13:30:00,22089,900,521,2,0
2024-07-11T14:30:00,22327,884,521,1,0
2024-07-11T15:30:00,22466,849,523,1,0
2024-07-11T16:30:00,23242,628,522,1,0
2024-07-11T17:30:00,24113,452,519,1,0
2024-07-11T18:30:00,23590,495,521,1,0
2024-07-11T19:30:00,23836,474,519,0,0
2024-07-11T20:30:00,22997,460,520,0,0
2024-07-11T21:30:00,23061,358,520,0,0
2024-07-11T22:30:00,21037,322,521,0,0
2024-07-11T23:30:00,19503,202,525,0,0
2024-07-12T00:30:00,18842,162,527,0,0
2024-07-12T01:30:00,16814,105,524,0,0
2024-07-12T02:30:00,15158,81,526,0,0
2024-07-12T03:30:00,15072,85,522,0,0
2024-07-12T04:30:00,14705,75,522,0,0
2024-07-12T05:30:00,15716,49,522,0,0
2024-07-12T06:30:00,16675,30,524,0,0
2024-07-12T07:30:00,18983,11,530,1,0
2024-07-12T08:30:00,21659,9,528,4,0
2024-07-12T09:30:00,22817,19,524,4,0
2024-07-12T10:30:00,23226,31,524,5,0
2024-07-12T11:30:00,23591,34,522,3,0
2024-07-12T12:30:00,24019,67,552,8,0
2024-07-12T13:30:00,24662,106,551,9,0
2024-07-12T14:30:00,24536,175,551,4,0
2024-07-12T15:30:00,24466,201,550,5,0
2024-07-12T16:30:00,25238,254,548,5,0
2024-07-12T17:30:00,25473,305,550,4,0
2024-07-12T18:30:00,24901,411,550,1,0
2024-07-12T19:30:00,24541,522,553,0,0
2024-07-12T20:30:00,23618,747,556,0,0
2024-07-12T21:30:00,22567,1126,560,0,0
2024-07-12T22:30:00,20485,1321,561,0,0
2024-07-12T23:30:00,17766,1336,561,0,0
2024-07-13T00:30:00,16502,1354,562,0,0
2024-07-13T01:30:00,14393,1333,556,0,0
2024-07-13T02:30:00,13484,1324,554,0,0
2024-07-13T03:30:00,13317,1280,553,0,0
2024-07-13T04:30:00,13079,1315,551,0,0
2024-07-13T05:30:00,13082,1201,555,0,0
2024-07-13T06:30:00,14269,912,555,0,0
2024-07-13T07:30:00,15534,546,552,2,0
2024-07-13T08:30:00,16974,284,549,3,0
2024-07-13T09:30:00,19321,163,548,5,0
2024-07-13T10:30:00,20527,217,545,7,0
2024-07-13T11:30:00,21518,320,548,8,0
2024-07-13T12:30:00,20767,426,612,9,0
2024-07-13T13:30:00,21476,538,611,9,0
2024-07-13T14:30:00,22204,656,610,9,0
2024-07-13T15:30:00,22918,903,609,8,0
2024-07-13T16:30:00,23376,858,611,6,0
2024-07-13T17:30:00,23855,814,607,5,0
2024-07-13T18:30:00,23749,771,613,3,0
2024-07-13T19:30:00,23328,761,618,0,0
2024-07-13T20:30:00,22749,830,624,0,0
2024-07-13T21:30:00,22065,914,626,0,0
2024-07-13T22:30:00,19251,953,625,0,0
2024-07-13T23:30:00,17566,1087,621,0,0
2024-07-14T00:30:00,15967,1194,624,0,0
2024-07-14T01:30:00,14123,1173,618,0,0
2024-07-14T02:30:00,13698,1135,621,0,0
2024-07-14T03:30:00,13610,1035,621,0,0
2024-07-14T04:30:00,13216,1026,619,0,0
2024-07-14T05:30:00,13105,1076,618,0,0
2024-07-14T06:30:00,13827,966,616,0,0
2024-07-14T07:30:00,14975,731,616,1,0
2024-07-14T08:30:00,16619,496,614,4,0
2024-07-14T09:30:00,18559,308,614,6,0
2024-07-14T10:30:00,19582,326,613,7,0
2024-07-14T11:30:00,19779,497,608,8,0
2024-07-14T12:30:00,20161,761,612,9,0
2024-07-14T13:30:00,21395,972,614,9,0
2024-07-14T14:30:00,22132,913,612,8,0
2024-07-14T15:30:00,22874,913,619,7,0
2024-07-14T16:30:00,23572,882,620,6,0
2024-07-14T17:30:00,23628,1005,618,3,0
2024-07-14T18:30:00,23915,906,613,2,0
2024-07-14T19:30:00,23318,765,615,1,0
2024-07-14T20:30:00,22424,1263,618,0,0
2024-07-14T21:30:00,22370,1330,620,0,0
2024-07-14T22:30:00,21032,1264,628,0,0
2024-07-14T23:30:00,18686,1377,633,0,0
2024-07-15T00:30:00,18232,1200,632,0,0
2024-07-15T01:30:00,16855,1095,627,0,0
2024-07-15T02:30:00,15750,986,629,0,0
2024-07-15T03:30:00,14902,815,630,0,0
2024-07-15T04:30:00,14818,808,629,0,0
2024-07-15T05:30:00,15631,864,630,0,0
2024-07-15T06:30:00,18245,888,630,0,0
2024-07-15T07:30:00,21263,689,632,1,0
2024-07-15T08:30:00,23356,581,631,2,0
2024-07-15T09:30:00,24323,586,630,3,0
2024-07-15T10:30:00,25535,617,626,4,0
2024-07-15T11:30:00,25356,697,628,7,0
2024-07-15T12:30:00,25424,833,624,8,0
2024-07-15T13:30:00,25619,891,623,8,0
2024-07-15T14:30:00,25384,732,625,6,0
2024-07-15T15:30:00,25734,584,624,6,0
2024-07-15T16:30:00,26218,584,626,5,0
2024-07-15T17:30:00,26535,465,625,4,0
2024-07-15T18:30:00,26117,424,625,1,0
2024-07-15T19:30:00,26128,398,626,1,0
2024-07-15T20:30:00,25303,557,627,0,0
2024-07-15T21:30:00,24086,762,627,0,0
2024-07-15T22:30:00,22129,922,628,0,0
2024-07-15T23:30:00,20435,846,627,0,0
2024-07-16T00:30:00,19138,751,628,0,0
2024-07-16T01:30:00,17630,804,612,0,0
2024-07-16T02:30:00,16858,652,609,0,0
2024-07-16T03:30:00,17127,455,607,0,0
2024-07-16T04:30:00,16924,397,607,0,0
2024-07-16T05:30:00,17613,279,606,0,0
2024-07-16T06:30:00,19599,371,608,0,0
2024-07-16T07:30:00,21935,264,612,1,0
2024-07-16T08:30:00,22693,264,609,1,0
2024-07-16T09:30:00,22587,256,606,2,0
2024-07-16T10:30:00,24291,185,601,5,0
2024-07-16T11:30:00,24239,177,602,7,0
2024-07-16T12:30:00,24872,173,573,4,0
2024-07-16T13:30:00,25047,167,579,7,0
2024-07-16T14:30:00,25204,115,584,6,0
2024-07-16T15:30:00,25542,188,585,6,0
2024-07-16T16:30:00,25720,137,588,1,0
2024-07-16T17:30:00,26064,131,588,0,0
2024-07-16T18:30:00,25507,190,588,0,0
2024-07-16T19:30:00,24726,363,588,0,0
2024-07-16T20:30:00,24203,473,590,0,0
2024-07-16T21:30:00,23804,455,590,0,0
2024-07-16T22:30:00,22056,437,590,0,0
2024-07-16T23:30:00,21604,466,591,0,0
2024-07-17T00:30:00,20241,527,591,0,0
2024-07-17T01:30:00,17835,517,589,0,0
2024-07-17T02:30:00,17045,614,588,0,0
2024-07-17T03:30:00,16767,954,582,0,0
2024-07-17T04:30:00,16625,951,580,0,0
2024-07-17T05:30:00,17006,875,581,0,0
2024-07-17T06:30:00,18919,798,582,0,0
2024-07-17T07:30:00,20824,769,583,1,0
2024-07-17T08:30:00,22041,633,581,3,0
2024-07-17T09:30:00,22575,602,578,3,55
2024-07-17T10:30:00,23606,671,584,3,0
2024-07-17T11:30:00,23558,757,584,6,0
2024-07-17T12:30:00,24222,855,582,4,0
2024-07-17T13:30:00,24721,857,574,6,0
2024-07-17T14:30:00,24769,812,576,4,0
2024-07-17T15:30:00,23741,772,581,3,0
2024-07-17T16:30:00,24519,675,580,6,0
2024-07-17T17:30:00,24494,719,580,2,0
2024-07-17T18:30:00,24062,677,580,2,0
2024-07-17T19:30:00,24506,585,579,0,0
2024-07-17T20:30:00,23299,704,578,0,0
2024-07-17T21:30:00,22788,878,581,0,0
2024-07-17T22:30:00,21424,1061,583,0,0
2024-07-17T23:30:00,19416,1093,582,0,0
2024-07-18T00:30:00,17602,1053,582,0,0
2024-07-18T01:30:00,17009,1043,581,0,0
2024-07-18T02:30:00,16714,1031,579,0,0
2024-07-18T03:30:00,16265,963,580,0,0
2024-07-18T04:30:00,16372,888,578,0,0
2024-07-18T05:30:00,16641,783,578,0,0
2024-07-18T06:30:00,18880,543,576,0,0
2024-07-18T07:30:00,20946,422,577,1,0
2024-07-18T08:30:00,21552,389,578,4,0
2024-07-18T09:30:00,21544,411,578,5,0
2024-07-18T10:30:00,20599,749,574,4,0
2024-07-18T11:30:00,20239,903,573,6,0
2024-07-18T12:30:00,19594,1236,584,8,0
2024-07-18T13:30:00,19463,1550,580,6,0
2024-07-18T14:30:00,19456,1540,580,7,0
2024-07-18T15:30:00,19597,1532,577,9,0
2024-07-18T16:30:00,20139,1809,579,3,0
2024-07-18T17:30:00,20219,1780,583,1,0
2024-07-18T18:30:00,20335,1775,584,1,0
2024-07-18T19:30:00,20176,1746,584,0,0
2024-07-18T20:30:00,19638,1717,583,0,0
2024-07-18T21:30:00,19380,1792,584,0,0
2024-07-18T22:30:00,17664,1846,588,0,0
2024-07-18T23:30:00,15060,1891,584,0,0
2024-07-19T00:30:00,14201,1710,587,0,0
2024-07-19T01:30:00,13450,1642,584,0,0
2024-07-19T02:30:00,13859,1635,584,0,0
2024-07-19T03:30:00,13714,1623,575,0,0
2024-07-19T04:30:00,13809,1547,575,0,0
2024-07-19T05:30:00,14063,1510,575,0,0
2024-07-19T06:30:00,14870,1381,575,0,0
2024-07-19T07:30:00,16563,1070,576,1,0
2024-07-19T08:30:00,17714,791,572,3,0
2024-07-19T09:30:00,18416,756,573,5,0
2024-07-19T10:30:00,18286,828,572,7,0
2024-07-19T11:30:00,18147,1026,569,9,0
2024-07-19T12:30:00,17658,1285,569,7,0
2024-07-19T13:30:00,18105,1334,568,9,0
2024-07-19T14:30:00,18217,1247,577,9,0
2024-07-19T15:30:00,19113,1243,575,6,0
2024-07-19T16:30:00,20950,1276,573,5,0
2024-07-19T17:30:00,22441,1188,574,4,0
2024-07-19T18:30:00,21991,1067,576,2,0
2024-07-19T19:30:00,21578,932,579,0,0
2024-07-19T20:30:00,19863,1186,580,0,0
2024-07-19T21:30:00,18492,1469,582,0,0
2024-07-19T22:30:00,16007,1676,583,0,0
2024-07-19T23:30:00,14328,1789,584,0,0
2024-07-20T00:30:00,13191,1909,590,0,0
2024-07-20T01:30:00,12543,2020,589,0,0
2024-07-20T02:30:00,12303,2015,589,0,0
2024-07-20T03:30:00,11986,1979,588,0,0
2024-07-20T04:30:00,12090,1863,588,0,0
2024-07-20T05:30:00,12182,1755,589,0,0
2024-07-20T06:30:00,12945,1518,589,0,0
2024-07-20T07:30:00,14260,1284,589,1,0
2024-07-20T08:30:00,15449,1218,587,4,0
2024-07-20T09:30:00,15948,1510,587,6,0
2024-07-20T10:30:00,15682,1921,587,7,0
2024-07-20T11:30:00,16117,1981,583,8,0
2024-07-20T12:30:00,16119,1929,581,9,0
2024-07-20T13:30:00,16064,1934,584,8,0
2024-07-20T14:30:00,16185,1804,580,8,0
2024-07-20T15:30:00,17294,1781,585,8,0
2024-07-20T16:30:00,18324,1958,587,5,0
2024-07-20T17:30:00,20081,1672,586,4,0
2024-07-20T18:30:00,20226,1506,584,1,0
2024-07-20T19:30:00,19503,1450,585,0,0
2024-07-20T20:30:00,18744,1191,587,0,0
2024-07-20T21:30:00,17762,1249,587,0,0
2024-07-20T22:30:00,14793,1409,588,0,0
2024-07-20T23:30:00,13627,1601,591,0,0
2024-07-21T00:30:00,13300,1465,593,0,0
2024-07-21T01:30:00,13154,1424,592,0,0
2024-07-21T02:30:00,12640,1334,589,0,0
2024-07-21T03:30:00,12504,1304,590,0,0
2024-07-21T04:30:00,12179,1273,589,0,0
2024-07-21T05:30:00,12022,1367,589,0,0
2024-07-21T06:30:00,13001,1239,587,0,0
2024-07-21T07:30:00,13884,1113,586,1,0
2024-07-21T08:30:00,14471,1364,584,4,0
2024-07-21T09:30:00,15404,1450,580,6,0
2024-07-21T10:30:00,15577,1549,571,7,0
2024-07-21T11:30:00,15147,1887,574,5,0
2024-07-21T12:30:00,15084,2019,554,9,0
2024-07-21T13:30:00,15078,2226,549,9,0
2024-07-21T14:30:00,15797,1784,549,9,0
2024-07-21T15:30:00,17011,2326,551,8,0
2024-07-21T16:30:00,17910,2352,553,6,0
2024-07-21T17:30:00,19319,2259,553,5,0
2024-07-21T18:30:00,20234,1707,556,2,0
2024-07-21T19:30:00,20687,1840,557,0,0
2024-07-21T20:30:00,19122,1974,558,0,0
2024-07-21T21:30:00,18163,2325,560,0,0
2024-07-21T22:30:00,15329,2007,559,0,0
2024-07-21T23:30:00,13235,1976,560,0,0
2024-07-22T00:30:00,12261,2331,563,0,0
2024-07-22T01:30:00,11874,2212,562,0,0
2024-07-22T02:30:00,11702,2198,565,0,0
2024-07-22T03:30:00,11862,2072,568,0,0
2024-07-22T04:30:00,11943,2060,567,0,0
2024-07-22T05:30:00,12234,1966,568,0,0
2024-07-22T06:30:00,13425,1858,568,0,0
2024-07-22T07:30:00,15028,1562,568,1,0
2024-07-22T08:30:00,16793,1473,564,4,0
2024-07-22T09:30:00,17748,1445,558,6,0
2024-07-22T10:30:00,17857,1744,559,7,0
2024-07-22T11:30:00,18502,1751,560,8,0
2024-07-22T12:30:00,20352,1827,561,7,0
2024-07-22T13:30:00,20626,1848,562,9,0
2024-07-22T14:30:00,21667,1792,565,9,0
2024-07-22T15:30:00,22073,1746,564,8,0
2024-07-22T16:30:00,22587,1703,568,5,0
2024-07-22T17:30:00,23240,1498,565,5,0
2024-07-22T18:30:00,23196,1110,567,2,0
2024-07-22T19:30:00,23069,831,568,0,0
2024-07-22T20:30:00,22619,807,567,0,0
2024-07-22T21:30:00,21560,835,567,0,0
2024-07-22T22:30:00,19986,813,567,0,0
2024-07-22T23:30:00,17872,732,563,0,0
2024-07-23T00:30:00,16058,629,568,0,0
2024-07-23T01:30:00,15794,509,569,0,0
2024-07-23T02:30:00,15179,506,567,0,0
2024-07-23T03:30:00,14702,486,564,0,0
2024-07-23T04:30:00,15019,422,563,0,0
2024-07-23T05:30:00,15188,407,564,0,0
2024-07-23T06:30:00,16679,306,565,0,0
2024-07-23T07:30:00,18489,166,568,1,0
2024-07-23T08:30:00,19905,74,565,1,0
2024-07-23T09:30:00,20922,39,562,2,0
2024-07-23T10:30:00,21347,21,557,3,0
2024-07-23T11:30:00,22159,25,560,6,0
2024-07-23T12:30:00,23132,37,538,9,0
2024-07-23T13:30:00,23448,57,541,9,0
2024-07-23T14:30:00,23475,50,541,8,0
2024-07-23T15:30:00,23456,46,540,7,0
2024-07-23T16:30:00,24194,35,544,6,0
2024-07-23T17:30:00,24700,27,542,5,0
2024-07-23T18:30:00,24250,25,543,1,0
2024-07-23T19:30:00,24045,39,542,0,0
2024-07-23T20:30:00,23939,50,537,0,0
2024-07-23T21:30:00,22944,57,539,0,0
2024-07-23T22:30:00,21432,56,540,0,0
2024-07-23T23:30:00,18648,61,543,0,0
2024-07-24T00:30:00,15473,66,544,0,0
2024-07-24T01:30:00,15001,58,543,0,0
2024-07-24T02:30:00,14791,53,544,0,0
2024-07-24T03:30:00,14650,47,542,0,0
2024-07-24T04:30:00,14651,64,541,0,0
2024-07-24T05:30:00,14852,85,539,0,0
2024-07-24T06:30:00,15755,98,540,0,0
2024-07-24T07:30:00,17737,88,539,1,0
2024-07-24T08:30:00,18997,67,537,4,0
2024-07-24T09:30:00,20182,76,536,5,0
2024-07-24T10:30:00,20750,113,534,6,0
2024-07-24T11:30:00,22038,151,535,8,0
2024-07-24T12:30:00,22223,191,530,8,0
2024-07-24T13:30:00,22951,221,530,4,0
2024-07-24T14:30:00,22725,339,534,3,0
2024-07-24T15:30:00,22229,444,537,2,0
2024-07-24T16:30:00,22621,478,538,0,0
2024-07-24T17:30:00,23773,477,535,0,0
2024-07-24T18:30:00,23051,588,534,1,0
2024-07-24T19:30:00,22282,696,534,0,0
2024-07-24T20:30:00,21874,871,529,0,0
2024-07-24T21:30:00,20445,1133,531,0,0
2024-07-24T22:30:00,18287,1357,535,0,0
2024-07-24T23:30:00,15720,1501,540,0,0
2024-07-25T00:30:00,14469,1598,538,0,0
2024-07-25T01:30:00,13833,1622,538,0,0
2024-07-25T02:30:00,13636,1662,538,0,0
2024-07-25T03:30:00,13451,1727,536,0,0
2024-07-25T04:30:00,13606,1578,537,0,0
2024-07-25T05:30:00,13829,1652,539,0,0
2024-07-25T06:30:00,14954,1676,540,0,0
2024-07-25T07:30:00,16386,1597,540,1,0
2024-07-25T08:30:00,17917,1628,539,1,0
2024-07-25T09:30:00,18220,1561,534,2,0
2024-07-25T10:30:00,18225,1618,535,1,0
2024-07-25T11:30:00,18366,1673,532,3,0
2024-07-25T12:30:00,18238,1720,518,4,0
2024-07-25T13:30:00,18394,1817,516,4,0
2024-07-25T14:30:00,18695,1991,519,5,0
2024-07-25T15:30:00,19266,1839,524,6,0
2024-07-25T16:30:00,20775,1739,524,2,0
2024-07-25T17:30:00,21323,1626,526,2,0
2024-07-25T18:30:00,21066,1554,529,1,0
2024-07-25T19:30:00,20616,1506,528,0,0
2024-07-25T20:30:00,20733,1281,531,0,0
2024-07-25T21:30:00,18920,1497,532,0,0
2024-07-25T22:30:00,16823,1384,534,0,0
2024-07-25T23:30:00,14969,1418,533,0,0
2024-07-26T00:30:00,14183,1286,535,0,0
2024-07-26T01:30:00,13488,1362,534,0,0
2024-07-26T02:30:00,13092,1427,530,0,0
2024-07-26T03:30:00,12525,1440,535,0,0
2024-07-26T04:30:00,12635,1403,538,0,0
2024-07-26T05:30:00,13103,1347,537,0,0
2024-07-26T06:30:00,14565,1206,537,0,0
2024-07-26T07:30:00,16305,960,535,1,0
2024-07-26T08:30:00,17668,794,535,4,0
2024-07-26T09:30:00,17851,668,532,6,0
2024-07-26T10:30:00,17917,716,531,6,0
2024-07-26T11:30:00,17998,626,534,8,0
2024-07-26T12:30:00,18164,639,547,9,0
2024-07-26T13:30:00,18243,681,548,9,0
2024-07-26T14:30:00,18199,779,548,8,0
2024-07-26T15:30:00,18764,805,549,8,0
2024-07-26T16:30:00,20969,763,551,5,0
2024-07-26T17:30:00,21879,737,553,2,0
2024-07-26T18:30:00,22666,581,557,2,0
2024-07-26T19:30:00,21998,490,555,1,0
2024-07-26T20:30:00,21020,573,556,0,0
2024-07-26T21:30:00,19102,548,558,0,0
2024-07-26T22:30:00,16720,488,560,0,0
2024-07-26T23:30:00,15527,391,565,0,0
2024-07-27T00:30:00,14550,203,565,0,0
2024-07-27T01:30:00,14103,148,565,0,0
2024-07-27T02:30:00,14308,148,568,0,0
2024-07-27T03:30:00,13966,123,561,0,0
2024-07-27T04:30:00,13883,123,556,0,0
2024-07-27T05:30:00,13692,218,558,0,0
2024-07-27T06:30:00,13910,298,556,0,0
2024-07-27T07:30:00,15200,285,557,1,0
2024-07-27T08:30:00,16215,193,556,3,0
2024-07-27T09:30:00,16936,255,547,6,0
2024-07-27T10:30:00,17347,276,546,7,0
2024-07-27T11:30:00,17664,301,544,8,0
2024-07-27T12:30:00,18013,347,561,8,0
2024-07-27T13:30:00,17971,389,558,8,0
2024-07-27T14:30:00,18239,553,561,8,0
2024-07-27T15:30:00,18909,605,562,7,0
2024-07-27T16:30:00,20930,797,564,6,0
2024-07-27T17:30:00,22023,820,567,4,0
2024-07-27T18:30:00,22381,869,567,2,0
2024-07-27T19:30:00,20810,1266,568,0,0
2024-07-27T20:30:00,18896,1628,572,0,0
2024-07-27T21:30:00,17473,1986,573,0,0
2024-07-27T22:30:00,14889,2133,576,0,0
2024-07-27T23:30:00,13573,2224,581,0,0
2024-07-28T00:30:00,12712,2429,582,0,0
2024-07-28T01:30:00,12384,2312,576,0,0
2024-07-28T02:30:00,12297,2252,579,0,0
2024-07-28T03:30:00,11891,2156,579,0,0
2024-07-28T04:30:00,11876,2006,579,0,0
2024-07-28T05:30:00,12141,1753,577,0,0
2024-07-28T06:30:00,12854,1438,573,0,0
2024-07-28T07:30:00,14187,1000,574,1,0
2024-07-28T08:30:00,15902,522,572,4,0
2024-07-28T09:30:00,16815,334,569,5,0
2024-07-28T10:30:00,17364,353,567,7,0
2024-07-28T11:30:00,18130,422,565,8,0
2024-07-28T12:30:00,17967,576,570,8,0
2024-07-28T13:30:00,17992,567,557,8,0
2024-07-28T14:30:00,18865,564,561,8,0
2024-07-28T15:30:00,20192,573,561,7,0
2024-07-28T16:30:00,23214,595,562,6,0
2024-07-28T17:30:00,23759,591,566,4,0
2024-07-28T18:30:00,23987,628,566,2,0
2024-07-28T19:30:00,23454,795,564,0,0
2024-07-28T20:30:00,22154,1044,565,0,0
2024-07-28T21:30:00,20631,1058,561,0,0
2024-07-28T22:30:00,17962,1178,564,0,0
2024-07-28T23:30:00,16592,1193,570,0,0
2024-07-29T00:30:00,14494,1357,570,0,0
2024-07-29T01:30:00,13841,1340,568,0,0
2024-07-29T02:30:00,13804,1091,566,0,0
2024-07-29T03:30:00,13991,751,563,0,0
2024-07-29T04:30:00,13703,585,564,0,0
2024-07-29T05:30:00,14460,480,564,0,0
2024-07-29T06:30:00,15638,425,561,0,0
2024-07-29T07:30:00,18579,253,561,1,0
2024-07-29T08:30:00,19957,117,552,2,0
2024-07-29T09:30:00,21383,54,548,3,0
2024-07-29T10:30:00,22176,108,544,6,0
2024-07-29T11:30:00,23580,175,545,7,0
2024-07-29T12:30:00,23819,255,548,8,0
2024-07-29T13:30:00,23948,415,551,9,0
2024-07-29T14:30:00,24412,451,551,1,0
2024-07-29T15:30:00,23535,453,550,1,0
2024-07-29T16:30:00,23867,463,549,1,0
2024-07-29T17:30:00,24714,456,548,1,0
2024-07-29T18:30:00,25183,395,548,0,0
2024-07-29T19:30:00,24817,399,551,0,0
2024-07-29T20:30:00,24025,771,553,0,0
2024-07-29T21:30:00,23359,883,558,0,0
2024-07-29T22:30:00,20619,1204,560,0,0
2024-07-29T23:30:00,17804,1366,558,0,0
2024-07-30T00:30:00,15896,1387,564,0,0
2024-07-30T01:30:00,14717,1328,568,0,0
2024-07-30T02:30:00,14069,1449,567,0,0
2024-07-30T03:30:00,14200,1372,567,0,0
2024-07-30T04:30:00,14574,1140,564,0,0
2024-07-30T05:30:00,15710,1045,565,0,0
2024-07-30T06:30:00,16657,810,565,0,0
2024-07-30T07:30:00,18459,647,563,0,0
2024-07-30T08:30:00,20702,531,560,0,0
2024-07-30T09:30:00,21746,565,555,1,0
2024-07-30T10:30:00,22338,547,555,1,0
2024-07-30T11:30:00,23282,654,556,1,0
2024-07-30T12:30:00,24116,622,551,1,0
2024-07-30T13:30:00,24229,673,552,1,0
2024-07-30T14:30:00,24765,575,550,1,0
2024-07-30T15:30:00,24451,658,551,1,0
2024-07-30T16:30:00,24408,828,550,1,0
2024-07-30T17:30:00,25077,673,553,1,0
2024-07-30T18:30:00,24735,708,556,0,0
2024-07-30T19:30:00,23756,848,561,0,0
2024-07-30T20:30:00,23487,1041,563,0,0
2024-07-30T21:30:00,22922,1229,563,0,0
2024-07-30T22:30:00,20861,1479,564,0,0
2024-07-30T23:30:00,18817,1680,566,0,0
2024-07-31T00:30:00,17147,1637,568,0,0
2024-07-31T01:30:00,16538,1549,568,0,0
2024-07-31T02:30:00,16215,1431,565,0,0
2024-07-31T03:30:00,15275,1220,565,0,0
2024-07-31T04:30:00,15296,1007,567,0,0
2024-07-31T05:30:00,16352,966,565,0,0
2024-07-31T06:30:00,18115,856,562,0,0
2024-07-31T07:30:00,20191,623,560,0,0
2024-07-31T08:30:00,21679,436,561,0,26
2024-07-31T09:30:00,23118,479,559,0,0
2024-07-31T10:30:00,23968,349,556,0,0
2024-07-31T11:30:00,24289,370,557,0,0
2024-07-31T12:30:00,24622,494,565,1,0
2024-07-31T13:30:00,23917,551,560,1,0
2024-07-31T14:30:00,24148,641,560,1,0
2024-07-31T15:30:00,23993,723,561,0,0
2024-07-31T16:30:00,24466,831,562,0,0
2024-07-31T17:30:00,24902,832,563,0,0
2024-07-31T18:30:00,24616,747,564,0,0
2024-07-31T19:30:00,23699,912,564,0,0
2024-07-31T20:30:00,23100,999,567,0,0
2024-07-31T21:30:00,23666,1053,567,0,0
2024-07-31T22:30:00,22484,1067,567,0,0
2024-07-31T23:30:00,20226,822,569,0,0
2024-08-01T00:30:00,19718,627,566,0,0
2024-08-01T01:30:00,18069,661,563,0,0
2024-08-01T02:30:00,16799,666,563,0,0
2024-08-01T03:30:00,15960,680,552,0,0
2024-08-01T04:30:00,15741,601,552,0,0
2024-08-01T05:30:00,16883,564,553,0,0
2024-08-01T06:30:00,18272,462,554,0,0
2024-08-01T07:30:00,20134,390,549,0,0
2024-08-01T08:30:00,21690,366,548,0,0
2024-08-01T09:30:00,23795,383,550,1,0
2024-08-01T10:30:00,24629,372,551,1,0
2024-08-01T11:30:00,25393,363,548,1,0
2024-08-01T12:30:00,25664,458,537,1,0
2024-08-01T13:30:00,26001,413,537,1,0
2024-08-01T14:30:00,26017,407,537,1,0
2024-08-01T15:30:00,25968,420,539,1,0
2024-08-01T16:30:00,25928,439,540,0,0
2024-08-01T17:30:00,25841,409,539,1,0
2024-08-01T18:30:00,26175,409,541,0,0
2024-08-01T19:30:00,25568,433,536,0,0
2024-08-01T20:30:00,24701,644,537,0,0
2024-08-01T21:30:00,23782,758,537,0,0
2024-08-01T22:30:00,22837,767,537,0,0
2024-08-01T23:30:00,22131,784,540,0,0
2024-08-02T00:30:00,20038,821,541,0,0
2024-08-02T01:30:00,18188,784,535,0,0
2024-08-02T02:30:00,17067,634,539,0,0
2024-08-02T03:30:00,16259,566,537,0,0
2024-08-02T04:30:00,16003,577,537,0,0
2024-08-02T05:30:00,17208,539,538,0,0
2024-08-02T06:30:00,18569,491,538,0,0
2024-08-02T07:30:00,21420,316,536,0,0
2024-08-02T08:30:00,23021,170,535,1,0
2024-08-02T09:30:00,23921,115,534,1,0
2024-08-02T10:30:00,25017,189,532,1,0
2024-08-02T11:30:00,25647,266,532,1,0
2024-08-02T12:30:00,26293,392,573,1,0
2024-08-02T13:30:00,26464,444,573,1,0
2024-08-02T14:30:00,26346,443,572,1,0
2024-08-02T15:30:00,26167,593,573,1,0
2024-08-02T16:30:00,25496,454,575,1,0
2024-08-02T17:30:00,25992,587,574,1,0
2024-08-02T18:30:00,25396,514,577,0,0
2024-08-02T19:30:00,24308,501,576,0,0
2024-08-02T20:30:00,23954,647,581,0,0
2024-08-02T21:30:00,23153,836,582,0,0
2024-08-02T22:30:00,21781,1003,586,0,0
2024-08-02T23:30:00,20390,1059,594,0,0
2024-08-03T00:30:00,17953,1088,593,0,0
2024-08-03T01:30:00,16356,1059,590,0,0
2024-08-03T02:30:00,15343,876,589,0,0
2024-08-03T03:30:00,16111,755,591,0,0
2024-08-03T04:30:00,15709,753,590,0,0
2024-08-03T05:30:00,15335,755,589,0,0
2024-08-03T06:30:00,15305,580,589,0,0
2024-08-03T07:30:00,16673,399,590,0,0
2024-08-03T08:30:00,18743,214,588,0,0
2024-08-03T09:30:00,20848,100,586,0,0
2024-08-03T10:30:00,22255,114,580,0,0
2024-08-03T11:30:00,24683,229,581,0,0
2024-08-03T12:30:00,25237,377,592,0,0
2024-08-03T13:30:00,25846,557,595,0,0
2024-08-03T14:30:00,25489,497,598,0,0
2024-08-03T15:30:00,25103,658,594,0,0
2024-08-03T16:30:00,24884,925,594,0,0
2024-08-03T17:30:00,25092,799,598,0,0
2024-08-03T18:30:00,24632,1052,597,0,0
2024-08-03T19:30:00,23442,1198,600,0,0
2024-08-03T20:30:00,23208,947,599,0,0
2024-08-03T21:30:00,22171,968,602,0,0
2024-08-03T22:30:00,20468,1087,603,0,0
2024-08-03T23:30:00,18153,1095,611,0,0
2024-08-04T00:30:00,17429,1055,608,0,0
2024-08-04T01:30:00,15981,917,608,0,0
2024-08-04T02:30:00,14383,1049,606,0,0
2024-08-04T03:30:00,15226,1007,607,0,0
2024-08-04T04:30:00,15326,1005,606,0,0
2024-08-04T05:30:00,14857,697,607,0,0
2024-08-04T06:30:00,14820,512,607,0,0
2024-08-04T07:30:00,16049,291,609,0,0
2024-08-04T08:30:00,17344,143,607,0,0
2024-08-04T09:30:00,19513,117,608,0,0
2024-08-04T10:30:00,20795,54,610,0,0
2024-08-04T11:30:00,22551,122,608,0,0
2024-08-04T12:30:00,23517,203,579,0,0
2024-08-04T13:30:00,23839,357,582,0,0
2024-08-04T14:30:00,23858,357,582,0,0
2024-08-04T15:30:00,24077,261,583,0,0
2024-08-04T16:30:00,24359,271,579,0,0
2024-08-04T17:30:00,25086,315,581,0,0
2024-08-04T18:30:00,24919,275,582,0,0
2024-08-04T19:30:00,24335,295,582,0,0
2024-08-04T20:30:00,23707,213,588,0,0
2024-08-04T21:30:00,22828,238,588,0,0
2024-08-04T22:30:00,20917,254,587,0,0
2024-08-04T23:30:00,17898,357,592,0,0
2024-08-05T00:30:00,16029,508,591,0,0
2024-08-05T01:30:00,14865,725,592,0,0
2024-08-05T02:30:00,13658,875,587,0,0
2024-08-05T03:30:00,13477,940,589,0,0
2024-08-05T04:30:00,13290,867,587,0,0
2024-08-05T05:30:00,14047,834,587,0,0
2024-08-05T06:30:00,14892,783,588,0,0
2024-08-05T07:30:00,17131,586,586,0,0
2024-08-05T08:30:00,18430,540,585,0,0
2024-08-05T09:30:00,18988,704,583,0,0
2024-08-05T10:30:00,20616,868,579,0,0
2024-08-05T11:30:00,21362,1210,582,0,0
2024-08-05T12:30:00,22698,1369,586,0,0
2024-08-05T13:30:00,23025,1383,569,0,0
2024-08-05T14:30:00,22607,1425,570,0,0
2024-08-05T15:30:00,22250,1381,569,0,0
2024-08-05T16:30:00,23159,1331,569,0,0
2024-08-05T17:30:00,23711,1108,570,0,0
2024-08-05T18:30:00,23907,845,570,0,0
2024-08-05T19:30:00,23907,693,571,0,0
2024-08-05T20:30:00,23414,600,573,0,0
2024-08-05T21:30:00,22588,443,572,0,0
2024-08-05T22:30:00,20055,417,573,0,0
2024-08-05T23:30:00,17932,477,572,0,0
2024-08-06T00:30:00,15924,524,574,0,0
2024-08-06T01:30:00,15192,472,573,0,0
2024-08-06T02:30:00,15098,507,572,0,0
2024-08-06T03:30:00,14683,604,574,0,0
2024-08-06T04:30:00,14075,767,571,0,0
2024-08-06T05:30:00,14409,948,571,0,0
2024-08-06T06:30:00,14825,873,570,0,0
2024-08-06T07:30:00,17792,674,568,0,0
2024-08-06T08:30:00,19931,551,558,0,0
2024-08-06T09:30:00,19734,801,556,0,0
2024-08-06T10:30:00,20065,1049,541,0,0
2024-08-06T11:30:00,21154,1251,549,0,0
2024-08-06T12:30:00,20220,1370,540,0,0
2024-08-06T13:30:00,20461,1531,539,0,0
2024-08-06T14:30:00,20468,1579,546,1,0
2024-08-06T15:30:00,20112,1622,548,1,0
2024-08-06T16:30:00,20701,1674,549,1,0
2024-08-06T17:30:00,20480,1492,549,1,0
2024-08-06T18:30:00,19932,1214,545,0,0
2024-08-06T19:30:00,19443,1030,546,0,0
2024-08-06T20:30:00,19003,1010,550,0,0
2024-08-06T21:30:00,17605,987,552,0,0
2024-08-06T22:30:00,15763,1093,551,0,0
2024-08-06T23:30:00,14660,986,552,0,0
2024-08-07T00:30:00,13845,1111,552,0,0
2024-08-07T01:30:00,14552,1053,550,0,0
2024-08-07T02:30:00,13868,988,550,0,0
2024-08-07T03:30:00,13091,932,544,0,0
2024-08-07T04:30:00,13096,845,545,0,0
2024-08-07T05:30:00,13210,837,545,0,0
2024-08-07T06:30:00,14793,765,542,0,0
2024-08-07T07:30:00,16779,549,540,1,0
2024-08-07T08:30:00,17775,661,541,4,0
2024-08-07T09:30:00,17190,1092,540,6,0
2024-08-07T10:30:00,16485,1270,539,8,0
2024-08-07T11:30:00,16405,1527,538,9,0
2024-08-07T12:30:00,16756,1599,532,9,0
2024-08-07T13:30:00,17107,1533,533,9,0
2024-08-07T14:30:00,17267,1523,533,9,0
2024-08-07T15:30:00,17715,1424,536,8,0
2024-08-07T16:30:00,18614,1336,538,6,0
2024-08-07T17:30:00,19835,1220,538,5,0
2024-08-07T18:30:00,19690,1142,537,2,0
2024-08-07T19:30:00,20395,918,538,0,0
2024-08-07T20:30:00,19495,1054,540,0,0
2024-08-07T21:30:00,17773,1138,536,0,0
2024-08-07T22:30:00,15912,1225,539,0,0
2024-08-07T23:30:00,14060,1201,532,0,0
2024-08-08T00:30:00,13729,1101,535,0,0
2024-08-08T01:30:00,13447,1070,535,0,0
2024-08-08T02:30:00,13380,1019,531,0,0
2024-08-08T03:30:00,13354,927,532,0,0
2024-08-08T04:30:00,13274,781,530,0,0
2024-08-08T05:30:00,13817,630,527,0,0
2024-08-08T06:30:00,14914,591,526,0,0
2024-08-08T07:30:00,17115,481,529,1,0
2024-08-08T08:30:00,18306,390,530,4,0
2024-08-08T09:30:00,19054,341,534,6,0
2024-08-08T10:30:00,19012,335,532,8,0
2024-08-08T11:30:00,19424,335,535,6,0
2024-08-08T12:30:00,19803,394,523,7,0
2024-08-08T13:30:00,19933,555,523,7,0
2024-08-08T14:30:00,20044,501,526,1,0
2024-08-08T15:30:00,20277,389,529,1,0
2024-08-08T16:30:00,21074,342,529,4,0
2024-08-08T17:30:00,22817,224,529,1,0
2024-08-08T18:30:00,22389,237,529,0,0
2024-08-08T19:30:00,22224,255,529,0,0
2024-08-08T20:30:00,21793,445,530,0,0
2024-08-08T21:30:00,19611,607,523,0,0
2024-08-08T22:30:00,17852,761,531,0,0
2024-08-08T23:30:00,16216,1051,533,0,0
2024-08-09T00:30:00,15036,1081,534,0,0
2024-08-09T01:30:00,14717,1028,529,0,0
2024-08-09T02:30:00,13621,818,530,0,0
2024-08-09T03:30:00,13769,789,533,0,0
2024-08-09T04:30:00,13630,804,532,0,0
2024-08-09T05:30:00,14574,907,535,0,0
2024-08-09T06:30:00,16117,927,530,0,0
2024-08-09T07:30:00,17413,902,530,0,0
2024-08-09T08:30:00,19200,799,526,0,0
2024-08-09T09:30:00,20153,898,526,0,0
2024-08-09T10:30:00,20249,1088,525,0,0
2024-08-09T11:30:00,20149,1268,528,0,0
2024-08-09T12:30:00,20394,1330,512,0,0
2024-08-09T13:30:00,20648,1329,513,0,0
2024-08-09T14:30:00,21383,1446,516,0,0
2024-08-09T15:30:00,21515,1442,514,0,0
2024-08-09T16:30:00,21639,1721,515,0,0
2024-08-09T17:30:00,21291,1837,517,0,0
2024-08-09T18:30:00,21094,1857,512,0,0
2024-08-09T19:30:00,21095,1910,522,0,0
2024-08-09T20:30:00,18791,2194,528,0,0
2024-08-09T21:30:00,16309,2273,529,0,0
2024-08-09T22:30:00,15264,2339,529,0,0
2024-08-09T23:30:00,13978,2395,529,0,0
2024-08-10T00:30:00,12754,1964,528,0,0
2024-08-10T01:30:00,12258,2029,527,0,0
2024-08-10T02:30:00,12216,2331,529,0,0
2024-08-10T03:30:00,12859,1946,527,0,0
2024-08-10T04:30:00,12836,1841,529,0,0
2024-08-10T05:30:00,13080,1719,525,0,0
2024-08-10T06:30:00,12625,1801,522,0,0
2024-08-10T07:30:00,13538,1650,522,1,0
2024-08-10T08:30:00,15161,1706,519,2,0
2024-08-10T09:30:00,15978,1512,522,6,0
2024-08-10T10:30:00,16478,1569,526,7,0
2024-08-10T11:30:00,17027,1505,527,7,0
2024-08-10T12:30:00,17316,1448,527,9,0
2024-08-10T13:30:00,17190,1316,537,9,0
2024-08-10T14:30:00,17411,1030,539,8,0
2024-08-10T15:30:00,17708,950,540,8,0
2024-08-10T16:30:00,19282,852,535,7,0
2024-08-10T17:30:00,20170,802,533,2,0
2024-08-10T18:30:00,19979,838,537,1,0
2024-08-10T19:30:00,19499,847,537,0,0
2024-08-10T20:30:00,18266,1085,543,0,0
2024-08-10T21:30:00,16691,1228,542,0,0
2024-08-10T22:30:00,15621,1507,543,0,0
2024-08-10T23:30:00,14842,1640,540,0,0
2024-08-11T00:30:00,14268,1597,541,0,0
2024-08-11T01:30:00,13809,1572,539,0,0
2024-08-11T02:30:00,13607,1464,538,0,0
2024-08-11T03:30:00,13644,1278,535,0,0
2024-08-11T04:30:00,13480,1341,541,0,0
2024-08-11T05:30:00,13457,1395,536,0,0
2024-08-11T06:30:00,13911,1180,535,0,0
2024-08-11T07:30:00,14625,977,534,1,0
2024-08-11T08:30:00,15736,865,537,4,0
2024-08-11T09:30:00,16645,751,533,5,0
2024-08-11T10:30:00,16995,771,530,8,0
2024-08-11T11:30:00,17393,771,529,9,0
2024-08-11T12:30:00,17219,925,568,6,0
2024-08-11T13:30:00,17231,860,573,8,0
2024-08-11T14:30:00,17015,853,571,9,0
2024-08-11T15:30:00,17188,827,571,6,0
2024-08-11T16:30:00,17510,703,572,5,0
2024-08-11T17:30:00,18968,620,569,4,0
2024-08-11T18:30:00,19725,643,572,0,0
2024-08-11T19:30:00,18686,758,574,0,0
2024-08-11T20:30:00,18070,993,575,0,0
2024-08-11T21:30:00,16645,1090,576,0,0
2024-08-11T22:30:00,15596,1061,577,0,0
2024-08-11T23:30:00,14754,1099,576,0,0
2024-08-12T00:30:00,14180,1093,578,0,0
2024-08-12T01:30:00,13943,962,575,0,0
2024-08-12T02:30:00,13881,879,575,0,0
2024-08-12T03:30:00,13930,803,574,0,0
2024-08-12T04:30:00,14121,698,573,0,0
2024-08-12T05:30:00,14632,634,571,0,0
2024-08-12T06:30:00,15642,609,572,0,0
2024-08-12T07:30:00,16944,519,573,1,0
2024-08-12T08:30:00,17775,448,567,1,0
2024-08-12T09:30:00,18140,398,569,2,0
2024-08-12T10:30:00,18076,449,572,2,0
2024-08-12T11:30:00,18193,606,568,3,0
2024-08-12T12:30:00,18237,707,594,5,0
2024-08-12T13:30:00,17904,809,595,9,0
2024-08-12T14:30:00,17961,929,593,7,0
2024-08-12T15:30:00,18608,919,592,4,0
2024-08-12T16:30:00,19050,827,592,0,0
2024-08-12T17:30:00,19833,829,590,4,0
2024-08-12T18:30:00,20528,883,591,1,0
2024-08-12T19:30:00,20135,934,592,0,0
2024-08-12T20:30:00,18994,1180,596,0,0
2024-08-12T21:30:00,17714,1332,595,0,0
2024-08-12T22:30:00,15434,1517,595,0,0
2024-08-12T23:30:00,13711,1514,594,0,0
2024-08-13T00:30:00,13387,1399,593,0,0
2024-08-13T01:30:00,13226,1169,586,0,0
2024-08-13T02:30:00,13472,1129,583,0,0
2024-08-13T03:30:00,13300,1141,575,0,0
2024-08-13T04:30:00,13291,1214,572,0,0
2024-08-13T05:30:00,13240,1142,565,0,0
2024-08-13T06:30:00,14288,1028,561,0,0
2024-08-13T07:30:00,15881,876,556,0,0
2024-08-13T08:30:00,16599,709,557,1,0
2024-08-13T09:30:00,16897,722,560,1,0
2024-08-13T10:30:00,17078,756,553,1,0
2024-08-13T11:30:00,17457,875,556,1,0
2024-08-13T12:30:00,17634,930,553,1,0
2024-08-13T13:30:00,18515,993,558,1,0
2024-08-13T14:30:00,18878,1022,564,1,0
2024-08-13T15:30:00,19994,845,570,1,0
2024-08-13T16:30:00,20676,813,573,1,0
2024-08-13T17:30:00,22968,628,574,1,0
2024-08-13T18:30:00,23313,489,578,0,0
2024-08-13T19:30:00,21921,490,580,0,0
2024-08-13T20:30:00,21437,459,588,0,0
2024-08-13T21:30:00,19554,418,590,0,0
2024-08-13T22:30:00,17897,362,588,0,0
2024-08-13T23:30:00,16353,334,587,0,0
2024-08-14T00:30:00,14802,224,588,0,0
2024-08-14T01:30:00,13825,154,586,0,0
2024-08-14T02:30:00,13526,121,586,0,0
2024-08-14T03:30:00,13416,108,585,0,0
2024-08-14T04:30:00,13588,107,587,0,0
2024-08-14T05:30:00,14103,127,587,0,0
2024-08-14T06:30:00,15852,126,587,0,0
2024-08-14T07:30:00,17393,77,585,0,0
2024-08-14T08:30:00,18414,17,584,1,0
2024-08-14T09:30:00,18567,1,586,1,23
2024-08-14T10:30:00,18239,3,585,1,0
2024-08-14T11:30:00,19559,20,581,1,0
2024-08-14T12:30:00,20203,39,571,1,0
2024-08-14T13:30:00,21245,71,571,1,0
2024-08-14T14:30:00,22306,99,573,1,0
2024-08-14T15:30:00,22616,101,571,1,0
2024-08-14T16:30:00,24298,84,567,0,0
2024-08-14T17:30:00,24678,63,567,0,0
2024-08-14T18:30:00,24494,44,567,0,0
2024-08-14T19:30:00,24267,72,570,0,0
2024-08-14T20:30:00,23855,96,576,0,0
2024-08-14T21:30:00,21652,134,576,0,0
2024-08-14T22:30:00,18856,138,575,0,0
2024-08-14T23:30:00,16940,153,575,0,0
2024-08-15T00:30:00,15577,191,577,0,0
2024-08-15T01:30:00,14214,205,576,0,0
2024-08-15T02:30:00,13689,231,572,0,0
2024-08-15T03:30:00,13606,201,572,0,0
2024-08-15T04:30:00,13723,175,573,0,0
2024-08-15T05:30:00,14054,136,572,0,0
2024-08-15T06:30:00,15120,109,572,0,0
2024-08-15T07:30:00,16461,80,571,0,0
2024-08-15T08:30:00,17385,42,568,0,0
2024-08-15T09:30:00,18741,1,568,0,0
2024-08-15T10:30:00,19616,0,566,0,0
2024-08-15T11:30:00,20261,2,565,0,0
2024-08-15T12:30:00,20578,19,553,6,0
2024-08-15T13:30:00,21536,23,551,7,0
2024-08-15T14:30:00,22572,21,553,6,0
2024-08-15T15:30:00,23529,63,555,5,0
2024-08-15T16:30:00,24947,66,552,4,0
2024-08-15T17:30:00,25539,32,558,2,0
2024-08-15T18:30:00,25101,71,551,1,0
2024-08-15T19:30:00,24474,114,553,0,0
2024-08-15T20:30:00,23232,143,561,0,0
2024-08-15T21:30:00,20716,111,560,0,0
2024-08-15T22:30:00,18851,131,561,0,0
2024-08-15T23:30:00,17812,122,560,0,0
2024-08-16T00:30:00,16055,98,561,0,0
2024-08-16T01:30:00,15057,124,560,0,0
2024-08-16T02:30:00,14165,123,559,0,0
2024-08-16T03:30:00,13918,83,560,0,0
2024-08-16T04:30:00,13938,65,559,0,0
2024-08-16T05:30:00,14377,71,556,0,0
2024-08-16T06:30:00,15651,47,552,0,0
2024-08-16T07:30:00,17157,17,550,0,0
2024-08-16T08:30:00,17874,8,551,2,0
2024-08-16T09:30:00,18873,8,543,3,0
2024-08-16T10:30:00,19223,11,539,6,0
2024-08-16T11:30:00,20364,8,543,7,0
2024-08-16T12:30:00,21306,1,531,7,0
2024-08-16T13:30:00,21727,8,530,7,0
2024-08-16T14:30:00,21151,25,531,7,0
2024-08-16T15:30:00,21838,42,537,6,0
2024-08-16T16:30:00,24318,54,538,5,0
2024-08-16T17:30:00,25285,76,543,3,0
2024-08-16T18:30:00,24941,117,541,1,0
2024-08-16T19:30:00,22790,170,544,0,0
2024-08-16T20:30:00,20874,232,547,0,0
2024-08-16T21:30:00,19353,361,545,0,0
2024-08-16T22:30:00,17531,574,545,0,0
2024-08-16T23:30:00,15632,805,548,0,0
2024-08-17T00:30:00,14796,941,546,0,0
2024-08-17T01:30:00,13985,946,542,0,0
2024-08-17T02:30:00,12925,1017,542,0,0
2024-08-17T03:30:00,12890,910,537,0,0
2024-08-17T04:30:00,12851,879,539,0,0
2024-08-17T05:30:00,13179,756,539,0,0
2024-08-17T06:30:00,13532,678,537,0,0
2024-08-17T07:30:00,14623,508,535,1,0
2024-08-17T08:30:00,15603,356,537,1,0
2024-08-17T09:30:00,17066,207,536,3,0
2024-08-17T10:30:00,17863,126,534,5,0
2024-08-17T11:30:00,19016,131,533,6,0
2024-08-17T12:30:00,19666,175,536,4,0
2024-08-17T13:30:00,19107,229,549,2,0
2024-08-17T14:30:00,18838,260,545,8,0
2024-08-17T15:30:00,19092,289,547,4,0
2024-08-17T16:30:00,19215,336,548,1,0
2024-08-17T17:30:00,20129,348,549,0,0
2024-08-17T18:30:00,19521,367,550,0,0
2024-08-17T19:30:00,18802,548,549,0,0
2024-08-17T20:30:00,18083,739,551,0,0
2024-08-17T21:30:00,17063,907,553,0,0
2024-08-17T22:30:00,15735,955,553,0,0
2024-08-17T23:30:00,14790,1045,555,0,0
2024-08-18T00:30:00,13568,1063,556,0,0
2024-08-18T01:30:00,13336,937,551,0,0
2024-08-18T02:30:00,13065,880,552,0,0
2024-08-18T03:30:00,12968,819,553,0,0
2024-08-18T04:30:00,13648,929,553,0,0
2024-08-18T05:30:00,12626,915,558,0,0
2024-08-18T06:30:00,12868,896,558,0,0
2024-08-18T07:30:00,13713,1045,555,1,0
2024-08-18T08:30:00,14610,1012,555,2,0
2024-08-18T09:30:00,15276,1079,553,4,0
2024-08-18T10:30:00,15961,925,552,1,0
2024-08-18T11:30:00,16550,984,555,5,0
2024-08-18T12:30:00,17480,903,550,8,0
2024-08-18T13:30:00,17581,834,582,5,0
2024-08-18T14:30:00,18277,965,583,6,0
2024-08-18T15:30:00,17322,1200,584,7,0
2024-08-18T16:30:00,17402,1447,581,6,0
2024-08-18T17:30:00,18190,1397,580,1,0
2024-08-18T18:30:00,18664,1576,584,2,0
2024-08-18T19:30:00,17702,1717,582,0,0
2024-08-18T20:30:00,16949,1947,585,0,0
2024-08-18T21:30:00,15559,2112,589,0,0
2024-08-18T22:30:00,14167,2244,587,0,0
2024-08-18T23:30:00,13194,2255,592,0,0
2024-08-19T00:30:00,12670,2136,593,0,0
2024-08-19T01:30:00,12126,2081,590,0,0
2024-08-19T02:30:00,12105,1906,591,0,0
2024-08-19T03:30:00,12313,1807,593,0,0
2024-08-19T04:30:00,12675,1665,593,0,0
2024-08-19T05:30:00,12816,1521,593,0,0
2024-08-19T06:30:00,14034,1539,588,0,0
2024-08-19T07:30:00,15642,1487,591,0,0
2024-08-19T08:30:00,17608,1141,586,1,0
2024-08-19T09:30:00,18327,850,588,1,0
2024-08-19T10:30:00,18387,635,586,1,0
2024-08-19T11:30:00,18808,516,587,1,0
2024-08-19T12:30:00,18552,485,571,0,0
2024-08-19T13:30:00,18641,394,572,0,0
2024-08-19T14:30:00,18633,457,570,1,0
2024-08-19T15:30:00,18015,671,572,1,0
2024-08-19T16:30:00,18762,884,572,0,0
2024-08-19T17:30:00,19638,1112,571,0,0
2024-08-19T18:30:00,19204,1225,569,0,0
2024-08-19T19:30:00,18801,1463,571,0,0
2024-08-19T20:30:00,18185,1504,571,0,0
2024-08-19T21:30:00,16328,1536,571,0,0
2024-08-19T22:30:00,14923,1543,573,0,0
2024-08-19T23:30:00,13767,1501,570,0,0
2024-08-20T00:30:00,13242,1574,571,0,0
2024-08-20T01:30:00,13127,1497,568,0,0
2024-08-20T02:30:00,13107,1443,569,0,0
2024-08-20T03:30:00,13076,1482,570,0,0
2024-08-20T04:30:00,12849,1614,573,0,0
2024-08-20T05:30:00,12988,1379,574,0,0
2024-08-20T06:30:00,13934,1493,573,0,0
2024-08-20T07:30:00,15194,1620,572,0,0
2024-08-20T08:30:00,15138,1738,570,0,0
2024-08-20T09:30:00,15338,1749,568,0,0
2024-08-20T10:30:00,15820,1642,567,2,0
2024-08-20T11:30:00,15744,1595,568,4,0
2024-08-20T12:30:00,15140,1693,575,2,0
2024-08-20T13:30:00,14970,1689,579,4,0
2024-08-20T14:30:00,14919,1783,579,3,0
2024-08-20T15:30:00,15037,1853,581,1,0
2024-08-20T16:30:00,15053,1746,582,1,0
2024-08-20T17:30:00,15502,1751,580,1,0
2024-08-20T18:30:00,15518,1746,580,0,0
2024-08-20T19:30:00,15915,1644,578,0,0
2024-08-20T20:30:00,15352,1674,583,0,0
2024-08-20T21:30:00,15230,1682,587,0,0
2024-08-20T22:30:00,13949,1532,588,0,0
2024-08-20T23:30:00,12969,1516,591,0,0
2024-08-21T00:30:00,12391,1338,587,0,0
2024-08-21T01:30:00,11870,1294,589,0,0
2024-08-21T02:30:00,11748,1177,588,0,0
2024-08-21T03:30:00,11718,1055,585,0,0
2024-08-21T04:30:00,11962,972,584,0,0
2024-08-21T05:30:00,12644,902,584,0,0
2024-08-21T06:30:00,13867,889,584,0,0
2024-08-21T07:30:00,15637,906,585,0,0
2024-08-21T08:30:00,16097,858,584,0,0
2024-08-21T09:30:00,15973,847,581,1,0
2024-08-21T10:30:00,16104,806,580,0,0
2024-08-21T11:30:00,16442,841,583,1,0
2024-08-21T12:30:00,16292,782,631,2,0
2024-08-21T13:30:00,16034,812,627,2,0
2024-08-21T14:30:00,15695,835,628,2,0
2024-08-21T15:30:00,15890,798,629,2,0
2024-08-21T16:30:00,16235,811,628,1,0
2024-08-21T17:30:00,16938,825,627,1,0
2024-08-21T18:30:00,17057,925,628,0,0
2024-08-21T19:30:00,17316,911,627,0,0
2024-08-21T20:30:00,17005,1005,628,0,0
2024-08-21T21:30:00,16000,1086,628,0,0
2024-08-21T22:30:00,14654,1178,631,0,0
2024-08-21T23:30:00,13669,1193,635,0,0
2024-08-22T00:30:00,12616,1171,634,0,0
2024-08-22T01:30:00,12152,1144,632,0,0
2024-08-22T02:30:00,11968,1091,633,0,0
2024-08-22T03:30:00,12101,949,629,0,0
2024-08-22T04:30:00,12155,912,633,0,0
2024-08-22T05:30:00,12611,895,629,0,0
2024-08-22T06:30:00,13859,883,629,0,0
2024-08-22T07:30:00,15785,679,630,1,0
2024-08-22T08:30:00,16939,513,628,1,0
2024-08-22T09:30:00,19518,413,625,0,0
2024-08-22T10:30:00,19636,452,621,2,0
2024-08-22T11:30:00,20115,360,622,2,0
2024-08-22T12:30:00,19726,271,631,1,0
2024-08-22T13:30:00,19589,238,631,2,0
2024-08-22T14:30:00,19413,268,631,2,0
2024-08-22T15:30:00,19464,254,632,4,0
2024-08-22T16:30:00,17495,172,627,2,0
2024-08-22T17:30:00,18314,149,628,1,0
2024-08-22T18:30:00,18064,117,631,0,0
2024-08-22T19:30:00,18473,117,630,0,0
2024-08-22T20:30:00,18153,101,631,0,0
2024-08-22T21:30:00,17185,81,630,0,0
2024-08-22T22:30:00,15840,76,635,0,0
2024-08-22T23:30:00,14703,39,640,0,0
2024-08-23T00:30:00,13811,71,639,0,0
2024-08-23T01:30:00,13277,99,637,0,0
2024-08-23T02:30:00,12997,144,633,0,0
2024-08-23T03:30:00,12861,213,635,0,0
2024-08-23T04:30:00,12824,305,633,0,0
2024-08-23T05:30:00,13443,347,633,0,0
2024-08-23T06:30:00,14389,368,633,0,0
2024-08-23T07:30:00,15756,262,633,1,0
2024-08-23T08:30:00,16374,232,631,4,0
2024-08-23T09:30:00,16747,186,628,6,0
2024-08-23T10:30:00,17081,125,624,7,0
2024-08-23T11:30:00,17237,241,620,8,0
2024-08-23T12:30:00,16993,354,638,9,0
2024-08-23T13:30:00,16780,457,636,8,0
2024-08-23T14:30:00,16993,431,637,9,0
2024-08-23T15:30:00,17317,499,636,7,0
2024-08-23T16:30:00,17800,627,635,6,0
2024-08-23T17:30:00,19001,652,636,5,0
2024-08-23T18:30:00,18629,831,634,1,0
2024-08-23T19:30:00,17762,1105,637,0,0
2024-08-23T20:30:00,16515,1341,638,0,0
2024-08-23T21:30:00,15649,1506,639,0,0
2024-08-23T22:30:00,13820,1780,643,0,0
2024-08-23T23:30:00,12550,1852,642,0,0
2024-08-24T00:30:00,11614,1905,644,0,0
2024-08-24T01:30:00,11220,1902,641,0,0
2024-08-24T02:30:00,11081,1791,641,0,0
2024-08-24T03:30:00,11279,1673,640,0,0
2024-08-24T04:30:00,11403,1525,639,0,0
2024-08-24T05:30:00,11352,1402,637,0,0
2024-08-24T06:30:00,11763,1272,635,0,0
2024-08-24T07:30:00,12885,983,636,1,0
2024-08-24T08:30:00,14405,678,633,4,0
2024-08-24T09:30:00,15380,459,632,5,0
2024-08-24T10:30:00,15932,376,627,7,0
2024-08-24T11:30:00,16179,437,629,8,0
2024-08-24T12:30:00,16094,584,628,8,0
2024-08-24T13:30:00,15704,692,638,7,0
2024-08-24T14:30:00,15367,854,644,6,0
2024-08-24T15:30:00,16024,913,644,8,0
2024-08-24T16:30:00,15961,1016,643,6,0
2024-08-24T17:30:00,17788,994,642,4,0
2024-08-24T18:30:00,18743,901,643,1,0
2024-08-24T19:30:00,18240,1092,644,0,0
2024-08-24T20:30:00,16559,1353,647,0,0
2024-08-24T21:30:00,15313,1316,648,0,0
2024-08-24T22:30:00,14387,1184,650,0,0
2024-08-24T23:30:00,13048,1094,655,0,0
2024-08-25T00:30:00,12630,965,656,0,0
2024-08-25T01:30:00,12405,714,652,0,0
2024-08-25T02:30:00,12284,599,653,0,0
2024-08-25T03:30:00,12298,493,654,0,0
2024-08-25T04:30:00,12276,406,652,0,0
2024-08-25T05:30:00,12494,392,650,0,0
2024-08-25T06:30:00,12722,347,651,0,0
2024-08-25T07:30:00,13587,246,649,1,0
2024-08-25T08:30:00,14639,140,643,1,0
2024-08-25T09:30:00,15585,83,637,2,0
2024-08-25T10:30:00,15999,79,635,7,0
2024-08-25T11:30:00,16558,77,641,8,0
2024-08-25T12:30:00,17093,158,624,6,0
2024-08-25T13:30:00,17926,224,625,5,0
2024-08-25T14:30:00,18323,209,625,5,0
2024-08-25T15:30:00,19450,184,625,3,0
2024-08-25T16:30:00,21360,154,624,3,0
2024-08-25T17:30:00,23217,78,623,0,0
2024-08-25T18:30:00,23596,63,625,1,0
2024-08-25T19:30:00,22801,89,630,0,0
2024-08-25T20:30:00,22838,82,629,0,0
2024-08-25T21:30:00,20409,65,628,0,0
2024-08-25T22:30:00,18572,38,635,0,0
2024-08-25T23:30:00,16120,15,634,0,0
2024-08-26T00:30:00,15010,23,634,0,0
2024-08-26T01:30:00,13622,45,632,0,0
2024-08-26T02:30:00,13324,45,632,0,0
2024-08-26T03:30:00,13150,54,633,0,0
2024-08-26T04:30:00,13313,30,638,0,0
2024-08-26T05:30:00,13845,16,636,0,0
2024-08-26T06:30:00,15518,7,635,0,0
2024-08-26T07:30:00,17183,2,634,1,0
2024-08-26T08:30:00,18304,10,630,1,0
2024-08-26T09:30:00,19740,11,630,3,0
2024-08-26T10:30:00,19961,11,626,7,0
2024-08-26T11:30:00,20883,2,627,8,0
2024-08-26T12:30:00,21520,26,625,9,0
2024-08-26T13:30:00,23057,45,622,9,0
2024-08-26T14:30:00,23743,24,624,8,0
2024-08-26T15:30:00,22891,22,625,5,0
2024-08-26T16:30:00,24255,17,621,6,0
2024-08-26T17:30:00,24900,26,621,4,0
2024-08-26T18:30:00,25156,62,624,1,0
2024-08-26T19:30:00,24542,68,623,0,0
2024-08-26T20:30:00,24160,70,625,0,0
2024-08-26T21:30:00,22076,172,627,0,0
2024-08-26T22:30:00,18785,324,629,0,0
2024-08-26T23:30:00,16808,431,630,0,0
2024-08-27T00:30:00,15870,562,625,0,0
2024-08-27T01:30:00,14221,692,620,0,0
2024-08-27T02:30:00,12834,756,617,0,0
2024-08-27T03:30:00,12672,773,612,0,0
2024-08-27T04:30:00,12903,663,607,0,0
2024-08-27T05:30:00,13641,636,604,0,0
2024-08-27T06:30:00,15527,590,601,0,0
2024-08-27T07:30:00,17034,582,598,1,0
2024-08-27T08:30:00,18149,460,593,3,0
2024-08-27T09:30:00,19306,486,595,5,0
2024-08-27T10:30:00,19582,652,589,7,0
2024-08-27T11:30:00,20528,892,591,7,0
2024-08-27T12:30:00,20637,981,593,7,0
2024-08-27T13:30:00,20995,1130,592,7,0
2024-08-27T14:30:00,20622,1290,592,8,0
2024-08-27T15:30:00,20805,1242,593,3,0
2024-08-27T16:30:00,23489,1314,598,6,0
2024-08-27T17:30:00,23875,1313,599,2,0
2024-08-27T18:30:00,23795,1465,604,1,0
2024-08-27T19:30:00,23600,1689,608,0,0
2024-08-27T20:30:00,22570,1928,613,0,0
2024-08-27T21:30:00,19336,2148,618,0,0
2024-08-27T22:30:00,17360,2234,619,0,0
2024-08-27T23:30:00,16017,2123,622,0,0
2024-08-28T00:30:00,14798,1868,621,0,0
2024-08-28T01:30:00,13500,1705,618,0,0
2024-08-28T02:30:00,12708,1357,620,0,0
2024-08-28T03:30:00,12168,1604,619,0,0
2024-08-28T04:30:00,12263,1710,616,0,0
2024-08-28T05:30:00,13283,1882,618,0,0
2024-08-28T06:30:00,14270,2158,617,0,0
2024-08-28T07:30:00,15115,1999,616,0,0
2024-08-28T08:30:00,16288,2081,616,1,0
2024-08-28T09:30:00,16968,1931,615,3,0
2024-08-28T10:30:00,17457,1890,603,3,0
2024-08-28T11:30:00,17902,1932,601,4,0
2024-08-28T12:30:00,18496,1925,600,6,0
2024-08-28T13:30:00,20270,1450,582,8,0
2024-08-28T14:30:00,21147,1484,584,7,0
2024-08-28T15:30:00,21201,1471,584,5,0
2024-08-28T16:30:00,21525,1397,583,3,0
2024-08-28T17:30:00,22082,1421,583,2,0
2024-08-28T18:30:00,21326,1716,581,1,0
2024-08-28T19:30:00,20853,1854,583,0,0
2024-08-28T20:30:00,20200,1966,585,0,0
2024-08-28T21:30:00,17528,2240,588,0,0
2024-08-28T22:30:00,15559,2232,592,0,0
2024-08-28T23:30:00,15060,2059,592,0,0
2024-08-29T00:30:00,14007,1988,590,0,0
2024-08-29T01:30:00,12780,1829,588,0,0
2024-08-29T02:30:00,12421,1642,588,0,0
2024-08-29T03:30:00,12002,1455,588,0,0
2024-08-29T04:30:00,12133,1354,589,0,0
2024-08-29T05:30:00,13027,1405,589,0,0
2024-08-29T06:30:00,15176,1405,590,0,0
2024-08-29T07:30:00,16787,1138,590,1,0
2024-08-29T08:30:00,17937,998,588,3,0
2024-08-29T09:30:00,17253,961,587,5,0
2024-08-29T10:30:00,17537,702,583,8,0
2024-08-29T11:30:00,17460,640,582,9,0
2024-08-29T12:30:00,18477,579,579,9,0
2024-08-29T13:30:00,19225,489,584,9,0
2024-08-29T14:30:00,19035,367,582,9,0
2024-08-29T15:30:00,18769,328,583,8,0
2024-08-29T16:30:00,19417,220,584,6,0
2024-08-29T17:30:00,20528,192,585,4,0
2024-08-29T18:30:00,20484,173,587,1,0
2024-08-29T19:30:00,20748,253,587,0,0
2024-08-29T20:30:00,19969,209,589,0,0
2024-08-29T21:30:00,18689,177,588,0,0
2024-08-29T22:30:00,16977,192,595,0,0
2024-08-29T23:30:00,14269,241,600,0,0
2024-08-30T00:30:00,13505,319,596,0,0
2024-08-30T01:30:00,13928,332,599,0,0
2024-08-30T02:30:00,13088,416,597,0,0
2024-08-30T03:30:00,13003,444,597,0,0
2024-08-30T04:30:00,12927,516,596,0,0
2024-08-30T05:30:00,13338,572,599,0,0
2024-08-30T06:30:00,15143,588,596,0,0
2024-08-30T07:30:00,15971,580,595,1,0
2024-08-30T08:30:00,16697,384,591,4,0
2024-08-30T09:30:00,17124,187,588,6,0
2024-08-30T10:30:00,17951,120,581,7,0
2024-08-30T11:30:00,18062,158,576,8,0
2024-08-30T12:30:00,18504,206,589,9,0
2024-08-30T13:30:00,18001,348,591,9,0
2024-08-30T14:30:00,17874,518,586,9,0
2024-08-30T15:30:00,17721,765,592,3,0
2024-08-30T16:30:00,19004,913,589,3,0
2024-08-30T17:30:00,19787,1023,590,3,0
2024-08-30T18:30:00,19375,1138,598,1,0
2024-08-30T19:30:00,18526,1767,600,0,0
2024-08-30T20:30:00,16697,2242,598,0,0
2024-08-30T21:30:00,14972,2663,605,0,0
2024-08-30T22:30:00,13818,2760,608,0,0
2024-08-30T23:30:00,12288,2736,610,0,0
2024-08-31T00:30:00,11006,2394,611,0,0
2024-08-31T01:30:00,10987,2625,607,0,0
2024-08-31T02:30:00,10506,2603,610,0,0
2024-08-31T03:30:00,10366,2611,616,0,0
2024-08-31T04:30:00,10566,2486,617,0,0
2024-08-31T05:30:00,10590,2581,620,0,0
2024-08-31T06:30:00,10840,2538,615,0,0
2024-08-31T07:30:00,11760,2498,616,0,0
2024-08-31T08:30:00,12743,2234,615,0,0
2024-08-31T09:30:00,13799,2162,612,1,0
2024-08-31T10:30:00,14762,1988,606,1,0
2024-08-31T11:30:00,15642,2037,606,1,0
2024-08-31T12:30:00,16306,2132,601,1,0
2024-08-31T13:30:00,16086,2287,604,0,0
2024-08-31T14:30:00,16041,2141,606,0,0
2024-08-31T15:30:00,15817,2200,605,0,0
2024-08-31T16:30:00,16387,2083,609,0,0
2024-08-31T17:30:00,17664,1990,608,0,0
2024-08-31T18:30:00,18105,1854,608,0,0
2024-08-31T19:30:00,17836,1828,613,0,0
2024-08-31T20:30:00,16870,1681,615,0,0
2024-08-31T21:30:00,15877,1551,616,0,0
2024-08-31T22:30:00,14663,1386,620,0,0
2024-08-31T23:30:00,12899,1318,622,0,0
2024-09-01T00:30:00,12741,1298,621,0,0
2024-09-01T01:30:00,11809,1265,618,0,0
2024-09-01T02:30:00,11748,1293,617,0,0
2024-09-01T03:30:00,11592,1183,610,0,0
2024-09-01T04:30:00,11609,1123,607,0,0
2024-09-01T05:30:00,11753,963,606,0,0
2024-09-01T06:30:00,11970,1026,607,0,0
2024-09-01T07:30:00,12510,1036,606,1,0
2024-09-01T08:30:00,13724,1107,608,2,0
2024-09-01T09:30:00,14583,1080,608,6,0
2024-09-01T10:30:00,14670,1374,603,4,0
2024-09-01T11:30:00,14707,1772,604,8,0
2024-09-01T12:30:00,15209,1976,584,8,0
2024-09-01T13:30:00,15139,2344,581,5,0
2024-09-01T14:30:00,14700,2565,583,6,0
2024-09-01T15:30:00,14425,2582,585,0,0
2024-09-01T16:30:00,15172,2302,586,0,0
2024-09-01T17:30:00,16613,2283,581,1,0
2024-09-01T18:30:00,16361,2335,581,1,0
2024-09-01T19:30:00,16252,2289,585,0,0
2024-09-01T20:30:00,15082,1794,589,0,0
2024-09-01T21:30:00,14185,2133,592,0,0
2024-09-01T22:30:00,13801,1839,595,0,0
2024-09-01T23:30:00,12842,1613,594,0,0
2024-09-02T00:30:00,12075,1579,599,0,0
2024-09-02T01:30:00,11773,1512,593,0,0
2024-09-02T02:30:00,11888,1383,594,0,0
2024-09-02T03:30:00,11634,1382,597,0,0
2024-09-02T04:30:00,11576,1459,596,0,0
2024-09-02T05:30:00,11462,1521,597,0,0
2024-09-02T06:30:00,12125,1382,599,0,0
2024-09-02T07:30:00,12950,1102,596,0,0
2024-09-02T08:30:00,14138,790,595,4,0
2024-09-02T09:30:00,14496,964,594,6,0
2024-09-02T10:30:00,14937,1169,589,7,0
2024-09-02T11:30:00,14854,1408,592,6,0
2024-09-02T12:30:00,14547,1646,592,3,0
2024-09-02T13:30:00,14220,1622,604,4,0
2024-09-02T14:30:00,13910,1800,605,3,0
2024-09-02T15:30:00,13615,1942,603,4,0
2024-09-02T16:30:00,14239,1870,604,6,0
2024-09-02T17:30:00,15358,1694,600,4,0
2024-09-02T18:30:00,15953,1808,603,1,0
2024-09-02T19:30:00,15409,1945,604,0,0
2024-09-02T20:30:00,15342,2053,606,0,0
2024-09-02T21:30:00,13823,2160,609,0,0
2024-09-02T22:30:00,12511,2236,610,0,0
2024-09-02T23:30:00,11534,2197,608,0,0
2024-09-03T00:30:00,11117,2111,611,0,0
2024-09-03T01:30:00,10802,2126,607,0,0
2024-09-03T02:30:00,10581,2190,606,0,0
2024-09-03T03:30:00,10663,2244,609,0,0
2024-09-03T04:30:00,10797,2283,605,0,0
2024-09-03T05:30:00,11681,2269,606,0,0
2024-09-03T06:30:00,13247,2358,602,0,0
2024-09-03T07:30:00,14586,2263,602,1,0
2024-09-03T08:30:00,14991,2148,601,4,0
2024-09-03T09:30:00,14786,2167,603,6,0
2024-09-03T10:30:00,14407,2312,600,6,0
2024-09-03T11:30:00,14502,2329,599,7,0
2024-09-03T12:30:00,14604,1929,599,9,0
2024-09-03T13:30:00,14520,2282,619,7,0
2024-09-03T14:30:00,14336,2222,617,9,0
2024-09-03T15:30:00,13980,1968,618,8,0
2024-09-03T16:30:00,15441,2076,619,4,0
2024-09-03T17:30:00,17007,1882,615,3,0
2024-09-03T18:30:00,17667,1847,612,1,0
2024-09-03T19:30:00,17625,2033,616,0,0
2024-09-03T20:30:00,17062,1984,622,0,0
2024-09-03T21:30:00,14494,1964,622,0,0
2024-09-03T22:30:00,13509,1947,624,0,0
2024-09-03T23:30:00,12502,1897,621,0,0
2024-09-04T00:30:00,11851,1801,624,0,0
2024-09-04T01:30:00,11677,1690,625,0,0
2024-09-04T02:30:00,11837,1511,624,0,0
2024-09-04T03:30:00,11755,1469,621,0,0
2024-09-04T04:30:00,11733,1443,620,0,0
2024-09-04T05:30:00,12357,1412,619,0,0
2024-09-04T06:30:00,13970,1264,617,0,0
2024-09-04T07:30:00,15821,973,617,1,0
2024-09-04T08:30:00,16541,611,619,3,0
2024-09-04T09:30:00,16707,421,618,6,0
2024-09-04T10:30:00,16451,444,616,7,0
2024-09-04T11:30:00,16363,757,610,8,0
2024-09-04T12:30:00,16008,1040,609,9,0
2024-09-04T13:30:00,16292,961,610,9,0
2024-09-04T14:30:00,16458,927,610,8,0
2024-09-04T15:30:00,16331,915,609,7,0
2024-09-04T16:30:00,17874,919,611,6,0
2024-09-04T17:30:00,20014,986,610,4,0
2024-09-04T18:30:00,20249,1255,609,1,0
2024-09-04T19:30:00,19729,1799,607,0,0
2024-09-04T20:30:00,18934,2188,610,0,0
2024-09-04T21:30:00,16802,2370,616,0,0
2024-09-04T22:30:00,14097,2531,619,0,0
2024-09-04T23:30:00,12308,2542,618,0,0
2024-09-05T00:30:00,11153,2467,618,0,0
2024-09-05T01:30:00,10772,2368,611,0,0
2024-09-05T02:30:00,10971,2286,616,0,0
2024-09-05T03:30:00,10990,2215,612,0,0
2024-09-05T04:30:00,11023,2121,610,0,0
2024-09-05T05:30:00,11355,2157,610,0,0
2024-09-05T06:30:00,12899,2223,607,0,0
2024-09-05T07:30:00,14963,2017,609,1,0
2024-09-05T08:30:00,15462,1545,611,3,0
2024-09-05T09:30:00,15755,1130,606,6,0
2024-09-05T10:30:00,16012,1013,604,7,0
2024-09-05T11:30:00,16287,956,601,8,0
2024-09-05T12:30:00,16222,928,606,9,0
2024-09-05T13:30:00,16469,877,590,9,0
2024-09-05T14:30:00,16377,997,587,8,0
2024-09-05T15:30:00,17431,861,586,7,0
2024-09-05T16:30:00,18314,932,586,6,0
2024-09-05T17:30:00,20260,961,585,4,0
2024-09-05T18:30:00,20148,1132,586,1,0
2024-09-05T19:30:00,19528,1480,589,0,0
2024-09-05T20:30:00,18505,1686,590,0,0
2024-09-05T21:30:00,16114,1920,593,0,0
2024-09-05T22:30:00,13877,1924,596,0,0
2024-09-05T23:30:00,12594,1904,595,0,0
2024-09-06T00:30:00,11891,1992,595,0,0
2024-09-06T01:30:00,11974,1790,595,0,0
2024-09-06T02:30:00,11986,1645,592,0,0
2024-09-06T03:30:00,12036,1454,589,0,0
2024-09-06T04:30:00,11957,1408,588,0,0
2024-09-06T05:30:00,12306,1331,588,0,0
2024-09-06T06:30:00,13505,1354,586,0,0
2024-09-06T07:30:00,15329,1111,587,1,0
2024-09-06T08:30:00,16235,769,586,3,0
2024-09-06T09:30:00,16724,611,590,6,0
2024-09-06T10:30:00,16973,721,588,7,0
2024-09-06T11:30:00,16549,900,578,9,0
2024-09-06T12:30:00,16126,1051,574,9,0
2024-09-06T13:30:00,15963,1187,570,8,0
2024-09-06T14:30:00,15807,1215,574,9,0
2024-09-06T15:30:00,15494,1412,578,7,0
2024-09-06T16:30:00,16823,1544,576,6,0
2024-09-06T17:30:00,17639,1515,577,4,0
2024-09-06T18:30:00,17550,1406,572,1,0
2024-09-06T19:30:00,17032,1816,576,0,0
2024-09-06T20:30:00,15778,2064,580,0,0
2024-09-06T21:30:00,13975,2130,580,0,0
2024-09-06T22:30:00,13272,2037,587,0,0
2024-09-06T23:30:00,12432,1925,585,0,0
2024-09-07T00:30:00,12374,1726,584,0,0
2024-09-07T01:30:00,11846,1448,583,0,0
2024-09-07T02:30:00,12135,1264,580,0,0
2024-09-07T03:30:00,11650,1095,578,0,0
2024-09-07T04:30:00,11949,1049,580,0,0
2024-09-07T05:30:00,11625,1270,580,0,0
2024-09-07T06:30:00,12028,1265,580,0,0
2024-09-07T07:30:00,12928,1298,571,0,0
2024-09-07T08:30:00,14241,1238,569,1,0
2024-09-07T09:30:00,14790,1187,575,6,0
2024-09-07T10:30:00,15289,1452,570,8,0
2024-09-07T11:30:00,16090,1351,568,8,0
2024-09-07T12:30:00,15747,1200,559,6,0
2024-09-07T13:30:00,15609,1282,564,3,0
2024-09-07T14:30:00,15397,1577,563,0,0
2024-09-07T15:30:00,13980,1739,559,0,0
2024-09-07T16:30:00,14760,1723,560,0,0
2024-09-07T17:30:00,15397,1843,558,0,0
2024-09-07T18:30:00,15088,1994,561,0,0
2024-09-07T19:30:00,15036,1857,562,0,0
2024-09-07T20:30:00,14600,1666,568,0,0
2024-09-07T21:30:00,14235,1562,573,0,0
2024-09-07T22:30:00,13184,1510,579,0,0
2024-09-07T23:30:00,12678,1394,575,0,0
2024-09-08T00:30:00,12409,1155,584,0,0
2024-09-08T01:30:00,12128,1124,572,0,0
2024-09-08T02:30:00,11799,1122,572,0,0
2024-09-08T03:30:00,11661,1008,572,0,0
2024-09-08T04:30:00,11691,941,570,0,0
2024-09-08T05:30:00,11899,999,570,0,0
2024-09-08T06:30:00,12288,1174,569,0,0
2024-09-08T07:30:00,12843,1381,569,0,0
2024-09-08T08:30:00,13410,1797,568,3,0
2024-09-08T09:30:00,14141,1902,569,3,0
2024-09-08T10:30:00,14625,1753,564,4,0
2024-09-08T11:30:00,14703,1649,561,3,0
2024-09-08T12:30:00,14674,1746,562,3,0
2024-09-08T13:30:00,14265,1753,553,4,0
2024-09-08T14:30:00,14060,1980,553,1,0
2024-09-08T15:30:00,14156,1842,554,3,0
2024-09-08T16:30:00,14586,1765,555,1,0
2024-09-08T17:30:00,15906,1652,564,1,0
2024-09-08T18:30:00,16878,1689,566,0,0
2024-09-08T19:30:00,16901,1736,562,0,0
2024-09-08T20:30:00,15444,1921,566,0,0
2024-09-08T21:30:00,13748,2127,564,0,0
2024-09-08T22:30:00,12402,2272,568,0,0
2024-09-08T23:30:00,11421,2405,573,0,0
2024-09-09T00:30:00,10826,2397,572,0,0
2024-09-09T01:30:00,10609,2346,573,0,0
2024-09-09T02:30:00,10539,2073,571,0,0
2024-09-09T03:30:00,10760,2007,568,0,0
2024-09-09T04:30:00,11125,1947,567,0,0
2024-09-09T05:30:00,11513,2094,567,0,0
2024-09-09T06:30:00,13100,2054,567,0,0
2024-09-09T07:30:00,14355,2096,568,0,0
2024-09-09T08:30:00,14536,2076,572,3,0
2024-09-09T09:30:00,14478,2003,570,5,0
2024-09-09T10:30:00,14506,1836,567,7,0
2024-09-09T11:30:00,14759,1781,567,8,0
2024-09-09T12:30:00,14882,1596,570,7,0
2024-09-09T13:30:00,14906,1450,571,7,0
2024-09-09T14:30:00,14760,1439,567,6,0
2024-09-09T15:30:00,14698,1505,567,7,0
2024-09-09T16:30:00,15627,1480,571,5,0
2024-09-09T17:30:00,17432,1501,572,2,0
2024-09-09T18:30:00,17741,1310,571,1,0
2024-09-09T19:30:00,17797,1445,571,0,0
2024-09-09T20:30:00,17189,1756,573,0,0
2024-09-09T21:30:00,14505,1518,572,0,0
2024-09-09T22:30:00,13446,1408,582,0,0
2024-09-09T23:30:00,12377,1540,577,0,0
2024-09-10T00:30:00,12039,1399,575,0,0
2024-09-10T01:30:00,11735,1282,532,0,0
2024-09-10T02:30:00,11523,1236,531,0,0
2024-09-10T03:30:00,11619,1188,532,0,0
2024-09-10T04:30:00,11697,1146,535,0,0
2024-09-10T05:30:00,12435,1116,535,0,0
2024-09-10T06:30:00,14366,1008,535,0,0
2024-09-10T07:30:00,16043,988,537,0,0
2024-09-10T08:30:00,15855,806,537,2,0
2024-09-10T09:30:00,15802,829,536,6,0
2024-09-10T10:30:00,15627,835,532,7,0
2024-09-10T11:30:00,15781,795,531,8,0
2024-09-10T12:30:00,15579,758,525,9,0
2024-09-10T13:30:00,15421,830,526,9,0
2024-09-10T14:30:00,15178,970,528,9,0
2024-09-10T15:30:00,15033,980,528,8,0
2024-09-10T16:30:00,16550,976,526,6,0
2024-09-10T17:30:00,18339,979,526,3,0
2024-09-10T18:30:00,19243,913,527,1,0
2024-09-10T19:30:00,19259,1025,524,0,0
2024-09-10T20:30:00,18716,1056,531,0,0
2024-09-10T21:30:00,16595,731,532,0,0
2024-09-10T22:30:00,14155,666,536,0,0
2024-09-10T23:30:00,13315,738,531,0,0
2024-09-11T00:30:00,12866,771,531,0,0
2024-09-11T01:30:00,12580,685,574,0,0
2024-09-11T02:30:00,12448,678,576,0,0
2024-09-11T03:30:00,12241,777,572,0,0
2024-09-11T04:30:00,12490,824,570,0,0
2024-09-11T05:30:00,12988,865,570,0,0
2024-09-11T06:30:00,15508,1043,571,0,0
2024-09-11T07:30:00,16433,927,571,0,0
2024-09-11T08:30:00,15889,578,574,3,0
2024-09-11T09:30:00,15994,360,569,6,25
2024-09-11T10:30:00,16304,306,566,7,0
2024-09-11T11:30:00,16262,374,566,8,0
2024-09-11T12:30:00,16066,475,560,9,0
2024-09-11T13:30:00,16245,511,560,8,0
2024-09-11T14:30:00,16115,514,560,6,0
2024-09-11T15:30:00,16791,491,559,7,0
2024-09-11T16:30:00,19144,379,560,5,0
2024-09-11T17:30:00,20782,355,559,3,0
2024-09-11T18:30:00,20871,413,558,1,0
2024-09-11T19:30:00,20634,617,558,0,0
2024-09-11T20:30:00,19053,719,565,0,0
2024-09-11T21:30:00,16741,805,566,0,0
2024-09-11T22:30:00,15146,761,568,0,0
2024-09-11T23:30:00,13873,750,568,0,0
2024-09-12T00:30:00,13435,802,564,0,0
2024-09-12T01:30:00,13088,735,563,0,0
2024-09-12T02:30:00,13097,704,563,0,0
2024-09-12T03:30:00,12710,639,562,0,0
2024-09-12T04:30:00,13739,537,561,0,0
2024-09-12T05:30:00,13831,469,561,0,0
2024-09-12T06:30:00,15324,400,561,0,0
2024-09-12T07:30:00,16932,394,561,0,0
2024-09-12T08:30:00,16281,337,561,1,0
2024-09-12T09:30:00,16219,272,562,2,0
2024-09-12T10:30:00,16503,175,561,3,0
2024-09-12T11:30:00,16923,156,561,4,0
2024-09-12T12:30:00,16769,156,557,8,0
2024-09-12T13:30:00,17056,153,558,8,0
2024-09-12T14:30:00,17614,147,558,8,0
2024-09-12T15:30:00,18838,179,560,5,0
2024-09-12T16:30:00,20718,209,556,4,0
2024-09-12T17:30:00,22612,218,556,1,0
2024-09-12T18:30:00,22956,243,557,1,0
2024-09-12T19:30:00,21386,397,554,0,0
2024-09-12T20:30:00,19841,607,559,0,0
2024-09-12T21:30:00,17179,711,556,0,0
2024-09-12T22:30:00,15445,772,554,0,0
2024-09-12T23:30:00,14826,769,555,0,0
2024-09-13T00:30:00,13547,778,553,0,0
2024-09-13T01:30:00,13128,741,554,0,0
2024-09-13T02:30:00,12946,656,556,0,0
2024-09-13T03:30:00,13543,578,554,0,0
2024-09-13T04:30:00,12910,615,555,0,0
2024-09-13T05:30:00,13362,623,555,0,0
2024-09-13T06:30:00,14840,597,554,0,0
2024-09-13T07:30:00,16019,561,556,0,0
2024-09-13T08:30:00,16204,485,556,3,0
2024-09-13T09:30:00,16588,343,557,5,0
2024-09-13T10:30:00,16806,393,557,7,0
2024-09-13T11:30:00,16891,404,554,8,0
2024-09-13T12:30:00,17876,423,552,8,0
2024-09-13T13:30:00,17962,502,555,8,0
2024-09-13T14:30:00,19031,611,550,8,0
2024-09-13T15:30:00,19761,597,548,7,0
2024-09-13T16:30:00,20727,597,549,5,0
2024-09-13T17:30:00,22096,530,551,1,0
2024-09-13T18:30:00,22446,581,551,0,0
2024-09-13T19:30:00,21510,747,553,0,0
2024-09-13T20:30:00,19619,911,554,0,0
2024-09-13T21:30:00,17513,846,555,0,0
2024-09-13T22:30:00,16190,824,557,0,0
2024-09-13T23:30:00,14665,663,556,0,0
2024-09-14T00:30:00,13967,533,557,0,0
2024-09-14T01:30:00,13571,372,557,0,0
2024-09-14T02:30:00,13252,335,555,0,0
2024-09-14T03:30:00,13097,335,557,0,0
2024-09-14T04:30:00,13127,253,558,0,0
2024-09-14T05:30:00,13482,208,558,0,0
2024-09-14T06:30:00,13920,273,558,0,0
2024-09-14T07:30:00,14965,282,558,0,0
2024-09-14T08:30:00,15466,183,559,1,0
2024-09-14T09:30:00,16102,126,560,2,0
2024-09-14T10:30:00,16703,94,558,3,0
2024-09-14T11:30:00,16706,110,553,3,0
2024-09-14T12:30:00,16940,123,553,6,0
2024-09-14T13:30:00,17142,118,553,6,0
2024-09-14T14:30:00,18165,128,552,6,0
2024-09-14T15:30:00,18887,111,557,5,0
2024-09-14T16:30:00,19399,116,558,4,0
2024-09-14T17:30:00,20311,175,557,1,0
2024-09-14T18:30:00,20880,217,555,0,0
2024-09-14T19:30:00,20280,260,560,0,0
2024-09-14T20:30:00,18420,278,563,0,0
2024-09-14T21:30:00,17408,319,565,0,0
2024-09-14T22:30:00,15482,438,567,0,0
2024-09-14T23:30:00,14554,478,573,0,0
2024-09-15T00:30:00,13678,496,570,0,0
2024-09-15T01:30:00,13098,453,570,0,0
2024-09-15T02:30:00,13003,467,571,0,0
2024-09-15T03:30:00,12921,581,571,0,0
2024-09-15T04:30:00,12608,658,566,0,0
2024-09-15T05:30:00,13060,574,564,0,0
2024-09-15T06:30:00,13224,501,568,0,0
2024-09-15T07:30:00,13865,415,570,0,0
2024-09-15T08:30:00,14902,276,570,2,0
2024-09-15T09:30:00,15908,112,566,2,0
2024-09-15T10:30:00,16287,52,566,5,0
2024-09-15T11:30:00,16920,86,565,6,0
2024-09-15T12:30:00,17029,135,556,6,0
2024-09-15T13:30:00,16962,188,564,6,0
2024-09-15T14:30:00,17529,261,565,6,0
2024-09-15T15:30:00,18776,318,570,5,0
2024-09-15T16:30:00,19699,325,574,4,0
2024-09-15T17:30:00,20170,369,574,1,0
2024-09-15T18:30:00,21541,663,574,0,0
2024-09-15T19:30:00,20077,970,576,0,0
2024-09-15T20:30:00,19075,1202,577,0,0
2024-09-15T21:30:00,17158,1404,579,0,0
2024-09-15T22:30:00,15080,1617,579,0,0
2024-09-15T23:30:00,13824,1681,582,0,0
2024-09-16T00:30:00,12759,1701,583,0,0
2024-09-16T01:30:00,12229,1659,583,0,0
2024-09-16T02:30:00,11680,1808,587,0,0
2024-09-16T03:30:00,11451,1819,586,0,0
2024-09-16T04:30:00,11464,1833,584,0,0
2024-09-16T05:30:00,12046,1884,581,0,0
2024-09-16T06:30:00,13597,2000,581,0,0
2024-09-16T07:30:00,15296,1943,581,0,0
2024-09-16T08:30:00,15720,1585,578,2,0
2024-09-16T09:30:00,16242,1342,580,4,0
2024-09-16T10:30:00,17188,1441,577,5,0
2024-09-16T11:30:00,17889,1720,578,6,0
2024-09-16T12:30:00,17790,1779,573,6,0
2024-09-16T13:30:00,18425,1875,563,6,0
2024-09-16T14:30:00,18280,2088,567,6,0
2024-09-16T15:30:00,18706,2067,521,5,0
2024-09-16T16:30:00,19714,2161,521,4,0
2024-09-16T17:30:00,22485,2007,519,1,0
2024-09-16T18:30:00,22405,2011,518,0,0
2024-09-16T19:30:00,20491,2210,518,0,0
2024-09-16T20:30:00,19225,2256,520,0,0
2024-09-16T21:30:00,17253,2247,521,0,0
2024-09-16T22:30:00,15745,2294,529,0,0
2024-09-16T23:30:00,13632,2317,531,0,0
2024-09-17T00:30:00,12385,2290,531,0,0
2024-09-17T01:30:00,11751,2289,530,0,0
2024-09-17T02:30:00,11644,2152,529,0,0
2024-09-17T03:30:00,11324,2184,529,0,0
2024-09-17T04:30:00,11548,2014,526,0,0
2024-09-17T05:30:00,12251,2008,525,0,0
2024-09-17T06:30:00,13787,1974,522,0,0
2024-09-17T07:30:00,15785,1845,524,0,0
2024-09-17T08:30:00,16614,1531,520,2,0
2024-09-17T09:30:00,16776,1330,519,4,0
2024-09-17T10:30:00,16805,1303,510,5,0
2024-09-17T11:30:00,17061,1393,512,4,0
2024-09-17T12:30:00,17775,1413,489,6,0
2024-09-17T13:30:00,18257,1402,488,6,0
2024-09-17T14:30:00,18984,1179,491,6,0
2024-09-17T15:30:00,20011,1145,486,4,0
2024-09-17T16:30:00,21258,1153,491,4,0
2024-09-17T17:30:00,22506,923,491,1,0
2024-09-17T18:30:00,22184,956,490,0,0
2024-09-17T19:30:00,21610,1127,489,0,0
2024-09-17T20:30:00,20091,1273,494,0,0
2024-09-17T21:30:00,17850,1304,493,0,0
2024-09-17T22:30:00,16582,1132,497,0,0
2024-09-17T23:30:00,15220,1084,493,0,0
2024-09-18T00:30:00,13484,1116,491,0,0
2024-09-18T01:30:00,13098,920,490,0,0
2024-09-18T02:30:00,13048,680,489,0,0
2024-09-18T03:30:00,13232,518,486,0,0
2024-09-18T04:30:00,13243,456,487,0,0
2024-09-18T05:30:00,13981,376,486,0,0
2024-09-18T06:30:00,15396,406,488,0,0
2024-09-18T07:30:00,17085,372,487,0,0
2024-09-18T08:30:00,17655,266,528,1,0
2024-09-18T09:30:00,18042,167,529,4,0
2024-09-18T10:30:00,18075,175,525,6,0
2024-09-18T11:30:00,18493,264,525,6,0
2024-09-18T12:30:00,18838,392,512,8,0
2024-09-18T13:30:00,19357,463,513,8,0
2024-09-18T14:30:00,19766,412,516,7,0
2024-09-18T15:30:00,19831,428,514,6,0
2024-09-18T16:30:00,20052,424,513,4,0
2024-09-18T17:30:00,22112,437,511,1,0
2024-09-18T18:30:00,21999,620,511,0,0
2024-09-18T19:30:00,20859,846,513,0,0
2024-09-18T20:30:00,19321,1002,515,0,0
2024-09-18T21:30:00,18006,883,517,0,0
2024-09-18T22:30:00,16236,824,520,0,0
2024-09-18T23:30:00,14745,690,518,0,0
2024-09-19T00:30:00,14007,637,516,0,0
2024-09-19T01:30:00,13718,480,523,0,0
2024-09-19T02:30:00,13591,360,522,0,0
2024-09-19T03:30:00,13410,298,518,0,0
2024-09-19T04:30:00,13434,315,523,0,0
2024-09-19T05:30:00,14242,248,523,0,0
2024-09-19T06:30:00,16228,264,519,0,0
2024-09-19T07:30:00,17864,279,516,0,0
2024-09-19T08:30:00,17718,193,519,1,0
2024-09-19T09:30:00,17800,159,517,6,0
2024-09-19T10:30:00,18268,119,517,2,0
2024-09-19T11:30:00,18292,113,518,4,0
2024-09-19T12:30:00,18440,146,505,7,0
2024-09-19T13:30:00,19877,161,507,6,0
2024-09-19T14:30:00,19797,215,508,5,0
2024-09-19T15:30:00,20258,273,505,3,0
2024-09-19T16:30:00,20625,248,506,2,0
2024-09-19T17:30:00,21891,266,508,1,0
2024-09-19T18:30:00,22166,377,510,0,0
2024-09-19T19:30:00,22022,699,516,0,0
2024-09-19T20:30:00,20455,737,518,0,0
2024-09-19T21:30:00,18288,851,518,0,0
2024-09-19T22:30:00,17074,764,518,0,0
2024-09-19T23:30:00,15111,762,522,0,0
2024-09-20T00:30:00,14043,806,523,0,0
2024-09-20T01:30:00,13467,790,522,0,0
2024-09-20T02:30:00,13203,782,521,0,0
2024-09-20T03:30:00,13011,678,520,0,0
2024-09-20T04:30:00,13069,639,522,0,0
2024-09-20T05:30:00,13768,593,522,0,0
2024-09-20T06:30:00,14811,683,521,0,0
2024-09-20T07:30:00,16139,611,521,0,0
2024-09-20T08:30:00,16962,446,520,2,0
2024-09-20T09:30:00,16955,308,519,5,0
2024-09-20T10:30:00,17789,269,519,5,0
2024-09-20T11:30:00,18407,279,521,8,0
2024-09-20T12:30:00,18651,312,514,8,0
2024-09-20T13:30:00,19280,308,510,8,0
2024-09-20T14:30:00,19924,341,513,8,0
2024-09-20T15:30:00,20523,336,515,7,0
2024-09-20T16:30:00,19701,400,515,2,0
2024-09-20T17:30:00,20847,427,512,1,0
2024-09-20T18:30:00,20279,544,512,0,0
2024-09-20T19:30:00,20149,836,516,0,0
2024-09-20T20:30:00,18073,1062,515,0,0
2024-09-20T21:30:00,16924,1086,519,0,0
2024-09-20T22:30:00,15161,1199,522,0,0
2024-09-20T23:30:00,14031,1131,523,0,0
2024-09-21T00:30:00,13574,972,523,0,0
2024-09-21T01:30:00,13094,830,523,0,0
2024-09-21T02:30:00,12909,678,522,0,0
2024-09-21T03:30:00,12853,560,521,0,0
2024-09-21T04:30:00,12964,457,522,0,0
2024-09-21T05:30:00,13261,408,521,0,0
2024-09-21T06:30:00,13827,470,520,0,0
2024-09-21T07:30:00,14424,524,521,0,0
2024-09-21T08:30:00,15011,367,523,2,0
2024-09-21T09:30:00,15809,260,526,4,0
2024-09-21T10:30:00,16443,233,522,7,0
2024-09-21T11:30:00,16603,266,519,3,0
2024-09-21T12:30:00,16772,278,504,9,0
2024-09-21T13:30:00,17278,243,506,9,0
2024-09-21T14:30:00,17472,154,501,5,0
2024-09-21T15:30:00,17153,153,495,6,0
2024-09-21T16:30:00,17532,122,502,5,0
2024-09-21T17:30:00,18702,125,498,3,0
2024-09-21T18:30:00,18737,197,497,0,0
2024-09-21T19:30:00,17317,385,498,0,0
2024-09-21T20:30:00,16937,485,503,0,0
2024-09-21T21:30:00,15461,624,503,0,0
2024-09-21T22:30:00,14366,699,510,0,0
2024-09-21T23:30:00,13938,636,505,0,0
2024-09-22T00:30:00,13311,538,502,0,0
2024-09-22T01:30:00,12971,523,503,0,0
2024-09-22T02:30:00,12780,519,505,0,0
2024-09-22T03:30:00,12549,550,499,0,0
2024-09-22T04:30:00,12623,578,501,0,0
2024-09-22T05:30:00,12653,694,500,0,0
2024-09-22T06:30:00,13160,719,502,0,0
2024-09-22T07:30:00,13982,609,500,0,0
2024-09-22T08:30:00,14734,477,501,3,0
2024-09-22T09:30:00,15408,482,500,4,0
2024-09-22T10:30:00,15717,559,496,7,0
2024-09-22T11:30:00,16042,452,496,9,0
2024-09-22T12:30:00,16150,414,489,6,0
2024-09-22T13:30:00,16062,421,490,6,0
2024-09-22T14:30:00,16185,428,489,8,0
2024-09-22T15:30:00,15670,470,491,6,0
2024-09-22T16:30:00,16590,489,491,3,0
2024-09-22T17:30:00,18028,466,484,2,0
2024-09-22T18:30:00,18848,461,488,0,0
2024-09-22T19:30:00,18196,603,488,0,0
2024-09-22T20:30:00,17714,712,490,0,0
2024-09-22T21:30:00,15780,769,492,0,0
2024-09-22T22:30:00,14334,801,491,0,0
2024-09-22T23:30:00,13383,811,492,0,0
2024-09-23T00:30:00,12735,752,492,0,0
2024-09-23T01:30:00,12523,817,492,0,0
2024-09-23T02:30:00,12327,851,491,0,0
2024-09-23T03:30:00,12281,894,492,0,0
2024-09-23T04:30:00,12574,903,491,0,0
2024-09-23T05:30:00,13383,918,493,0,0
2024-09-23T06:30:00,14841,850,492,0,0
2024-09-23T07:30:00,16183,795,492,0,0
2024-09-23T08:30:00,16549,609,492,0,0
2024-09-23T09:30:00,16855,466,494,0,0
2024-09-23T10:30:00,16963,467,499,0,0
2024-09-23T11:30:00,17484,488,493,0,0
2024-09-23T12:30:00,17750,461,497,1,0
2024-09-23T13:30:00,17844,366,496,0,0
2024-09-23T14:30:00,17872,254,497,1,0
2024-09-23T15:30:00,17582,173,496,1,0
2024-09-23T16:30:00,18388,159,495,1,0
2024-09-23T17:30:00,19363,207,496,0,0
2024-09-23T18:30:00,19419,213,499,0,0
2024-09-23T19:30:00,19066,305,497,0,0
2024-09-23T20:30:00,17946,414,503,0,0
2024-09-23T21:30:00,15750,448,501,0,0
2024-09-23T22:30:00,15055,447,502,0,0
2024-09-23T23:30:00,13826,327,503,0,0
2024-09-24T00:30:00,13488,237,498,0,0
2024-09-24T01:30:00,13320,200,496,0,0
2024-09-24T02:30:00,12989,196,500,0,0
2024-09-24T03:30:00,12962,182,500,0,0
2024-09-24T04:30:00,13135,199,496,0,0
2024-09-24T05:30:00,13769,218,497,0,0
2024-09-24T06:30:00,15717,280,496,0,0
2024-09-24T07:30:00,17334,327,499,0,0
2024-09-24T08:30:00,17222,248,499,3,0
2024-09-24T09:30:00,17568,167,500,5,5
2024-09-24T10:30:00,17582,129,501,5,0
2024-09-24T11:30:00,17765,178,496,8,0
2024-09-24T12:30:00,17654,209,478,9,0
2024-09-24T13:30:00,17290,208,478,5,26
2024-09-24T14:30:00,16986,233,478,8,0
2024-09-24T15:30:00,16709,323,481,2,0
2024-09-24T16:30:00,17314,321,483,2,0
2024-09-24T17:30:00,17990,410,482,1,0
2024-09-24T18:30:00,17853,669,483,0,0
2024-09-24T19:30:00,16992,937,482,0,0
2024-09-24T20:30:00,16505,1057,485,0,0
2024-09-24T21:30:00,14768,1198,491,0,0
2024-09-24T22:30:00,13516,1339,491,0,0
2024-09-24T23:30:00,12368,1426,492,0,0
2024-09-25T00:30:00,11980,1383,491,0,0
2024-09-25T01:30:00,11789,1318,492,0,0
2024-09-25T02:30:00,11577,1242,490,0,0
2024-09-25T03:30:00,11298,1223,492,0,0
2024-09-25T04:30:00,11914,1234,493,0,0
2024-09-25T05:30:00,12674,1189,494,0,0
2024-09-25T06:30:00,14333,1183,494,0,0
2024-09-25T07:30:00,15741,1093,492,0,0
2024-09-25T08:30:00,16560,957,493,0,0
2024-09-25T09:30:00,16672,726,495,0,0
2024-09-25T10:30:00,16182,701,497,0,0
2024-09-25T11:30:00,16293,721,496,0,0
2024-09-25T12:30:00,15938,761,495,0,0
2024-09-25T13:30:00,15843,823,492,0,0
2024-09-25T14:30:00,15648,935,494,0,0
2024-09-25T15:30:00,15561,997,495,1,0
2024-09-25T16:30:00,16195,891,495,0,0
2024-09-25T17:30:00,17394,1039,491,0,0
2024-09-25T18:30:00,18081,1135,491,0,0
2024-09-25T19:30:00,17177,1314,494,0,0
2024-09-25T20:30:00,16356,1407,496,0,0
2024-09-25T21:30:00,15086,1486,496,0,0
2024-09-25T22:30:00,13914,1431,498,0,0
2024-09-25T23:30:00,12687,1464,497,0,0
2024-09-26T00:30:00,11867,1565,497,0,0
2024-09-26T01:30:00,11619,1650,496,0,0
2024-09-26T02:30:00,11269,1710,495,0,0
2024-09-26T03:30:00,11137,1703,492,0,0
2024-09-26T04:30:00,11265,1724,493,0,0
2024-09-26T05:30:00,12007,1846,492,0,0
2024-09-26T06:30:00,13743,1873,490,0,0
2024-09-26T07:30:00,15400,1871,489,0,0
2024-09-26T08:30:00,15690,1874,488,0,0
2024-09-26T09:30:00,15875,1855,488,0,0
2024-09-26T10:30:00,15898,1858,488,0,0
2024-09-26T11:30:00,16365,1717,486,0,0
2024-09-26T12:30:00,16562,1730,479,5,0
2024-09-26T13:30:00,15614,1692,479,8,0
2024-09-26T14:30:00,15466,1652,477,3,0
2024-09-26T15:30:00,15845,1703,481,7,0
2024-09-26T16:30:00,16666,1716,480,4,0
2024-09-26T17:30:00,16840,1713,479,1,0
2024-09-26T18:30:00,18052,1703,478,0,0
2024-09-26T19:30:00,18369,1710,478,0,0
2024-09-26T20:30:00,17189,1631,478,0,0
2024-09-26T21:30:00,15109,1465,480,0,0
2024-09-26T22:30:00,13629,1356,478,0,0
2024-09-26T23:30:00,12713,1219,479,0,0
2024-09-27T00:30:00,11904,1153,478,0,0
2024-09-27T01:30:00,11702,1029,475,0,0
2024-09-27T02:30:00,11688,858,477,0,0
2024-09-27T03:30:00,11657,807,475,0,0
2024-09-27T04:30:00,12024,703,477,0,0
2024-09-27T05:30:00,12973,536,474,0,0
2024-09-27T06:30:00,14575,408,474,0,0
2024-09-27T07:30:00,15910,352,474,0,0
2024-09-27T08:30:00,16028,350,472,3,0
2024-09-27T09:30:00,16843,313,471,3,0
2024-09-27T10:30:00,16624,191,470,5,0
2024-09-27T11:30:00,16797,186,470,3,0
2024-09-27T12:30:00,16560,165,496,2,0
2024-09-27T13:30:00,15995,202,497,6,0
2024-09-27T14:30:00,15717,161,497,5,0
2024-09-27T15:30:00,15768,149,495,7,0
2024-09-27T16:30:00,16121,155,495,5,0
2024-09-27T17:30:00,16294,160,496,2,0
2024-09-27T18:30:00,16500,199,495,0,0
2024-09-27T19:30:00,16544,242,497,0,0
2024-09-27T20:30:00,16831,211,501,0,0
2024-09-27T21:30:00,16173,148,502,0,0
2024-09-27T22:30:00,14839,115,503,0,0
2024-09-27T23:30:00,13574,100,505,0,0
2024-09-28T00:30:00,13489,70,502,0,0
2024-09-28T01:30:00,12753,56,500,0,0
2024-09-28T02:30:00,12458,58,499,0,0
2024-09-28T03:30:00,12233,70,498,0,0
2024-09-28T04:30:00,12438,49,497,0,0
2024-09-28T05:30:00,12796,60,500,0,0
2024-09-28T06:30:00,13318,72,497,0,0
2024-09-28T07:30:00,14242,61,497,0,0
2024-09-28T08:30:00,14933,47,499,2,0
2024-09-28T09:30:00,15240,26,497,5,0
2024-09-28T10:30:00,15690,20,493,7,0
2024-09-28T11:30:00,15709,25,495,8,0
2024-09-28T12:30:00,15683,32,536,5,0
2024-09-28T13:30:00,15589,33,535,8,0
2024-09-28T14:30:00,15378,16,535,8,0
2024-09-28T15:30:00,15428,17,536,5,0
2024-09-28T16:30:00,15860,30,536,5,0
2024-09-28T17:30:00,16118,64,536,2,0
2024-09-28T18:30:00,17001,79,535,0,0
2024-09-28T19:30:00,16696,112,535,0,0
2024-09-28T20:30:00,15810,140,538,0,0
2024-09-28T21:30:00,14710,179,540,0,0
2024-09-28T22:30:00,13926,200,545,0,0
2024-09-28T23:30:00,13274,159,543,0,0
2024-09-29T00:30:00,12602,155,543,0,0
2024-09-29T01:30:00,12426,99,543,0,0
2024-09-29T02:30:00,12095,118,540,0,0
2024-09-29T03:30:00,12009,155,535,0,0
2024-09-29T04:30:00,12510,209,538,0,0
2024-09-29T05:30:00,12332,251,538,0,0
2024-09-29T06:30:00,13153,385,537,0,0
2024-09-29T07:30:00,13595,411,537,0,0
2024-09-29T08:30:00,14815,295,540,1,0
2024-09-29T09:30:00,15357,194,540,1,0
2024-09-29T10:30:00,15785,206,537,2,0
2024-09-29T11:30:00,15790,219,533,3,0
2024-09-29T12:30:00,15597,268,521,6,0
2024-09-29T13:30:00,15232,331,523,6,0
2024-09-29T14:30:00,15352,395,520,8,0
2024-09-29T15:30:00,15407,381,520,6,0
2024-09-29T16:30:00,15859,273,522,5,0
2024-09-29T17:30:00,16753,242,523,2,0
2024-09-29T18:30:00,17033,388,521,0,0
2024-09-29T19:30:00,17020,635,524,0,0
2024-09-29T20:30:00,15969,817,522,0,0
2024-09-29T21:30:00,14622,891,524,0,0
2024-09-29T22:30:00,13663,966,529,0,0
2024-09-29T23:30:00,12897,1032,529,0,0
2024-09-30T00:30:00,12369,873,527,0,0
2024-09-30T01:30:00,12254,790,531,0,0
2024-09-30T02:30:00,12059,720,530,0,0
2024-09-30T03:30:00,11967,739,530,0,0
2024-09-30T04:30:00,12223,681,530,0,0
2024-09-30T05:30:00,12876,765,531,0,0
2024-09-30T06:30:00,14229,840,534,0,0
2024-09-30T07:30:00,15634,817,533,0,0
2024-09-30T08:30:00,16001,617,534,3,0
2024-09-30T09:30:00,16299,413,532,6,0
2024-09-30T10:30:00,16487,391,529,7,0
2024-09-30T11:30:00,16843,310,529,8,0
2024-09-30T12:30:00,17018,293,541,9,0
2024-09-30T13:30:00,17032,307,538,9,0
2024-09-30T14:30:00,16975,294,536,8,0
2024-09-30T15:30:00,16879,230,531,6,0
2024-09-30T16:30:00,17515,203,532,5,0
2024-09-30T17:30:00,18361,233,532,1,0
2024-09-30T18:30:00,18484,371,531,0,0
2024-09-30T19:30:00,18303,541,528,0,0
2024-09-30T20:30:00,17383,714,529,0,0
2024-09-30T21:30:00,15477,885,533,0,0
2024-09-30T22:30:00,14123,1122,538,0,0
2024-09-30T23:30:00,12944,1220,535,0,0
2024-10-01T00:30:00,12465,1126,534,0,0
2024-10-01T01:30:00,12068,1030,533,0,0
2024-10-01T02:30:00,11881,1000,531,0,0
2024-10-01T03:30:00,12124,864,522,0,0
2024-10-01T04:30:00,12602,664,522,0,0
2024-10-01T05:30:00,13247,578,521,0,0
2024-10-01T06:30:00,14911,544,520,0,0
2024-10-01T07:30:00,16271,528,521,0,0
2024-10-01T08:30:00,16389,395,516,0,0
2024-10-01T09:30:00,16320,258,519,1,0
2024-10-01T10:30:00,16314,160,518,3,0
2024-10-01T11:30:00,16466,109,518,8,0
2024-10-01T12:30:00,16272,136,519,6,0
2024-10-01T13:30:00,16279,182,493,6,0
2024-10-01T14:30:00,16294,222,496,6,0
2024-10-01T15:30:00,16506,275,495,2,0
2024-10-01T16:30:00,17144,376,492,1,0
2024-10-01T17:30:00,17436,518,494,0,0
2024-10-01T18:30:00,17379,867,495,0,0
2024-10-01T19:30:00,16846,1236,497,0,0
2024-10-01T20:30:00,15697,1550,500,0,0
2024-10-01T21:30:00,14820,1592,505,0,0
2024-10-01T22:30:00,13805,1665,507,0,0
2024-10-01T23:30:00,12758,1662,506,0,0
2024-10-02T00:30:00,11943,1698,506,0,0
2024-10-02T01:30:00,11586,1708,505,0,0
2024-10-02T02:30:00,11311,1632,505,0,0
2024-10-02T03:30:00,11376,1463,508,0,0
2024-10-02T04:30:00,11743,1394,507,0,0
2024-10-02T05:30:00,12476,1316,506,0,0
2024-10-02T06:30:00,14467,1193,504,0,0
2024-10-02T07:30:00,15726,1099,507,0,0
2024-10-02T08:30:00,15972,809,507,0,0
2024-10-02T09:30:00,15998,617,508,1,0
2024-10-02T10:30:00,15846,562,503,2,0
2024-10-02T11:30:00,16273,528,503,6,0
2024-10-02T12:30:00,15961,576,490,3,0
2024-10-02T13:30:00,15890,599,485,5,0
2024-10-02T14:30:00,15666,522,484,2,0
2024-10-02T15:30:00,15610,544,485,1,26
2024-10-02T16:30:00,16333,500,483,1,0
2024-10-02T17:30:00,17054,634,484,0,0
2024-10-02T18:30:00,17207,1063,486,0,0
2024-10-02T19:30:00,16867,1297,489,0,0
2024-10-02T20:30:00,15881,1434,489,0,0
2024-10-02T21:30:00,15028,1458,491,0,0
2024-10-02T22:30:00,14009,1489,489,0,0
2024-10-02T23:30:00,12759,1543,487,0,0
2024-10-03T00:30:00,12174,1419,488,0,0
2024-10-03T01:30:00,11837,1369,490,0,0
2024-10-03T02:30:00,11819,1309,488,0,0
2024-10-03T03:30:00,11754,1280,488,0,0
2024-10-03T04:30:00,12069,1137,488,0,0
2024-10-03T05:30:00,13001,954,485,0,0
2024-10-03T06:30:00,14989,827,485,0,0
2024-10-03T07:30:00,16005,804,485,0,0
2024-10-03T08:30:00,15854,643,487,2,0
2024-10-03T09:30:00,15691,652,482,5,0
2024-10-03T10:30:00,15497,744,480,7,0
2024-10-03T11:30:00,15422,773,480,8,0
2024-10-03T12:30:00,15391,636,454,8,0
2024-10-03T13:30:00,15427,673,449,6,0
2024-10-03T14:30:00,15007,752,452,7,0
2024-10-03T15:30:00,15113,802,455,6,0
2024-10-03T16:30:00,15348,801,457,4,0
2024-10-03T17:30:00,16008,893,454,1,0
2024-10-03T18:30:00,16932,1156,451,0,0
2024-10-03T19:30:00,16805,1508,457,0,0
2024-10-03T20:30:00,15674,1596,456,0,0
2024-10-03T21:30:00,14456,1643,456,0,0
2024-10-03T22:30:00,13559,1705,460,0,0
2024-10-03T23:30:00,12402,1705,461,0,0
2024-10-04T00:30:00,11493,1574,460,0,0
2024-10-04T01:30:00,11614,1522,458,0,0
2024-10-04T02:30:00,11573,1395,458,0,0
2024-10-04T03:30:00,11898,1186,457,0,0
2024-10-04T04:30:00,12212,1006,457,0,0
2024-10-04T05:30:00,13128,864,455,0,0
2024-10-04T06:30:00,14808,684,458,0,0
2024-10-04T07:30:00,16270,654,458,0,0
2024-10-04T08:30:00,15945,512,455,1,0
2024-10-04T09:30:00,16179,361,454,3,0
2024-10-04T10:30:00,16038,292,452,7,0
2024-10-04T11:30:00,16077,300,444,8,0
2024-10-04T12:30:00,16139,327,442,8,0
2024-10-04T13:30:00,15885,419,472,8,0
2024-10-04T14:30:00,15721,422,471,6,0
2024-10-04T15:30:00,15677,431,470,6,0
2024-10-04T16:30:00,16145,333,476,2,0
2024-10-04T17:30:00,16830,227,476,0,0
2024-10-04T18:30:00,16889,242,477,0,0
2024-10-04T19:30:00,16673,266,478,0,0
2024-10-04T20:30:00,16377,241,480,0,0
2024-10-04T21:30:00,15597,323,485,0,0
2024-10-04T22:30:00,14687,514,486,0,0
2024-10-04T23:30:00,13679,577,483,0,0
2024-10-05T00:30:00,12557,835,485,0,0
2024-10-05T01:30:00,12291,845,481,0,0
2024-10-05T02:30:00,12044,900,478,0,0
2024-10-05T03:30:00,12039,746,480,0,0
2024-10-05T04:30:00,11934,858,479,0,0
2024-10-05T05:30:00,12120,866,481,0,0
2024-10-05T06:30:00,12715,975,480,0,0
2024-10-05T07:30:00,13527,985,479,0,0
2024-10-05T08:30:00,13931,999,482,3,0
2024-10-05T09:30:00,14886,952,480,5,0
2024-10-05T10:30:00,14942,984,480,7,0
2024-10-05T11:30:00,15043,1060,476,8,0
2024-10-05T12:30:00,14983,1056,493,9,0
2024-10-05T13:30:00,14682,1047,495,4,0
2024-10-05T14:30:00,14434,1009,496,7,0
2024-10-05T15:30:00,14462,994,494,6,0
2024-10-05T16:30:00,14900,862,489,5,0
2024-10-05T17:30:00,15465,781,490,1,0
2024-10-05T18:30:00,16201,806,494,0,0
2024-10-05T19:30:00,15933,863,497,0,0
2024-10-05T20:30:00,15379,854,498,0,0
2024-10-05T21:30:00,14745,761,498,0,0
2024-10-05T22:30:00,14243,698,497,0,0
2024-10-05T23:30:00,13517,692,497,0,0
2024-10-06T00:30:00,13627,675,498,0,0
2024-10-06T01:30:00,12791,626,496,0,0
2024-10-06T02:30:00,12847,524,496,0,0
2024-10-06T03:30:00,12872,436,496,0,0
2024-10-06T04:30:00,12931,388,495,0,0
2024-10-06T05:30:00,13227,315,495,0,0
2024-10-06T06:30:00,13871,330,497,0,0
2024-10-06T07:30:00,14680,306,496,0,0
2024-10-06T08:30:00,15350,229,494,2,0
2024-10-06T09:30:00,15827,250,494,4,0
2024-10-06T10:30:00,16091,329,492,6,0
2024-10-06T11:30:00,16067,372,491,8,0
2024-10-06T12:30:00,15720,486,473,9,0
2024-10-06T13:30:00,15625,653,473,9,0
2024-10-06T14:30:00,15294,644,478,8,0
2024-10-06T15:30:00,15083,725,478,6,0
2024-10-06T16:30:00,15384,847,477,3,0
2024-10-06T17:30:00,16102,1111,474,1,0
2024-10-06T18:30:00,16206,1438,478,0,0
2024-10-06T19:30:00,15316,1746,483,0,0
2024-10-06T20:30:00,14762,1854,484,0,0
2024-10-06T21:30:00,13617,1971,486,0,0
2024-10-06T22:30:00,12591,1980,486,0,0
2024-10-06T23:30:00,11345,2030,485,0,0
2024-10-07T00:30:00,11007,1961,486,0,0
2024-10-07T01:30:00,10666,2014,483,0,0
2024-10-07T02:30:00,10544,2050,482,0,0
2024-10-07T03:30:00,10568,1998,484,0,0
2024-10-07T04:30:00,10694,1942,486,0,0
2024-10-07T05:30:00,11359,1887,487,0,0
2024-10-07T06:30:00,13483,1834,486,0,0
2024-10-07T07:30:00,15487,1741,485,0,0
2024-10-07T08:30:00,16066,1724,484,0,0
2024-10-07T09:30:00,15493,1856,484,0,0
2024-10-07T10:30:00,15856,1684,483,0,0
2024-10-07T11:30:00,15624,1611,483,4,0
2024-10-07T12:30:00,15377,1509,493,5,0
2024-10-07T13:30:00,15153,1538,496,8,0
2024-10-07T14:30:00,15470,1345,499,6,0
2024-10-07T15:30:00,15200,1347,495,3,0
2024-10-07T16:30:00,15487,1313,495,0,0
2024-10-07T17:30:00,16806,1391,496,1,0
2024-10-07T18:30:00,18413,1489,497,0,0
2024-10-07T19:30:00,18051,1585,500,0,0
2024-10-07T20:30:00,16219,1594,505,0,0
2024-10-07T21:30:00,14683,1568,503,0,0
2024-10-07T22:30:00,13990,1453,506,0,0
2024-10-07T23:30:00,12902,1390,505,0,0
2024-10-08T00:30:00,12276,1492,506,0,0
2024-10-08T01:30:00,12573,1386,506,0,0
2024-10-08T02:30:00,12310,1309,505,0,0
2024-10-08T03:30:00,12526,1260,504,0,0
2024-10-08T04:30:00,12909,1206,502,0,0
2024-10-08T05:30:00,13927,1123,501,0,0
2024-10-08T06:30:00,15746,1158,502,0,0
2024-10-08T07:30:00,17431,1036,502,0,0
2024-10-08T08:30:00,16899,1161,500,2,0
2024-10-08T09:30:00,15929,1070,501,6,0
2024-10-08T10:30:00,15682,1192,496,7,0
2024-10-08T11:30:00,15415,1204,493,5,0
2024-10-08T12:30:00,15204,1251,492,2,0
2024-10-08T13:30:00,15203,1164,494,5,0
2024-10-08T14:30:00,15042,987,497,4,0
2024-10-08T15:30:00,15302,902,491,2,0
2024-10-08T16:30:00,16094,713,488,2,0
2024-10-08T17:30:00,17341,668,491,2,0
2024-10-08T18:30:00,19245,636,494,0,0
2024-10-08T19:30:00,18891,515,494,0,0
2024-10-08T20:30:00,18200,565,501,0,0
2024-10-08T21:30:00,16492,634,503,0,0
2024-10-08T22:30:00,15574,515,503,0,0
2024-10-08T23:30:00,14587,530,505,0,0
2024-10-09T00:30:00,13994,561,503,0,0
2024-10-09T01:30:00,13684,649,503,0,0
2024-10-09T02:30:00,13443,740,503,0,0
2024-10-09T03:30:00,13521,701,502,0,0
2024-10-09T04:30:00,13993,652,502,0,0
2024-10-09T05:30:00,14815,692,503,0,0
2024-10-09T06:30:00,16932,819,502,0,0
2024-10-09T07:30:00,18469,942,503,0,0
2024-10-09T08:30:00,17608,760,504,1,0
2024-10-09T09:30:00,17330,603,503,5,0
2024-10-09T10:30:00,16911,530,502,7,0
2024-10-09T11:30:00,16695,654,506,8,0
2024-10-09T12:30:00,16077,689,539,7,0
2024-10-09T13:30:00,15923,691,537,8,0
2024-10-09T14:30:00,15832,626,539,3,0
2024-10-09T15:30:00,16043,483,539,3,0
2024-10-09T16:30:00,16993,360,541,1,0
2024-10-09T17:30:00,18290,308,539,0,0
2024-10-09T18:30:00,18975,422,540,0,0
2024-10-09T19:30:00,18501,475,540,0,0
2024-10-09T20:30:00,17542,481,545,0,0
2024-10-09T21:30:00,16723,522,548,0,0
2024-10-09T22:30:00,15804,548,546,0,0
2024-10-09T23:30:00,14730,617,548,0,0
2024-10-10T00:30:00,13864,700,544,0,0
2024-10-10T01:30:00,13450,790,545,0,0
2024-10-10T02:30:00,13484,872,543,0,0
2024-10-10T03:30:00,13430,885,544,0,0
2024-10-10T04:30:00,13328,1029,543,0,0
2024-10-10T05:30:00,14278,1053,541,0,0
2024-10-10T06:30:00,16721,1207,542,0,0
2024-10-10T07:30:00,18596,1197,543,0,0
2024-10-10T08:30:00,17637,1007,545,1,0
2024-10-10T09:30:00,17656,1117,546,1,0
2024-10-10T10:30:00,17046,1198,542,3,0
2024-10-10T11:30:00,16341,1367,539,1,0
2024-10-10T12:30:00,16148,1305,537,2,0
2024-10-10T13:30:00,15790,1436,542,1,0
2024-10-10T14:30:00,16048,1554,543,2,0
2024-10-10T15:30:00,15607,1517,541,2,0
2024-10-10T16:30:00,15823,1791,540,2,0
2024-10-10T17:30:00,16902,2121,540,0,0
2024-10-10T18:30:00,17764,2359,540,0,0
2024-10-10T19:30:00,17102,2548,541,0,0
2024-10-10T20:30:00,15942,2610,544,0,0
2024-10-10T21:30:00,14451,2708,549,0,0
2024-10-10T22:30:00,13358,2858,547,0,0
2024-10-10T23:30:00,12491,2829,547,0,0
2024-10-11T00:30:00,11836,2878,546,0,0
2024-10-11T01:30:00,11337,2577,544,0,0
2024-10-11T02:30:00,11162,3027,541,0,0
2024-10-11T03:30:00,11375,2662,540,0,0
2024-10-11T04:30:00,11418,2667,542,0,0
2024-10-11T05:30:00,12287,2978,542,0,0
2024-10-11T06:30:00,13529,2614,540,0,0
2024-10-11T07:30:00,15287,2751,543,0,0
2024-10-11T08:30:00,15261,2650,543,0,0
2024-10-11T09:30:00,14804,2667,541,3,0
2024-10-11T10:30:00,14371,2655,534,6,0
2024-10-11T11:30:00,14272,2589,524,8,0
2024-10-11T12:30:00,13583,2630,513,9,0
2024-10-11T13:30:00,13172,2607,520,8,0
2024-10-11T14:30:00,12872,2639,517,7,0
2024-10-11T15:30:00,12761,2622,521,4,0
2024-10-11T16:30:00,13057,2542,518,1,0
2024-10-11T17:30:00,14181,2808,519,0,0
2024-10-11T18:30:00,14434,2961,517,0,0
2024-10-11T19:30:00,13698,2653,518,0,0
2024-10-11T20:30:00,13747,3000,525,0,0
2024-10-11T21:30:00,13245,2993,532,0,0
2024-10-11T22:30:00,12737,2821,533,0,0
2024-10-11T23:30:00,12069,2569,534,0,0
2024-10-12T00:30:00,11436,2566,531,0,0
2024-10-12T01:30:00,11131,2360,531,0,0
2024-10-12T02:30:00,11232,2128,532,0,0
2024-10-12T03:30:00,11290,1929,534,0,0
2024-10-12T04:30:00,11318,1955,534,0,0
2024-10-12T05:30:00,11522,2021,533,0,0
2024-10-12T06:30:00,12134,2106,529,0,0
2024-10-12T07:30:00,12952,2282,528,0,0
2024-10-12T08:30:00,13502,2582,528,2,0
2024-10-12T09:30:00,13323,2864,526,5,0
2024-10-12T10:30:00,13404,3034,519,8,0
2024-10-12T11:30:00,13112,2829,517,9,0
2024-10-12T12:30:00,12861,2924,542,6,0
2024-10-12T13:30:00,12364,2918,542,7,0
2024-10-12T14:30:00,11960,2990,542,8,0
2024-10-12T15:30:00,11926,3002,540,7,0
2024-10-12T16:30:00,11679,2944,538,4,0
2024-10-12T17:30:00,13198,3118,537,1,0
2024-10-12T18:30:00,14032,3132,543,0,0
2024-10-12T19:30:00,13699,3257,544,0,0
2024-10-12T20:30:00,13248,3221,547,0,0
2024-10-12T21:30:00,12867,2865,554,0,0
2024-10-12T22:30:00,12462,2806,551,0,0
2024-10-12T23:30:00,12122,2622,552,0,0
2024-10-13T00:30:00,11832,2519,554,0,0
2024-10-13T01:30:00,11834,2319,551,0,0
2024-10-13T02:30:00,11903,2192,552,0,0
2024-10-13T03:30:00,12137,2473,551,0,0
2024-10-13T04:30:00,12423,1986,550,0,0
2024-10-13T05:30:00,12957,2180,550,0,0
2024-10-13T06:30:00,13935,2051,549,0,0
2024-10-13T07:30:00,14891,1812,555,0,0
2024-10-13T08:30:00,15419,1564,554,1,0
2024-10-13T09:30:00,15905,1405,553,4,0
2024-10-13T10:30:00,15596,1327,551,6,0
2024-10-13T11:30:00,15565,1319,547,5,0
2024-10-13T12:30:00,15219,1256,548,7,0
2024-10-13T13:30:00,15111,1200,543,2,0
2024-10-13T14:30:00,14817,1101,547,3,0
2024-10-13T15:30:00,14949,868,546,2,0
2024-10-13T16:30:00,15548,631,543,4,0
2024-10-13T17:30:00,16412,594,541,1,0
2024-10-13T18:30:00,17500,642,550,0,0
2024-10-13T19:30:00,16872,627,550,0,0
2024-10-13T20:30:00,16001,613,554,0,0
2024-10-13T21:30:00,15572,597,559,0,0
2024-10-13T22:30:00,15089,493,555,0,0
2024-10-13T23:30:00,14523,462,556,0,0
2024-10-14T00:30:00,14235,450,557,0,0
2024-10-14T01:30:00,13960,410,553,0,0
2024-10-14T02:30:00,13994,400,557,0,0
2024-10-14T03:30:00,14032,451,556,0,0
2024-10-14T04:30:00,14145,497,557,0,0
2024-10-14T05:30:00,14465,506,557,0,0
2024-10-14T06:30:00,15167,530,560,0,0
2024-10-14T07:30:00,15915,567,561,0,0
2024-10-14T08:30:00,16725,597,559,0,0
2024-10-14T09:30:00,17626,517,560,0,0
2024-10-14T10:30:00,18899,632,558,1,0
2024-10-14T11:30:00,18111,749,553,1,0
2024-10-14T12:30:00,17971,908,549,0,0
2024-10-14T13:30:00,17533,1074,549,1,0
2024-10-14T14:30:00,17144,1524,555,0,0
2024-10-14T15:30:00,17189,1539,551,0,0
2024-10-14T16:30:00,17396,1879,551,0,0
2024-10-14T17:30:00,18084,2164,540,0,0
2024-10-14T18:30:00,18069,2420,538,0,0
2024-10-14T19:30:00,17344,2033,537,0,0
2024-10-14T20:30:00,16044,2177,536,0,0
2024-10-14T21:30:00,14814,2309,547,0,0
2024-10-14T22:30:00,14219,2618,542,0,0
2024-10-14T23:30:00,13539,2341,538,0,0
2024-10-15T00:30:00,13464,2084,531,0,0
2024-10-15T01:30:00,13355,2047,526,0,0
2024-10-15T02:30:00,13182,1959,526,0,0
2024-10-15T03:30:00,13492,1827,528,0,0
2024-10-15T04:30:00,13813,1708,530,0,0
2024-10-15T05:30:00,15000,1482,533,0,0
2024-10-15T06:30:00,17560,1696,532,0,0
2024-10-15T07:30:00,19171,1456,530,0,0
2024-10-15T08:30:00,18594,1419,529,0,0
2024-10-15T09:30:00,18567,1734,531,2,0
2024-10-15T10:30:00,18211,1692,528,4,0
2024-10-15T11:30:00,17740,1642,528,5,0
2024-10-15T12:30:00,17048,1722,515,5,0
2024-10-15T13:30:00,16389,1794,514,4,0
2024-10-15T14:30:00,16575,1604,518,5,0
2024-10-15T15:30:00,17026,1406,511,0,0
2024-10-15T16:30:00,18145,1356,512,1,0
2024-10-15T17:30:00,19302,1251,514,0,0
2024-10-15T18:30:00,20120,1223,516,0,0
2024-10-15T19:30:00,20132,1050,519,0,0
2024-10-15T20:30:00,19165,1001,524,0,0
2024-10-15T21:30:00,17895,970,524,0,0
2024-10-15T22:30:00,16873,951,527,0,0
2024-10-15T23:30:00,15850,1016,529,0,0
2024-10-16T00:30:00,15364,1160,530,0,0
2024-10-16T01:30:00,15000,1192,530,0,0
2024-10-16T02:30:00,14745,1294,530,0,0
2024-10-16T03:30:00,14625,1417,527,0,0
2024-10-16T04:30:00,14822,1608,527,0,0
2024-10-16T05:30:00,15558,1704,530,0,0
2024-10-16T06:30:00,19052,1772,530,0,0
2024-10-16T07:30:00,20736,1795,529,0,0
2024-10-16T08:30:00,19755,1836,530,1,0
2024-10-16T09:30:00,18066,1873,529,3,0
2024-10-16T10:30:00,16943,2053,530,2,0
2024-10-16T11:30:00,16771,2132,529,1,0
2024-10-16T12:30:00,16154,1773,526,2,0
2024-10-16T13:30:00,15673,2161,527,3,0
2024-10-16T14:30:00,15292,2150,534,7,0
2024-10-16T15:30:00,15157,2124,536,2,0
2024-10-16T16:30:00,15948,2129,539,4,0
2024-10-16T17:30:00,17703,2118,547,1,0
2024-10-16T18:30:00,19836,2228,553,0,0
2024-10-16T19:30:00,19397,2069,558,0,0
2024-10-16T20:30:00,18887,2120,565,0,0
2024-10-16T21:30:00,17761,2052,570,0,0
2024-10-16T22:30:00,16212,1845,569,0,0
2024-10-16T23:30:00,15425,1732,569,0,0
2024-10-17T00:30:00,15089,1604,568,0,0
2024-10-17T01:30:00,14941,1574,566,0,0
2024-10-17T02:30:00,15168,1506,566,0,0
2024-10-17T03:30:00,15307,1481,566,0,0
2024-10-17T04:30:00,15635,1586,566,0,0
2024-10-17T05:30:00,16885,1642,565,0,0
2024-10-17T06:30:00,19426,1789,566,0,0
2024-10-17T07:30:00,21191,1962,563,0,0
2024-10-17T08:30:00,20625,1799,565,2,0
2024-10-17T09:30:00,19366,1667,573,5,0
2024-10-17T10:30:00,17917,1713,571,7,0
2024-10-17T11:30:00,16553,1737,572,8,0
2024-10-17T12:30:00,15917,1877,566,9,0
2024-10-17T13:30:00,15537,1668,576,9,0
2024-10-17T14:30:00,15239,1545,579,8,0
2024-10-17T15:30:00,15302,1323,578,6,0
2024-10-17T16:30:00,15959,1016,578,4,0
2024-10-17T17:30:00,18223,876,574,1,0
2024-10-17T18:30:00,18885,1013,578,0,0
2024-10-17T19:30:00,19631,1275,583,0,0
2024-10-17T20:30:00,18357,1431,584,0,0
2024-10-17T21:30:00,17004,1573,586,0,0
2024-10-17T22:30:00,15549,1555,587,0,0
2024-10-17T23:30:00,14902,1451,587,0,0
2024-10-18T00:30:00,14407,1376,588,0,0
2024-10-18T01:30:00,14509,1126,591,0,0
2024-10-18T02:30:00,14852,883,591,0,0
2024-10-18T03:30:00,15019,877,587,0,0
2024-10-18T04:30:00,15726,799,588,0,0
2024-10-18T05:30:00,16598,731,588,0,0
2024-10-18T06:30:00,19149,721,590,0,0
2024-10-18T07:30:00,20908,673,591,0,0
2024-10-18T08:30:00,20172,546,592,1,0
2024-10-18T09:30:00,18889,429,592,4,0
2024-10-18T10:30:00,18183,308,591,7,0
2024-10-18T11:30:00,17937,165,589,8,0
2024-10-18T12:30:00,17588,146,573,8,0
2024-10-18T13:30:00,16978,170,572,8,0
2024-10-18T14:30:00,16148,252,566,7,0
2024-10-18T15:30:00,15999,424,565,6,0
2024-10-18T16:30:00,16182,591,570,4,0
2024-10-18T17:30:00,18083,859,572,0,0
2024-10-18T18:30:00,18270,1362,577,0,0
2024-10-18T19:30:00,17785,1744,579,0,0
2024-10-18T20:30:00,16758,2051,579,0,0
2024-10-18T21:30:00,15122,2275,582,0,0
2024-10-18T22:30:00,13604,2381,579,0,0
2024-10-18T23:30:00,12619,2431,578,0,0
2024-10-19T00:30:00,12268,2474,581,0,0
2024-10-19T01:30:00,11862,2581,578,0,0
2024-10-19T02:30:00,11963,2271,576,0,0
2024-10-19T03:30:00,11813,2271,575,0,0
2024-10-19T04:30:00,12042,2221,575,0,0
2024-10-19T05:30:00,12722,2070,574,0,0
2024-10-19T06:30:00,13921,2118,576,0,0
2024-10-19T07:30:00,15243,2137,578,0,0
2024-10-19T08:30:00,15492,2393,577,2,0
2024-10-19T09:30:00,15743,1992,574,5,0
2024-10-19T10:30:00,15598,1675,575,7,0
2024-10-19T11:30:00,15441,1488,572,8,0
2024-10-19T12:30:00,14942,1584,552,8,0
2024-10-19T13:30:00,14299,1501,545,8,0
2024-10-19T14:30:00,13768,1535,546,7,0
2024-10-19T15:30:00,13564,1519,544,6,0
2024-10-19T16:30:00,13985,1498,542,4,0
2024-10-19T17:30:00,15066,1921,545,0,0
2024-10-19T18:30:00,15312,2405,549,0,0
2024-10-19T19:30:00,14007,2362,549,0,0
2024-10-19T20:30:00,13010,2436,552,0,0
2024-10-19T21:30:00,12215,2543,555,0,0
2024-10-19T22:30:00,11729,2632,551,0,0
2024-10-19T23:30:00,11139,2683,548,0,0
2024-10-20T00:30:00,10877,2580,551,0,0
2024-10-20T01:30:00,10877,2437,549,0,0
2024-10-20T02:30:00,11107,2533,549,0,0
2024-10-20T03:30:00,11507,2291,549,0,0
2024-10-20T04:30:00,11895,1995,547,0,0
2024-10-20T05:30:00,12405,1757,548,0,0
2024-10-20T06:30:00,13416,1460,548,0,0
2024-10-20T07:30:00,14242,1473,548,0,0
2024-10-20T08:30:00,14916,1378,548,1,0
2024-10-20T09:30:00,15566,1278,549,4,0
2024-10-20T10:30:00,15308,1237,542,7,0
2024-10-20T11:30:00,15049,1293,540,8,0
2024-10-20T12:30:00,14577,1531,520,8,0
2024-10-20T13:30:00,14083,1622,518,8,0
2024-10-20T14:30:00,13799,1647,523,7,0
2024-10-20T15:30:00,13606,1853,526,5,0
2024-10-20T16:30:00,14017,1827,523,3,0
2024-10-20T17:30:00,16120,1826,526,0,0
2024-10-20T18:30:00,16873,2133,523,0,0
2024-10-20T19:30:00,15929,2395,527,0,0
2024-10-20T20:30:00,13400,2853,530,0,0
2024-10-20T21:30:00,12512,2937,533,0,0
2024-10-20T22:30:00,11588,2948,531,0,0
2024-10-20T23:30:00,10691,2879,530,0,0
2024-10-21T00:30:00,10145,2768,530,0,0
2024-10-21T01:30:00,10133,2606,530,0,0
2024-10-21T02:30:00,10064,2471,530,0,0
2024-10-21T03:30:00,9983,2478,527,0,0
2024-10-21T04:30:00,10422,2240,525,0,0
2024-10-21T05:30:00,11397,2118,526,0,0
2024-10-21T06:30:00,14270,2002,524,0,0
2024-10-21T07:30:00,15771,1936,529,0,0
2024-10-21T08:30:00,15779,1679,529,1,0
2024-10-21T09:30:00,15582,1566,528,5,0
2024-10-21T10:30:00,15346,1430,527,6,0
2024-10-21T11:30:00,14947,1705,526,7,0
2024-10-21T12:30:00,14418,1862,515,8,0
2024-10-21T13:30:00,14408,2120,516,8,0
2024-10-21T14:30:00,13696,2446,518,7,0
2024-10-21T15:30:00,14521,2277,514,5,0
2024-10-21T16:30:00,15708,2659,515,3,0
2024-10-21T17:30:00,17143,2463,515,0,0
2024-10-21T18:30:00,18552,2447,516,0,0
2024-10-21T19:30:00,16865,2442,517,0,0
2024-10-21T20:30:00,15786,2413,522,0,0
2024-10-21T21:30:00,14619,2140,529,0,0
2024-10-21T22:30:00,13511,1684,527,0,0
2024-10-21T23:30:00,12309,1415,529,0,0
2024-10-22T00:30:00,11884,1154,528,0,0
2024-10-22T01:30:00,11736,1073,531,0,0
2024-10-22T02:30:00,11754,963,529,0,0
2024-10-22T03:30:00,11875,886,529,0,0
2024-10-22T04:30:00,12161,895,528,0,0
2024-10-22T05:30:00,13149,762,528,0,0
2024-10-22T06:30:00,16431,601,527,0,0
2024-10-22T07:30:00,17565,615,529,0,0
2024-10-22T08:30:00,17617,457,529,1,0
2024-10-22T09:30:00,17141,373,530,4,0
2024-10-22T10:30:00,16531,410,525,6,0
2024-10-22T11:30:00,16337,414,527,7,0
2024-10-22T12:30:00,15829,453,516,8,0
2024-10-22T13:30:00,16253,454,519,7,0
2024-10-22T14:30:00,16353,587,518,5,0
2024-10-22T15:30:00,16135,709,521,4,0
2024-10-22T16:30:00,16353,952,522,2,0
2024-10-22T17:30:00,17479,1474,521,0,0
2024-10-22T18:30:00,18317,1946,520,0,0
2024-10-22T19:30:00,16674,2551,523,0,0
2024-10-22T20:30:00,15418,2453,526,0,0
2024-10-22T21:30:00,13942,2637,525,0,0
2024-10-22T22:30:00,11736,2719,527,0,0
2024-10-22T23:30:00,10697,2784,528,0,0
2024-10-23T00:30:00,10221,2706,528,0,0
2024-10-23T01:30:00,9490,2790,527,0,0
2024-10-23T02:30:00,9631,2717,528,0,0
2024-10-23T03:30:00,9583,2698,525,0,0
2024-10-23T04:30:00,10100,2543,524,0,0
2024-10-23T05:30:00,10920,2543,525,0,0
2024-10-23T06:30:00,12193,2664,525,0,0
2024-10-23T07:30:00,13061,2687,521,0,0
2024-10-23T08:30:00,13383,2622,520,0,0
2024-10-23T09:30:00,13163,2805,518,4,0
2024-10-23T10:30:00,13089,2734,515,6,25
2024-10-23T11:30:00,13105,2674,519,7,0
2024-10-23T12:30:00,12904,2784,502,3,0
2024-10-23T13:30:00,13044,2874,505,3,0
2024-10-23T14:30:00,12460,2636,505,1,0
2024-10-23T15:30:00,12472,2607,505,0,0
2024-10-23T16:30:00,13732,2435,500,0,0
2024-10-23T17:30:00,16134,2496,499,0,0
2024-10-23T18:30:00,16685,2492,503,0,0
2024-10-23T19:30:00,15522,2474,505,0,0
2024-10-23T20:30:00,13885,2509,506,0,0
2024-10-23T21:30:00,12573,2751,510,0,0
2024-10-23T22:30:00,11960,2448,510,0,0
2024-10-23T23:30:00,11194,2223,508,0,0
2024-10-24T00:30:00,10696,1956,509,0,0
2024-10-24T01:30:00,10868,1797,510,0,0
2024-10-24T02:30:00,10792,1649,509,0,0
2024-10-24T03:30:00,10882,1552,508,0,0
2024-10-24T04:30:00,11119,1533,508,0,0
2024-10-24T05:30:00,12051,1458,508,0,0
2024-10-24T06:30:00,14121,1372,510,0,0
2024-10-24T07:30:00,16399,1264,511,0,0
2024-10-24T08:30:00,16636,1023,510,1,0
2024-10-24T09:30:00,16301,736,510,5,0
2024-10-24T10:30:00,16683,580,508,7,0
2024-10-24T11:30:00,16010,494,509,8,0
2024-10-24T12:30:00,15854,359,495,9,0
2024-10-24T13:30:00,15317,441,490,7,0
2024-10-24T14:30:00,15326,414,487,7,0
2024-10-24T15:30:00,15490,377,487,6,0
2024-10-24T16:30:00,16197,336,489,4,0
2024-10-24T17:30:00,17873,450,486,0,0
2024-10-24T18:30:00,18589,664,485,0,0
2024-10-24T19:30:00,17964,1026,492,0,0
2024-10-24T20:30:00,16953,1141,494,0,0
2024-10-24T21:30:00,16262,952,500,0,0
2024-10-24T22:30:00,15433,783,499,0,0
2024-10-24T23:30:00,14755,671,499,0,0
2024-10-25T00:30:00,14174,674,499,0,0
2024-10-25T01:30:00,13790,756,496,0,0
2024-10-25T02:30:00,13851,740,496,0,0
2024-10-25T03:30:00,14046,706,496,0,0
2024-10-25T04:30:00,14317,603,495,0,0
2024-10-25T05:30:00,15456,616,496,0,0
2024-10-25T06:30:00,17618,612,496,0,0
2024-10-25T07:30:00,20192,751,496,0,0
2024-10-25T08:30:00,19747,633,488,1,0
2024-10-25T09:30:00,18443,283,488,4,0
2024-10-25T10:30:00,17866,135,481,7,0
2024-10-25T11:30:00,17339,138,476,8,0
2024-10-25T12:30:00,17557,107,476,8,0
2024-10-25T13:30:00,17365,56,477,7,0
2024-10-25T14:30:00,17307,51,469,7,0
2024-10-25T15:30:00,17278,63,468,4,0
2024-10-25T16:30:00,18343,57,471,1,0
2024-10-25T17:30:00,18837,145,484,0,0
2024-10-25T18:30:00,20104,139,490,0,0
2024-10-25T19:30:00,19306,97,494,0,0
2024-10-25T20:30:00,17753,177,494,0,0
2024-10-25T21:30:00,16852,195,495,0,0
2024-10-25T22:30:00,16279,196,494,0,0
2024-10-25T23:30:00,15371,179,496,0,0
2024-10-26T00:30:00,14276,330,497,0,0
2024-10-26T01:30:00,13853,591,496,0,0
2024-10-26T02:30:00,13374,943,494,0,0
2024-10-26T03:30:00,13082,1149,494,0,0
2024-10-26T04:30:00,12711,1368,494,0,0
2024-10-26T05:30:00,12795,1594,495,0,0
2024-10-26T06:30:00,13534,1787,494,0,0
2024-10-26T07:30:00,14222,1960,499,0,0
2024-10-26T08:30:00,14945,1965,497,1,0
2024-10-26T09:30:00,15344,1953,497,5,0
2024-10-26T10:30:00,15054,2068,490,6,0
2024-10-26T11:30:00,14557,2169,486,7,0
2024-10-26T12:30:00,13912,2379,491,8,0
2024-10-26T13:30:00,13433,2166,488,8,0
2024-10-26T14:30:00,13091,2183,488,7,0
2024-10-26T15:30:00,13014,2250,488,2,0
2024-10-26T16:30:00,13547,2329,489,2,0
2024-10-26T17:30:00,14287,2412,490,0,0
2024-10-26T18:30:00,14830,2498,491,0,0
2024-10-26T19:30:00,14359,2958,492,0,0
2024-10-26T20:30:00,14256,2975,493,0,0
2024-10-26T21:30:00,13937,2573,498,0,0
2024-10-26T22:30:00,13429,2930,500,0,0
2024-10-26T23:30:00,12866,2985,500,0,0
2024-10-27T00:30:00,12658,3053,499,0,0
2024-10-27T01:30:00,12504,2717,500,0,0
2024-10-27T02:30:00,12615,2782,497,0,0
2024-10-27T03:30:00,12887,3011,497,0,0
2024-10-27T04:30:00,13149,2988,498,0,0
2024-10-27T05:30:00,13666,2518,496,0,0
2024-10-27T06:30:00,14516,2428,499,0,0
2024-10-27T07:30:00,15281,2641,497,0,0
2024-10-27T08:30:00,16466,2044,498,0,0
2024-10-27T09:30:00,17280,2040,499,1,0
2024-10-27T10:30:00,17090,2555,494,2,0
2024-10-27T11:30:00,17146,2647,493,1,0
2024-10-27T12:30:00,16412,2795,490,2,0
2024-10-27T13:30:00,15657,2783,487,5,0
2024-10-27T14:30:00,15443,2646,487,5,0
2024-10-27T15:30:00,15338,2859,485,5,0
2024-10-27T16:30:00,16625,2634,480,1,0
2024-10-27T17:30:00,18710,2364,485,0,0
2024-10-27T18:30:00,19088,2585,486,0,0
2024-10-27T19:30:00,18586,2555,486,0,0
2024-10-27T20:30:00,17997,2593,490,0,0
2024-10-27T21:30:00,17556,2420,498,0,0
2024-10-27T22:30:00,16728,2298,496,0,0
2024-10-27T23:30:00,16005,2459,495,0,0
2024-10-28T00:30:00,15558,2413,493,0,0
2024-10-28T01:30:00,15615,2413,495,0,0
2024-10-28T02:30:00,15704,2540,494,0,0
2024-10-28T03:30:00,16046,2478,491,0,0
2024-10-28T04:30:00,16676,2499,490,0,0
2024-10-28T05:30:00,17933,2390,492,0,0
2024-10-28T06:30:00,20550,2437,495,0,0
2024-10-28T07:30:00,23722,2349,495,0,0
2024-10-28T08:30:00,22572,1939,493,1,0
2024-10-28T09:30:00,20946,1812,496,5,0
2024-10-28T10:30:00,19857,1806,494,7,0
2024-10-28T11:30:00,19313,1688,489,8,0
2024-10-28T12:30:00,18067,1719,488,9,0
2024-10-28T13:30:00,17840,1644,486,8,0
2024-10-28T14:30:00,17378,1652,489,7,0
2024-10-28T15:30:00,17508,1178,483,6,0
2024-10-28T16:30:00,18719,1399,483,3,0
2024-10-28T17:30:00,20618,1168,485,0,0
2024-10-28T18:30:00,23395,1190,493,0,0
2024-10-28T19:30:00,21864,1178,497,0,0
2024-10-28T20:30:00,21332,1054,500,0,0
2024-10-28T21:30:00,20365,917,504,0,0
2024-10-28T22:30:00,19707,747,502,0,0
2024-10-28T23:30:00,18701,661,504,0,0
2024-10-29T00:30:00,18376,559,500,0,0
2024-10-29T01:30:00,18298,481,502,0,0
2024-10-29T02:30:00,18481,378,503,0,0
2024-10-29T03:30:00,18597,388,501,0,0
2024-10-29T04:30:00,18591,448,501,0,0
2024-10-29T05:30:00,19402,509,500,0,0
2024-10-29T06:30:00,21652,574,501,0,0
2024-10-29T07:30:00,23690,557,501,0,0
2024-10-29T08:30:00,22749,590,502,1,0
2024-10-29T09:30:00,21461,612,498,4,0
2024-10-29T10:30:00,21176,413,494,4,0
2024-10-29T11:30:00,20483,352,492,3,0
2024-10-29T12:30:00,19847,324,491,4,0
2024-10-29T13:30:00,19595,356,486,4,0
2024-10-29T14:30:00,19177,401,487,2,0
2024-10-29T15:30:00,18823,535,483,1,0
2024-10-29T16:30:00,19448,664,486,1,0
2024-10-29T17:30:00,20511,1072,487,0,0
2024-10-29T18:30:00,20495,1284,489,0,0
2024-10-29T19:30:00,19544,1486,489,0,0
2024-10-29T20:30:00,18677,1704,490,0,0
2024-10-29T21:30:00,17562,1897,495,0,0
2024-10-29T22:30:00,16223,2143,494,0,0
2024-10-29T23:30:00,14882,2262,491,0,0
2024-10-30T00:30:00,14359,2293,494,0,0
2024-10-30T01:30:00,13927,2358,490,0,0
2024-10-30T02:30:00,13793,2466,488,0,0
2024-10-30T03:30:00,13580,2480,490,0,0
2024-10-30T04:30:00,13934,2419,488,0,0
2024-10-30T05:30:00,14331,2482,488,0,0
2024-10-30T06:30:00,16114,2494,487,0,0
2024-10-30T07:30:00,17562,2547,485,0,0
2024-10-30T08:30:00,17756,2722,486,0,0
2024-10-30T09:30:00,17088,2404,489,1,0
2024-10-30T10:30:00,16659,2741,485,1,0
2024-10-30T11:30:00,16248,2765,484,4,0
2024-10-30T12:30:00,15778,2797,446,6,0
2024-10-30T13:30:00,15823,2780,444,6,0
2024-10-30T14:30:00,15302,2494,443,3,0
2024-10-30T15:30:00,15064,2457,445,4,0
2024-10-30T16:30:00,15568,2488,445,1,0
2024-10-30T17:30:00,16329,2616,442,0,0
2024-10-30T18:30:00,16941,2574,444,0,0
2024-10-30T19:30:00,16329,2597,445,0,0
2024-10-30T20:30:00,15317,2647,449,0,0
2024-10-30T21:30:00,14483,2701,450,0,0
2024-10-30T22:30:00,13487,2766,448,0,0
2024-10-30T23:30:00,12381,2736,446,0,0
2024-10-31T00:30:00,11638,3045,445,0,0
2024-10-31T01:30:00,10999,3132,444,0,0
2024-10-31T02:30:00,10372,3063,444,0,0
2024-10-31T03:30:00,10494,2954,443,0,0
2024-10-31T04:30:00,10585,2864,442,0,0
2024-10-31T05:30:00,11508,2549,443,0,0
2024-10-31T06:30:00,13660,2311,441,0,0
2024-10-31T07:30:00,15126,2197,442,0,0
2024-10-31T08:30:00,15141,1752,442,0,0
2024-10-31T09:30:00,15557,1509,443,4,0
2024-10-31T10:30:00,15659,1343,436,6,0
2024-10-31T11:30:00,15536,1208,440,7,0
2024-10-31T12:30:00,15392,962,444,7,0
2024-10-31T13:30:00,15759,845,447,7,0
2024-10-31T14:30:00,16194,888,445,6,0
2024-10-31T15:30:00,16618,765,448,4,0
2024-10-31T16:30:00,16879,851,450,1,0
2024-10-31T17:30:00,17646,898,452,0,0
2024-10-31T18:30:00,17328,1115,453,0,0
2024-10-31T19:30:00,16978,1098,454,0,0
2024-10-31T20:30:00,16459,1289,455,0,0
2024-10-31T21:30:00,15762,1132,459,0,0
2024-10-31T22:30:00,15018,1101,461,0,0
2024-10-31T23:30:00,14254,935,461,0,0
2024-11-01T00:30:00,13680,933,461,0,0
2024-11-01T01:30:00,13229,1016,459,0,0
2024-11-01T02:30:00,12953,1011,458,0,0
2024-11-01T03:30:00,12848,989,460,0,0
2024-11-01T04:30:00,13165,851,454,0,0
2024-11-01T05:30:00,13454,1017,452,0,0
2024-11-01T06:30:00,14860,899,452,0,0
2024-11-01T07:30:00,16433,980,452,0,0
2024-11-01T08:30:00,17603,782,452,1,0
2024-11-01T09:30:00,18012,687,454,4,0
2024-11-01T10:30:00,17418,680,450,0,0
2024-11-01T11:30:00,16991,677,445,4,0
2024-11-01T12:30:00,16855,648,440,3,0
2024-11-01T13:30:00,16588,658,442,7,0
2024-11-01T14:30:00,16273,715,440,7,0
2024-11-01T15:30:00,16132,830,442,1,0
2024-11-01T16:30:00,16346,1019,451,0,0
2024-11-01T17:30:00,17681,1125,451,0,0
2024-11-01T18:30:00,17785,1216,459,0,0
2024-11-01T19:30:00,17018,1232,460,0,0
2024-11-01T20:30:00,16376,1265,461,0,0
2024-11-01T21:30:00,16076,1242,460,0,0
2024-11-01T22:30:00,15671,1077,461,0,0
2024-11-01T23:30:00,15018,960,460,0,0
2024-11-02T00:30:00,15099,765,462,0,0
2024-11-02T01:30:00,14791,729,464,0,0
2024-11-02T02:30:00,14899,690,460,0,0
2024-11-02T03:30:00,14710,668,461,0,0
2024-11-02T04:30:00,14857,741,463,0,0
2024-11-02T05:30:00,15259,726,464,0,0
2024-11-02T06:30:00,16468,692,464,0,0
2024-11-02T07:30:00,17963,722,463,0,0
2024-11-02T08:30:00,18878,756,465,0,0
2024-11-02T09:30:00,19174,777,462,0,0
2024-11-02T10:30:00,19066,743,460,1,0
2024-11-02T11:30:00,18982,794,461,1,0
2024-11-02T12:30:00,18938,813,487,1,0
2024-11-02T13:30:00,18637,831,488,1,0
2024-11-02T14:30:00,18228,941,487,1,0
2024-11-02T15:30:00,18255,992,487,1,0
2024-11-02T16:30:00,18770,1023,485,1,0
2024-11-02T17:30:00,19813,1141,488,0,0
2024-11-02T18:30:00,20095,1262,492,0,0
2024-11-02T19:30:00,19056,1387,499,0,0
2024-11-02T20:30:00,18684,1548,497,0,0
2024-11-02T21:30:00,18171,1594,496,0,0
2024-11-02T22:30:00,17554,1662,494,0,0
2024-11-02T23:30:00,17184,1603,495,0,0
2024-11-03T00:30:00,16978,1519,494,0,0
2024-11-03T01:30:00,35020,2814,1966,0,0
2024-11-03T02:30:00,16866,1448,490,0,0
2024-11-03T03:30:00,17174,1552,491,0,0
2024-11-03T04:30:00,17858,1415,486,0,0
2024-11-03T05:30:00,18909,1245,487,0,0
2024-11-03T06:30:00,19927,1251,489,0,0
2024-11-03T07:30:00,20830,1264,486,1,0
2024-11-03T08:30:00,20353,1160,487,4,0
2024-11-03T09:30:00,19845,1127,485,6,0
2024-11-03T10:30:00,19204,1043,485,7,0
2024-11-03T11:30:00,18565,1134,486,7,0
2024-11-03T12:30:00,17959,1324,481,7,0
2024-11-03T13:30:00,17284,1463,484,6,0
2024-11-03T14:30:00,16459,1541,488,4,0
2024-11-03T15:30:00,17674,1301,487,1,0
2024-11-03T16:30:00,19630,1222,488,0,0
2024-11-03T17:30:00,21039,1228,492,0,0
2024-11-03T18:30:00,20758,1276,495,0,0
2024-11-03T19:30:00,20097,1293,496,0,0
2024-11-03T20:30:00,19214,1235,498,0,0
2024-11-03T21:30:00,18720,1073,498,0,0
2024-11-03T22:30:00,18251,946,493,0,0
2024-11-03T23:30:00,17198,1002,495,0,0
2024-11-04T00:30:00,17429,880,495,0,0
2024-11-04T01:30:00,17563,789,494,0,0
2024-11-04T02:30:00,17478,783,493,0,0
2024-11-04T03:30:00,17525,837,494,0,0
2024-11-04T04:30:00,17805,843,493,0,0
2024-11-04T05:30:00,19376,841,494,0,0
2024-11-04T06:30:00,21231,788,519,0,0
2024-11-04T07:30:00,22409,756,519,0,0
2024-11-04T08:30:00,22989,735,521,0,0
2024-11-04T09:30:00,22307,679,519,1,0
2024-11-04T10:30:00,21775,590,509,1,0
2024-11-04T11:30:00,22151,491,507,1,0
2024-11-04T12:30:00,21428,520,504,1,0
2024-11-04T13:30:00,21728,446,573,0,0
2024-11-04T14:30:00,21589,498,568,0,0
2024-11-04T15:30:00,21248,728,564,0,0
2024-11-04T16:30:00,22435,1005,566,0,0
2024-11-04T17:30:00,23163,1191,566,0,0
2024-11-04T18:30:00,22649,1324,572,0,0
2024-11-04T19:30:00,21591,1283,580,0,0
2024-11-04T20:30:00,19965,1268,581,0,0
2024-11-04T21:30:00,19330,1202,579,0,0
2024-11-04T22:30:00,17893,1288,575,0,0
2024-11-04T23:30:00,16636,1265,583,0,0
2024-11-05T00:30:00,15879,1451,577,0,0
2024-11-05T01:30:00,15189,1688,577,0,0
2024-11-05T02:30:00,14910,1898,581,0,0
2024-11-05T03:30:00,14513,1988,575,0,0
2024-11-05T04:30:00,14546,2052,575,0,0
2024-11-05T05:30:00,15098,2109,578,0,0
2024-11-05T06:30:00,17209,2051,578,0,0
2024-11-05T07:30:00,18324,2002,578,0,0
2024-11-05T08:30:00,18426,1929,576,0,0
2024-11-05T09:30:00,18021,1895,576,0,0
2024-11-05T10:30:00,17681,1938,577,0,0
2024-11-05T11:30:00,17337,1965,576,0,0
2024-11-05T12:30:00,17019,1965,576,0,0
2024-11-05T13:30:00,16672,2012,573,0,0
2024-11-05T14:30:00,16232,2110,571,0,0
2024-11-05T15:30:00,16199,2259,569,0,0
2024-11-05T16:30:00,17100,2251,568,0,0
2024-11-05T17:30:00,18808,2152,572,0,0
2024-11-05T18:30:00,17371,2266,569,0,0
2024-11-05T19:30:00,16680,2360,573,0,0
2024-11-05T20:30:00,15830,2417,573,0,0
2024-11-05T21:30:00,14678,2396,572,0,0
2024-11-05T22:30:00,13699,2312,571,0,0
2024-11-05T23:30:00,12524,2239,569,0,0
2024-11-06T00:30:00,12497,2163,566,0,0
2024-11-06T01:30:00,11962,2164,568,0,0
2024-11-06T02:30:00,11612,2250,566,0,0
2024-11-06T03:30:00,11435,2219,566,0,0
2024-11-06T04:30:00,11517,2142,564,0,0
2024-11-06T05:30:00,12003,2166,563,0,0
2024-11-06T06:30:00,14372,2086,565,0,0
2024-11-06T07:30:00,15278,2058,562,0,0
2024-11-06T08:30:00,15361,1746,567,0,0
2024-11-06T09:30:00,14670,1756,564,0,0
2024-11-06T10:30:00,14744,1547,564,4,0
2024-11-06T11:30:00,13939,2229,563,4,0
2024-11-06T12:30:00,13718,2482,563,2,0
2024-11-06T13:30:00,13856,2316,565,2,0
2024-11-06T14:30:00,14600,2113,566,2,0
2024-11-06T15:30:00,15338,2209,563,1,0
2024-11-06T16:30:00,16100,2009,563,0,0
2024-11-06T17:30:00,17684,2210,563,0,0
2024-11-06T18:30:00,17474,2254,566,0,0
2024-11-06T19:30:00,16289,1658,567,0,0
2024-11-06T20:30:00,15533,1484,567,0,0
2024-11-06T21:30:00,14562,1670,567,0,0
2024-11-06T22:30:00,13840,1545,565,0,0
2024-11-06T23:30:00,14111,1133,564,0,0
2024-11-07T00:30:00,14245,989,564,0,0
2024-11-07T01:30:00,13999,989,565,0,0
2024-11-07T02:30:00,14044,1169,559,0,0
2024-11-07T03:30:00,13820,1249,563,0,0
2024-11-07T04:30:00,14237,1341,563,0,0
2024-11-07T05:30:00,14866,1713,563,0,0
2024-11-07T06:30:00,16496,2013,562,0,0
2024-11-07T07:30:00,17531,2226,564,0,0
2024-11-07T08:30:00,17447,2260,563,0,0
2024-11-07T09:30:00,16140,2275,563,1,0
2024-11-07T10:30:00,15470,2503,562,5,0
2024-11-07T11:30:00,15538,2462,561,8,0
2024-11-07T12:30:00,14733,2518,588,8,0
2024-11-07T13:30:00,14519,2685,585,7,0
2024-11-07T14:30:00,14506,2822,588,5,0
2024-11-07T15:30:00,15519,2889,590,2,0
2024-11-07T16:30:00,16947,2661,589,0,0
2024-11-07T17:30:00,18815,2767,591,0,0
2024-11-07T18:30:00,18363,2811,589,0,0
2024-11-07T19:30:00,17754,2694,594,0,0
2024-11-07T20:30:00,17173,2576,593,0,0
2024-11-07T21:30:00,15712,2515,593,0,0
2024-11-07T22:30:00,14963,2385,592,0,0
2024-11-07T23:30:00,14338,2188,594,0,0
2024-11-08T00:30:00,13541,1983,588,0,0
2024-11-08T01:30:00,13201,2091,590,0,0
2024-11-08T02:30:00,13177,1985,588,0,0
2024-11-08T03:30:00,13120,2081,587,0,0
2024-11-08T04:30:00,13215,2232,588,0,0
2024-11-08T05:30:00,13887,2455,588,0,0
2024-11-08T06:30:00,15626,2701,591,0,0
2024-11-08T07:30:00,17126,2859,591,0,0
2024-11-08T08:30:00,16707,2939,588,0,0
2024-11-08T09:30:00,16463,2840,590,0,0
2024-11-08T10:30:00,16008,2905,586,1,0
2024-11-08T11:30:00,15545,2925,588,1,0
2024-11-08T12:30:00,15442,2939,580,7,0
2024-11-08T13:30:00,14627,2942,579,7,0
2024-11-08T14:30:00,14971,2928,582,0,0
2024-11-08T15:30:00,15448,2582,578,0,0
2024-11-08T16:30:00,16797,2555,576,0,0
2024-11-08T17:30:00,17882,2551,579,0,0
2024-11-08T18:30:00,17507,2567,585,0,0
2024-11-08T19:30:00,16861,2603,591,0,0
2024-11-08T20:30:00,16205,2942,593,0,0
2024-11-08T21:30:00,15360,2527,594,0,0
2024-11-08T22:30:00,14581,2777,591,0,0
2024-11-08T23:30:00,13657,2433,592,0,0
2024-11-09T00:30:00,13604,2449,592,0,0
2024-11-09T01:30:00,13421,2875,592,0,0
2024-11-09T02:30:00,13354,2861,592,0,0
2024-11-09T03:30:00,13414,2886,591,0,0
2024-11-09T04:30:00,13486,2882,591,0,0
2024-11-09T05:30:00,14383,2408,592,0,0
2024-11-09T06:30:00,15695,2754,592,0,0
2024-11-09T07:30:00,16354,2292,590,0,0
2024-11-09T08:30:00,16519,2631,589,4,0
2024-11-09T09:30:00,16496,2629,584,7,0
2024-11-09T10:30:00,16233,2429,585,8,0
2024-11-09T11:30:00,15809,2441,579,8,0
2024-11-09T12:30:00,15417,2103,579,8,0
2024-11-09T13:30:00,14941,1888,593,7,0
2024-11-09T14:30:00,14893,1870,596,5,0
2024-11-09T15:30:00,15906,1719,591,2,0
2024-11-09T16:30:00,17778,1966,590,0,0
2024-11-09T17:30:00,19872,1750,590,0,0
2024-11-09T18:30:00,19351,1433,593,0,0
2024-11-09T19:30:00,19189,1043,596,0,0
2024-11-09T20:30:00,18834,928,596,0,0
2024-11-09T21:30:00,18071,969,598,0,0
2024-11-09T22:30:00,17300,1236,599,0,0
2024-11-09T23:30:00,16550,1575,599,0,0
2024-11-10T00:30:00,16063,1659,597,0,0
2024-11-10T01:30:00,15849,1827,596,0,0
2024-11-10T02:30:00,15629,1988,596,0,0
2024-11-10T03:30:00,15693,2173,598,0,0
2024-11-10T04:30:00,15369,2433,596,0,0
2024-11-10T05:30:00,16007,2518,597,0,0
2024-11-10T06:30:00,16567,2539,596,0,0
2024-11-10T07:30:00,17486,2439,592,1,0
2024-11-10T08:30:00,17360,2397,589,3,0
2024-11-10T09:30:00,16913,2201,591,6,0
2024-11-10T10:30:00,16515,2014,589,8,0
2024-11-10T11:30:00,16075,1889,587,8,0
2024-11-10T12:30:00,16608,1801,586,3,0
2024-11-10T13:30:00,16093,1722,590,1,0
2024-11-10T14:30:00,16938,1749,596,0,0
2024-11-10T15:30:00,17205,1764,592,0,0
2024-11-10T16:30:00,18547,1785,586,0,0
2024-11-10T17:30:00,19981,1803,588,0,0
2024-11-10T18:30:00,19063,1834,588,0,0
2024-11-10T19:30:00,17946,1619,592,0,0
2024-11-10T20:30:00,17567,1345,593,0,0
2024-11-10T21:30:00,17068,1017,595,0,0
2024-11-10T22:30:00,16136,871,595,0,0
2024-11-10T23:30:00,15659,570,598,0,0
2024-11-11T00:30:00,15567,380,594,0,0
2024-11-11T01:30:00,15517,258,594,0,0
2024-11-11T02:30:00,15365,404,595,0,0
2024-11-11T03:30:00,15101,696,596,0,0
2024-11-11T04:30:00,15520,702,596,0,0
2024-11-11T05:30:00,16257,850,595,0,0
2024-11-11T06:30:00,17783,1117,595,0,0
2024-11-11T07:30:00,19895,1466,595,0,0
2024-11-11T08:30:00,19830,1593,596,0,0
2024-11-11T09:30:00,19548,1656,595,0,0
2024-11-11T10:30:00,19350,1548,598,1,0
2024-11-11T11:30:00,19654,1478,595,0,0
2024-11-11T12:30:00,19377,1501,590,0,0
2024-11-11T13:30:00,19322,1411,581,1,0
2024-11-11T14:30:00,19100,1293,580,2,0
2024-11-11T15:30:00,20636,1124,579,0,0
2024-11-11T16:30:00,21232,1063,581,0,0
2024-11-11T17:30:00,22363,1068,580,0,0
2024-11-11T18:30:00,21428,1047,583,0,0
2024-11-11T19:30:00,20012,861,585,0,0
2024-11-11T20:30:00,19265,660,588,0,0
2024-11-11T21:30:00,18424,544,587,0,0
2024-11-11T22:30:00,17605,481,589,0,0
2024-11-11T23:30:00,15959,370,590,0,0
2024-11-12T00:30:00,16745,440,585,0,0
2024-11-12T01:30:00,16558,487,583,0,0
2024-11-12T02:30:00,16440,638,586,0,0
2024-11-12T03:30:00,16130,1017,587,0,0
2024-11-12T04:30:00,16473,1239,589,0,0
2024-11-12T05:30:00,17370,1487,589,0,0
2024-11-12T06:30:00,19134,1686,589,0,0
2024-11-12T07:30:00,20580,2002,591,0,0
2024-11-12T08:30:00,19719,2264,591,1,0
2024-11-12T09:30:00,18778,2074,593,3,0
2024-11-12T10:30:00,18096,2167,593,4,0
2024-11-12T11:30:00,17600,2280,591,8,0
2024-11-12T12:30:00,17253,2351,603,8,0
2024-11-12T13:30:00,17309,2396,600,7,0
2024-11-12T14:30:00,17519,2476,600,5,0
2024-11-12T15:30:00,18398,2568,607,1,0
2024-11-12T16:30:00,20815,2599,609,0,0
2024-11-12T17:30:00,22491,2469,611,0,0
2024-11-12T18:30:00,22640,2368,612,0,0
2024-11-12T19:30:00,21897,2263,616,0,0
2024-11-12T20:30:00,21128,2184,619,0,0
2024-11-12T21:30:00,19998,2446,621,0,0
2024-11-12T22:30:00,19172,2333,621,0,0
2024-11-12T23:30:00,18285,2275,620,0,0
2024-11-13T00:30:00,17246,2098,620,0,0
2024-11-13T01:30:00,17286,1996,620,0,0
2024-11-13T02:30:00,17294,1898,619,0,0
2024-11-13T03:30:00,17586,1829,620,0,0
2024-11-13T04:30:00,18976,1654,617,0,0
2024-11-13T05:30:00,20572,1614,618,0,0
2024-11-13T06:30:00,23125,1641,617,0,0
2024-11-13T07:30:00,23629,1503,617,0,0
2024-11-13T08:30:00,22528,1196,616,4,0
2024-11-13T09:30:00,20851,1029,619,6,0
2024-11-13T10:30:00,20425,818,617,8,0
2024-11-13T11:30:00,19967,697,617,8,0
2024-11-13T12:30:00,19499,636,607,8,0
2024-11-13T13:30:00,19232,618,606,7,0
2024-11-13T14:30:00,19101,720,606,5,0
2024-11-13T15:30:00,20192,723,607,1,0
2024-11-13T16:30:00,22442,765,606,0,0
2024-11-13T17:30:00,24729,803,607,0,0
2024-11-13T18:30:00,23893,834,607,0,0
2024-11-13T19:30:00,23423,949,613,0,0
2024-11-13T20:30:00,23146,918,612,0,0
2024-11-13T21:30:00,22608,759,611,0,0
2024-11-13T22:30:00,21314,717,612,0,0
2024-11-13T23:30:00,20268,693,611,0,0
2024-11-14T00:30:00,19877,664,609,0,0
2024-11-14T01:30:00,19811,699,609,0,0
2024-11-14T02:30:00,19795,849,610,0,0
2024-11-14T03:30:00,19972,1057,609,0,0
2024-11-14T04:30:00,20374,959,608,0,0
2024-11-14T05:30:00,21680,1050,610,0,0
2024-11-14T06:30:00,23917,1165,610,0,0
2024-11-14T07:30:00,24783,1239,610,0,0
2024-11-14T08:30:00,23723,1064,607,3,0
2024-11-14T09:30:00,22801,671,606,5,0
2024-11-14T10:30:00,22105,527,599,5,0
2024-11-14T11:30:00,21403,408,600,6,0
2024-11-14T12:30:00,20545,441,589,6,0
2024-11-14T13:30:00,20277,503,594,5,0
2024-11-14T14:30:00,20611,678,595,3,0
2024-11-14T15:30:00,21476,848,596,1,0
2024-11-14T16:30:00,23259,1113,596,0,0
2024-11-14T17:30:00,23823,1577,599,0,0
2024-11-14T18:30:00,23344,1810,599,0,0
2024-11-14T19:30:00,22709,1973,601,0,0
2024-11-14T20:30:00,21894,1999,603,0,0
2024-11-14T21:30:00,20554,1956,604,0,0
2024-11-14T22:30:00,20043,1571,605,0,0
2024-11-14T23:30:00,18584,1996,607,0,0
2024-11-15T00:30:00,18067,1825,605,0,0
2024-11-15T01:30:00,17357,1805,603,0,0
2024-11-15T02:30:00,17428,1827,605,0,0
2024-11-15T03:30:00,17504,1783,601,0,0
2024-11-15T04:30:00,18055,1866,600,0,0
2024-11-15T05:30:00,19479,1842,601,0,0
2024-11-15T06:30:00,22407,1762,599,0,0
2024-11-15T07:30:00,23244,1809,597,0,0
2024-11-15T08:30:00,22270,1816,601,2,0
2024-11-15T09:30:00,20390,1817,600,6,0
2024-11-15T10:30:00,19144,1900,599,7,0
2024-11-15T11:30:00,18208,2184,604,8,0
2024-11-15T12:30:00,17796,2067,608,7,0
2024-11-15T13:30:00,17471,1982,598,6,0
2024-11-15T14:30:00,17499,2029,597,4,0
2024-11-15T15:30:00,17598,2165,596,1,0
2024-11-15T16:30:00,18893,1976,597,0,0
2024-11-15T17:30:00,20412,1971,597,0,0
2024-11-15T18:30:00,19673,1922,605,0,0
2024-11-15T19:30:00,18941,2258,604,0,0
2024-11-15T20:30:00,18276,2121,603,0,0
2024-11-15T21:30:00,17864,1981,602,0,0
2024-11-15T22:30:00,16899,1853,606,0,0
2024-11-15T23:30:00,16114,1689,604,0,0
2024-11-16T00:30:00,15334,1648,604,0,0
2024-11-16T01:30:00,14980,1648,603,0,0
2024-11-16T02:30:00,15238,1543,603,0,0
2024-11-16T03:30:00,14935,1495,604,0,0
2024-11-16T04:30:00,15345,1463,602,0,0
2024-11-16T05:30:00,15755,1474,604,0,0
2024-11-16T06:30:00,17018,1311,602,0,0
2024-11-16T07:30:00,17847,1253,603,0,0
2024-11-16T08:30:00,18045,988,602,2,0
2024-11-16T09:30:00,18023,848,603,6,0
2024-11-16T10:30:00,17837,765,603,6,0
2024-11-16T11:30:00,17585,812,602,8,0
2024-11-16T12:30:00,17046,948,590,7,0
2024-11-16T13:30:00,16634,973,588,6,0
2024-11-16T14:30:00,15875,1139,588,4,0
2024-11-16T15:30:00,16238,1338,587,1,0
2024-11-16T16:30:00,17244,1517,589,0,0
2024-11-16T17:30:00,18450,1513,591,0,0
2024-11-16T18:30:00,17563,1432,595,0,0
2024-11-16T19:30:00,17172,1354,597,0,0
2024-11-16T20:30:00,16854,1203,596,0,0
2024-11-16T21:30:00,16335,1139,591,0,0
2024-11-16T22:30:00,16117,1065,594,0,0
2024-11-16T23:30:00,15625,1091,592,0,0
2024-11-17T00:30:00,15340,1058,592,0,0
2024-11-17T01:30:00,15204,1160,591,0,0
2024-11-17T02:30:00,15434,1088,590,0,0
2024-11-17T03:30:00,15688,1055,586,0,0
2024-11-17T04:30:00,16214,957,586,0,0
2024-11-17T05:30:00,16913,960,584,0,0
2024-11-17T06:30:00,18114,983,589,0,0
2024-11-17T07:30:00,19278,934,592,0,0
2024-11-17T08:30:00,18583,894,590,3,0
2024-11-17T09:30:00,18557,576,585,5,0
2024-11-17T10:30:00,18253,411,577,7,0
2024-11-17T11:30:00,17766,437,573,7,0
2024-11-17T12:30:00,17730,433,546,6,0
2024-11-17T13:30:00,17327,484,548,3,0
2024-11-17T14:30:00,17413,585,547,1,0
2024-11-17T15:30:00,17973,766,546,0,0
2024-11-17T16:30:00,19925,798,547,0,0
2024-11-17T17:30:00,21223,708,546,0,0
2024-11-17T18:30:00,20662,608,547,0,0
2024-11-17T19:30:00,19926,294,546,0,0
2024-11-17T20:30:00,19265,287,550,0,0
2024-11-17T21:30:00,18380,308,550,0,0
2024-11-17T22:30:00,17524,459,552,0,0
2024-11-17T23:30:00,16637,280,548,0,0
2024-11-18T00:30:00,16178,256,550,0,0
2024-11-18T01:30:00,15880,348,550,0,0
2024-11-18T02:30:00,15455,648,549,0,0
2024-11-18T03:30:00,15652,609,547,0,0
2024-11-18T04:30:00,15986,714,546,0,0
2024-11-18T05:30:00,17604,492,547,0,0
2024-11-18T06:30:00,19412,396,548,0,0
2024-11-18T07:30:00,20665,465,549,0,0
2024-11-18T08:30:00,20863,457,547,0,0
2024-11-18T09:30:00,19861,362,548,1,0
2024-11-18T10:30:00,19728,350,549,1,0
2024-11-18T11:30:00,19210,420,554,3,0
2024-11-18T12:30:00,18801,436,562,1,0
2024-11-18T13:30:00,18234,526,562,3,0
2024-11-18T14:30:00,17976,692,559,1,0
2024-11-18T15:30:00,18133,850,558,0,0
2024-11-18T16:30:00,20358,1045,560,0,0
2024-11-18T17:30:00,21155,1246,561,0,0
2024-11-18T18:30:00,20570,1340,566,0,0
2024-11-18T19:30:00,19461,1567,567,0,0
2024-11-18T20:30:00,18167,1547,570,0,0
2024-11-18T21:30:00,17327,1492,568,0,0
2024-11-18T22:30:00,15961,1680,569,0,0
2024-11-18T23:30:00,15226,1673,568,0,0
2024-11-19T00:30:00,14613,1623,563,0,0
2024-11-19T01:30:00,14249,1712,561,0,0
2024-11-19T02:30:00,14406,1664,561,0,0
2024-11-19T03:30:00,14502,1721,563,0,0
2024-11-19T04:30:00,15110,1681,562,0,0
2024-11-19T05:30:00,16314,1796,560,0,0
2024-11-19T06:30:00,18304,1691,560,0,0
2024-11-19T07:30:00,19671,1668,559,0,0
2024-11-19T08:30:00,19124,1607,558,3,0
2024-11-19T09:30:00,18005,1495,562,4,0
2024-11-19T10:30:00,17233,1390,561,7,0
2024-11-19T11:30:00,16781,1395,559,7,0
2024-11-19T12:30:00,16290,1364,544,6,0
2024-11-19T13:30:00,16216,1396,547,7,0
2024-11-19T14:30:00,16040,1362,546,3,0
2024-11-19T15:30:00,16304,1438,545,1,0
2024-11-19T16:30:00,17803,1460,541,0,0
2024-11-19T17:30:00,20281,1382,544,0,0
2024-11-19T18:30:00,19798,1316,549,0,0
2024-11-19T19:30:00,19501,1251,547,0,0
2024-11-19T20:30:00,18904,1105,548,0,0
2024-11-19T21:30:00,18271,1035,549,0,0
2024-11-19T22:30:00,17112,990,548,0,0
2024-11-19T23:30:00,16313,981,549,0,0
2024-11-20T00:30:00,15497,1101,549,0,0
2024-11-20T01:30:00,15481,1151,549,0,0
2024-11-20T02:30:00,15607,1242,550,0,0
2024-11-20T03:30:00,15664,1244,549,0,0
2024-11-20T04:30:00,16038,1198,550,0,0
2024-11-20T05:30:00,16698,1379,549,0,0
2024-11-20T06:30:00,18752,1444,547,0,0
2024-11-20T07:30:00,20033,1454,550,0,0
2024-11-20T08:30:00,19742,1388,549,0,0
2024-11-20T09:30:00,19030,1412,545,1,0
2024-11-20T10:30:00,18395,1341,547,2,0
2024-11-20T11:30:00,18089,1320,545,3,0
2024-11-20T12:30:00,17756,1299,539,1,0
2024-11-20T13:30:00,17677,1353,538,2,0
2024-11-20T14:30:00,17476,1347,536,1,0
2024-11-20T15:30:00,18439,1376,537,0,0
2024-11-20T16:30:00,19552,1436,540,0,0
2024-11-20T17:30:00,20432,1428,538,0,0
2024-11-20T18:30:00,20357,1487,538,0,0
2024-11-20T19:30:00,19731,1517,539,0,0
2024-11-20T20:30:00,19133,1415,538,0,0
2024-11-20T21:30:00,18172,1450,535,0,0
2024-11-20T22:30:00,16983,1460,534,0,0
2024-11-20T23:30:00,15881,1423,533,0,0
2024-11-21T00:30:00,15236,1369,528,0,0
2024-11-21T01:30:00,14857,1353,535,0,0
2024-11-21T02:30:00,14799,1338,532,0,0
2024-11-21T03:30:00,14601,1358,530,0,0
2024-11-21T04:30:00,15014,1426,527,0,0
2024-11-21T05:30:00,15940,1414,524,0,0
2024-11-21T06:30:00,18094,1423,522,0,0
2024-11-21T07:30:00,19534,1416,524,0,0
2024-11-21T08:30:00,19938,1385,522,1,0
2024-11-21T09:30:00,19143,1380,519,1,0
2024-11-21T10:30:00,19072,1277,519,0,0
2024-11-21T11:30:00,19193,1142,518,1,0
2024-11-21T12:30:00,18586,1132,524,1,0
2024-11-21T13:30:00,19012,1251,525,0,0
2024-11-21T14:30:00,19119,1372,528,0,0
2024-11-21T15:30:00,19082,1619,528,0,0
2024-11-21T16:30:00,20276,1786,527,0,0
2024-11-21T17:30:00,20433,1993,530,0,0
2024-11-21T18:30:00,20261,1948,531,0,0
2024-11-21T19:30:00,18572,2052,530,0,0
2024-11-21T20:30:00,17671,2243,531,0,0
2024-11-21T21:30:00,16705,2275,529,0,0
2024-11-21T22:30:00,15590,2298,532,0,0
2024-11-21T23:30:00,14392,2288,532,0,0
2024-11-22T00:30:00,13805,2184,529,0,0
2024-11-22T01:30:00,13456,2141,533,0,0
2024-11-22T02:30:00,13565,2038,537,0,0
2024-11-22T03:30:00,13872,1856,537,0,0
2024-11-22T04:30:00,14425,1701,540,0,0
2024-11-22T05:30:00,15512,1640,543,0,0
2024-11-22T06:30:00,17338,1630,546,0,0
2024-11-22T07:30:00,18864,1550,546,0,0
2024-11-22T08:30:00,19493,1519,541,0,0
2024-11-22T09:30:00,19222,1524,539,0,0
2024-11-22T10:30:00,19133,1525,544,0,0
2024-11-22T11:30:00,18911,1499,539,1,0
2024-11-22T12:30:00,18773,1443,559,1,0
2024-11-22T13:30:00,18317,1447,563,1,0
2024-11-22T14:30:00,18165,1486,564,3,0
2024-11-22T15:30:00,18544,1348,567,1,0
2024-11-22T16:30:00,19836,1333,566,0,0
2024-11-22T17:30:00,20438,1204,572,0,0
2024-11-22T18:30:00,20130,1240,580,0,0
2024-11-22T19:30:00,19309,1159,583,0,0
2024-11-22T20:30:00,18672,1101,584,0,0
2024-11-22T21:30:00,18082,964,585,0,0
2024-11-22T22:30:00,17464,853,583,0,0
2024-11-22T23:30:00,16739,754,583,0,0
2024-11-23T00:30:00,15821,805,581,0,0
2024-11-23T01:30:00,15337,873,581,0,0
2024-11-23T02:30:00,15439,794,583,0,0
2024-11-23T03:30:00,15159,756,583,0,0
2024-11-23T04:30:00,15487,815,583,0,0
2024-11-23T05:30:00,15999,874,586,0,0
2024-11-23T06:30:00,16641,837,586,0,0
2024-11-23T07:30:00,17437,785,580,0,0
2024-11-23T08:30:00,18370,823,576,0,0
2024-11-23T09:30:00,18835,902,578,1,0
2024-11-23T10:30:00,18844,908,579,1,0
2024-11-23T11:30:00,18720,1029,579,2,0
2024-11-23T12:30:00,18431,1172,564,1,0
2024-11-23T13:30:00,18278,1265,561,1,0
2024-11-23T14:30:00,17688,1453,565,0,0
2024-11-23T15:30:00,17753,1513,561,0,0
2024-11-23T16:30:00,18945,1477,567,0,0
2024-11-23T17:30:00,19625,1499,571,0,0
2024-11-23T18:30:00,18820,1227,570,0,0
2024-11-23T19:30:00,17930,1271,572,0,0
2024-11-23T20:30:00,17453,1571,571,0,0
2024-11-23T21:30:00,17065,1471,570,0,0
2024-11-23T22:30:00,16312,1463,571,0,0
2024-11-23T23:30:00,15797,1454,571,0,0
2024-11-24T00:30:00,15348,1434,569,0,0
2024-11-24T01:30:00,15200,1337,567,0,0
2024-11-24T02:30:00,15282,1196,563,0,0
2024-11-24T03:30:00,15699,1154,562,0,0
2024-11-24T04:30:00,16591,1093,562,0,0
2024-11-24T05:30:00,17468,983,558,0,0
2024-11-24T06:30:00,18649,863,560,0,0
2024-11-24T07:30:00,19445,837,560,0,0
2024-11-24T08:30:00,20216,872,560,1,0
2024-11-24T09:30:00,20236,858,553,1,0
2024-11-24T10:30:00,20498,844,549,1,0
2024-11-24T11:30:00,20611,854,549,1,0
2024-11-24T12:30:00,20578,908,553,1,0
2024-11-24T13:30:00,20175,911,556,2,0
2024-11-24T14:30:00,20096,935,558,1,0
2024-11-24T15:30:00,20575,1070,559,0,0
2024-11-24T16:30:00,21608,1236,560,0,0
2024-11-24T17:30:00,22496,1258,565,0,0
2024-11-24T18:30:00,22206,1290,570,0,0
2024-11-24T19:30:00,21724,1187,570,0,0
2024-11-24T20:30:00,21051,1106,566,0,0
2024-11-24T21:30:00,19918,973,567,0,0
2024-11-24T22:30:00,18644,918,566,0,0
2024-11-24T23:30:00,17664,893,563,0,0
2024-11-25T00:30:00,17431,861,564,0,0
2024-11-25T01:30:00,17213,793,561,0,0
2024-11-25T02:30:00,17105,785,555,0,0
2024-11-25T03:30:00,17222,785,557,0,0
2024-11-25T04:30:00,18234,725,553,0,0
2024-11-25T05:30:00,19574,749,552,0,0
2024-11-25T06:30:00,21165,725,548,0,0
2024-11-25T07:30:00,22894,734,548,0,0
2024-11-25T08:30:00,23071,713,552,1,0
2024-11-25T09:30:00,21882,710,547,1,0
2024-11-25T10:30:00,20851,679,548,3,0
2024-11-25T11:30:00,20555,657,548,5,0
2024-11-25T12:30:00,20172,600,578,3,0
2024-11-25T13:30:00,19955,568,580,2,0
2024-11-25T14:30:00,19794,572,580,1,0
2024-11-25T15:30:00,20605,656,579,1,0
2024-11-25T16:30:00,22275,613,578,0,0
2024-11-25T17:30:00,23727,498,584,0,0
2024-11-25T18:30:00,23506,369,591,0,0
2024-11-25T19:30:00,23124,307,591,0,0
2024-11-25T20:30:00,22639,214,592,0,0
2024-11-25T21:30:00,21552,143,591,0,0
2024-11-25T22:30:00,20284,105,589,0,0
2024-11-25T23:30:00,19622,94,588,0,0
2024-11-26T00:30:00,19471,92,586,0,0
2024-11-26T01:30:00,19378,68,587,0,0
2024-11-26T02:30:00,19016,45,586,0,0
2024-11-26T03:30:00,19001,48,584,0,0
2024-11-26T04:30:00,19852,55,585,0,0
2024-11-26T05:30:00,20947,72,586,0,0
2024-11-26T06:30:00,23149,123,587,0,0
2024-11-26T07:30:00,24470,170,588,0,0
2024-11-26T08:30:00,24475,214,590,0,0
2024-11-26T09:30:00,24490,313,594,0,0
2024-11-26T10:30:00,24131,363,589,0,0
2024-11-26T11:30:00,24161,431,589,0,0
2024-11-26T12:30:00,23875,510,609,0,0
2024-11-26T13:30:00,23681,672,610,0,0
2024-11-26T14:30:00,23484,847,612,0,0
2024-11-26T15:30:00,23450,945,611,0,0
2024-11-26T16:30:00,24356,1043,611,0,0
2024-11-26T17:30:00,24590,1182,609,0,0
2024-11-26T18:30:00,24157,1317,613,0,0
2024-11-26T19:30:00,23242,1344,614,0,0
2024-11-26T20:30:00,22688,1387,620,0,0
2024-11-26T21:30:00,21526,1370,616,0,0
2024-11-26T22:30:00,19948,1343,616,0,0
2024-11-26T23:30:00,19082,1178,615,0,0
2024-11-27T00:30:00,19674,1019,614,0,0
2024-11-27T01:30:00,19624,859,616,0,0
2024-11-27T02:30:00,19644,795,615,0,0
2024-11-27T03:30:00,19505,731,610,0,0
2024-11-27T04:30:00,20159,636,606,0,0
2024-11-27T05:30:00,21130,738,605,0,0
2024-11-27T06:30:00,23038,762,604,0,0
2024-11-27T07:30:00,24223,791,604,0,0
2024-11-27T08:30:00,23934,789,605,1,0
2024-11-27T09:30:00,22477,774,607,5,55
2024-11-27T10:30:00,21533,725,607,7,0
2024-11-27T11:30:00,21143,695,606,3,0
2024-11-27T12:30:00,21205,722,603,6,0
2024-11-27T13:30:00,21568,706,606,1,0
2024-11-27T14:30:00,21416,802,612,1,0
2024-11-27T15:30:00,22123,781,611,0,0
2024-11-27T16:30:00,23353,870,618,0,0
2024-11-27T17:30:00,24143,939,616,0,0
2024-11-27T18:30:00,23870,961,618,0,0
2024-11-27T19:30:00,23261,915,617,0,0
2024-11-27T20:30:00,22696,907,622,0,0
2024-11-27T21:30:00,21646,938,624,0,0
2024-11-27T22:30:00,20450,760,621,0,0
2024-11-27T23:30:00,19475,682,620,0,0
2024-11-28T00:30:00,19036,663,621,0,0
2024-11-28T01:30:00,18870,685,626,0,0
2024-11-28T02:30:00,18880,637,625,0,0
2024-11-28T03:30:00,19105,615,624,0,0
2024-11-28T04:30:00,19720,593,622,0,0
2024-11-28T05:30:00,20829,615,624,0,0
2024-11-28T06:30:00,22454,670,624,0,0
2024-11-28T07:30:00,24037,582,624,0,0
2024-11-28T08:30:00,23992,533,624,0,0
2024-11-28T09:30:00,23653,384,627,0,0
2024-11-28T10:30:00,23605,298,631,0,0
2024-11-28T11:30:00,23328,245,627,0,0
2024-11-28T12:30:00,23443,225,631,0,0
2024-11-28T13:30:00,23587,211,632,0,0
2024-11-28T14:30:00,23272,276,633,0,0
2024-11-28T15:30:00,23369,442,632,0,0
2024-11-28T16:30:00,24670,604,634,0,0
2024-11-28T17:30:00,25215,630,634,0,0
2024-11-28T18:30:00,24923,638,634,0,0
2024-11-28T19:30:00,24121,647,634,0,0
2024-11-28T20:30:00,23407,736,633,0,0
2024-11-28T21:30:00,22803,710,633,0,0
2024-11-28T22:30:00,21499,682,632,0,0
2024-11-28T23:30:00,20797,570,633,0,0
2024-11-29T00:30:00,20359,506,633,0,0
2024-11-29T01:30:00,20381,520,634,0,0
2024-11-29T02:30:00,20263,464,631,0,0
2024-11-29T03:30:00,20243,548,629,0,0
2024-11-29T04:30:00,20921,601,630,0,0
2024-11-29T05:30:00,21912,609,629,0,0
2024-11-29T06:30:00,23814,604,629,0,0
2024-11-29T07:30:00,25016,615,628,0,0
2024-11-29T08:30:00,25009,571,627,0,0
2024-11-29T09:30:00,24805,532,625,1,0
2024-11-29T10:30:00,23791,507,625,1,0
2024-11-29T11:30:00,22976,454,622,1,0
2024-11-29T12:30:00,22567,418,624,1,0
2024-11-29T13:30:00,22390,369,630,2,0
2024-11-29T14:30:00,22819,346,629,1,0
2024-11-29T15:30:00,23496,365,631,0,0
2024-11-29T16:30:00,25576,333,634,0,0
2024-11-29T17:30:00,26000,476,636,0,0
2024-11-29T18:30:00,25901,439,635,0,0
2024-11-29T19:30:00,24565,465,639,0,0
2024-11-29T20:30:00,23706,668,640,0,0
2024-11-29T21:30:00,22888,915,639,0,0
2024-11-29T22:30:00,21521,1026,636,0,0
2024-11-29T23:30:00,20769,963,637,0,0
2024-11-30T00:30:00,20032,985,637,0,0
2024-11-30T01:30:00,19822,946,639,0,0
2024-11-30T02:30:00,20171,914,641,0,0
2024-11-30T03:30:00,20246,955,641,0,0
2024-11-30T04:30:00,20329,979,640,0,0
2024-11-30T05:30:00,20886,1060,641,0,0
2024-11-30T06:30:00,21619,1096,639,0,0
2024-11-30T07:30:00,22534,1241,640,0,0
2024-11-30T08:30:00,22580,1149,639,0,0
2024-11-30T09:30:00,23296,1094,639,1,0
2024-11-30T10:30:00,23328,1193,641,0,0
2024-11-30T11:30:00,22846,1133,636,0,0
2024-11-30T12:30:00,22714,1179,637,2,0
2024-11-30T13:30:00,23309,1166,636,1,0
2024-11-30T14:30:00,22435,1135,641,2,0
2024-11-30T15:30:00,22913,1125,645,0,0
2024-11-30T16:30:00,24714,1060,647,0,0
2024-11-30T17:30:00,25321,1159,646,0,0
2024-11-30T18:30:00,25144,1142,649,0,0
2024-11-30T19:30:00,23835,1230,652,0,0
2024-11-30T20:30:00,23010,1327,651,0,0
2024-11-30T21:30:00,22194,1369,649,0,0
2024-11-30T22:30:00,21131,1364,647,0,0
2024-11-30T23:30:00,20631,1378,646,0,0
2024-12-01T00:30:00,20915,1344,647,0,0
2024-12-01T01:30:00,21339,1336,649,0,0
2024-12-01T02:30:00,20503,1297,632,0,0
2024-12-01T03:30:00,20829,1402,630,0,0
2024-12-01T04:30:00,20877,1546,630,0,0
2024-12-01T05:30:00,21378,1486,629,0,0
2024-12-01T06:30:00,22113,1489,630,0,0
2024-12-01T07:30:00,23038,1511,632,0,0
2024-12-01T08:30:00,23752,1462,631,0,0
2024-12-01T09:30:00,24044,1346,631,0,0
2024-12-01T10:30:00,25039,1382,632,1,0
2024-12-01T11:30:00,24215,1486,637,0,0
2024-12-01T12:30:00,24331,1433,613,0,0
2024-12-01T13:30:00,24705,1351,612,1,0
2024-12-01T14:30:00,25433,1130,606,1,0
2024-12-01T15:30:00,25997,973,609,0,0
2024-12-01T16:30:00,27395,999,609,0,0
2024-12-01T17:30:00,27666,1131,617,0,0
2024-12-01T18:30:00,27735,1096,618,0,0
2024-12-01T19:30:00,26953,1023,623,0,0
2024-12-01T20:30:00,26335,991,622,0,0
2024-12-01T21:30:00,25759,863,623,0,0
2024-12-01T22:30:00,24923,813,622,0,0
2024-12-01T23:30:00,23829,792,622,0,0
2024-12-02T00:30:00,23720,736,625,0,0
2024-12-02T01:30:00,23754,763,625,0,0
2024-12-02T02:30:00,23819,833,627,0,0
2024-12-02T03:30:00,23960,796,626,0,0
2024-12-02T04:30:00,24520,814,626,0,0
2024-12-02T05:30:00,25782,845,625,0,0
2024-12-02T06:30:00,28423,819,626,0,0
2024-12-02T07:30:00,29640,769,625,0,0
2024-12-02T08:30:00,29472,686,626,0,0
2024-12-02T09:30:00,28471,635,621,1,0
2024-12-02T10:30:00,27788,544,615,1,0
2024-12-02T11:30:00,27368,557,618,3,0
2024-12-02T12:30:00,26710,518,599,3,0
2024-12-02T13:30:00,27176,431,598,2,0
2024-12-02T14:30:00,27284,420,594,1,0
2024-12-02T15:30:00,27771,416,593,0,0
2024-12-02T16:30:00,29789,389,590,0,0
2024-12-02T17:30:00,30674,398,593,0,0
2024-12-02T18:30:00,30233,420,598,0,0
2024-12-02T19:30:00,29504,392,602,0,0
2024-12-02T20:30:00,28548,353,604,0,0
2024-12-02T21:30:00,27516,306,602,0,0
2024-12-02T22:30:00,26256,254,601,0,0
2024-12-02T23:30:00,25438,215,600,0,0
2024-12-03T00:30:00,25081,223,599,0,0
2024-12-03T01:30:00,24843,229,600,0,0
2024-12-03T02:30:00,24663,250,600,0,0
2024-12-03T03:30:00,24798,214,600,0,0
2024-12-03T04:30:00,25250,229,598,0,0
2024-12-03T05:30:00,26400,223,599,0,0
2024-12-03T06:30:00,28094,257,600,0,0
2024-12-03T07:30:00,29641,250,603,0,0
2024-12-03T08:30:00,29464,258,603,0,0
2024-12-03T09:30:00,28501,274,600,4,0
2024-12-03T10:30:00,28118,255,603,1,0
2024-12-03T11:30:00,27375,287,606,1,0
2024-12-03T12:30:00,27092,276,607,2,0
2024-12-03T13:30:00,27043,320,583,1,0
2024-12-03T14:30:00,27192,299,584,1,0
2024-12-03T15:30:00,27351,394,584,0,0
2024-12-03T16:30:00,29684,420,583,0,0
2024-12-03T17:30:00,30607,489,580,0,0
2024-12-03T18:30:00,30737,557,582,0,0
2024-12-03T19:30:00,30235,490,582,0,0
2024-12-03T20:30:00,29696,404,584,0,0
2024-12-03T21:30:00,28641,349,584,0,0
2024-12-03T22:30:00,27551,279,582,0,0
2024-12-03T23:30:00,26694,263,583,0,0
2024-12-04T00:30:00,25959,302,583,0,0
2024-12-04T01:30:00,26048,301,583,0,0
2024-12-04T02:30:00,26315,336,580,0,0
2024-12-04T03:30:00,26173,410,578,0,0
2024-12-04T04:30:00,26639,429,579,0,0
2024-12-04T05:30:00,27805,376,579,0,0
2024-12-04T06:30:00,29908,389,578,0,0
2024-12-04T07:30:00,31464,424,580,0,0
2024-12-04T08:30:00,30522,435,580,1,16
2024-12-04T09:30:00,28943,430,579,1,0
2024-12-04T10:30:00,28246,455,574,1,0
2024-12-04T11:30:00,27631,521,577,2,0
2024-12-04T12:30:00,27436,577,561,1,0
2024-12-04T13:30:00,27573,696,560,1,0
2024-12-04T14:30:00,27798,802,562,0,0
2024-12-04T15:30:00,28312,1032,564,0,0
2024-12-04T16:30:00,29469,1281,562,0,0
2024-12-04T17:30:00,29976,1519,563,0,0
2024-12-04T18:30:00,29116,1620,561,0,0
2024-12-04T19:30:00,28431,1761,560,0,0
2024-12-04T20:30:00,27757,1809,559,0,0
2024-12-04T21:30:00,26636,1757,559,0,0
2024-12-04T22:30:00,25581,1689,556,0,0
2024-12-04T23:30:00,24260,1650,557,0,0
2024-12-05T00:30:00,22790,1715,558,0,0
2024-12-05T01:30:00,22043,1740,557,0,0
2024-12-05T02:30:00,21685,1408,555,0,0
2024-12-05T03:30:00,21367,1465,556,0,0
2024-12-05T04:30:00,21975,1326,555,0,0
2024-12-05T05:30:00,23652,1300,553,0,0
2024-12-05T06:30:00,26861,1338,553,0,0
2024-12-05T07:30:00,28072,1344,557,0,0
2024-12-05T08:30:00,27456,1356,556,0,0
2024-12-05T09:30:00,26779,1373,556,0,0
2024-12-05T10:30:00,26331,1324,553,0,0
2024-12-05T11:30:00,25724,1342,555,0,0
2024-12-05T12:30:00,25606,1292,554,0,0
2024-12-05T13:30:00,25985,1176,555,0,0
2024-12-05T14:30:00,26068,967,555,0,0
2024-12-05T15:30:00,26188,963,553,0,0
2024-12-05T16:30:00,28252,1259,551,0,0
2024-12-05T17:30:00,28513,1191,550,0,0
2024-12-05T18:30:00,28032,1225,550,0,0
2024-12-05T19:30:00,27405,1328,554,0,0
2024-12-05T20:30:00,26217,1324,555,0,0
2024-12-05T21:30:00,25696,1419,555,0,0
2024-12-05T22:30:00,24126,1638,548,0,0
2024-12-05T23:30:00,22956,1831,549,0,0
2024-12-06T00:30:00,23438,1905,550,0,0
2024-12-06T01:30:00,23085,1968,551,0,0
2024-12-06T02:30:00,23380,2069,541,0,0
2024-12-06T03:30:00,23567,2216,541,0,0
2024-12-06T04:30:00,24058,2009,541,0,0
2024-12-06T05:30:00,25969,2005,539,0,0
2024-12-06T06:30:00,27817,2063,539,0,0
2024-12-06T07:30:00,29010,2150,536,0,0
2024-12-06T08:30:00,28213,2122,538,1,0
2024-12-06T09:30:00,27293,2131,537,3,0
2024-12-06T10:30:00,26634,2151,535,4,0
2024-12-06T11:30:00,25814,2135,536,5,0
2024-12-06T12:30:00,25237,2079,539,4,0
2024-12-06T13:30:00,25331,2143,526,3,0
2024-12-06T14:30:00,26865,2100,530,1,0
2024-12-06T15:30:00,28452,2000,525,0,0
2024-12-06T16:30:00,30332,1980,528,0,0
2024-12-06T17:30:00,31023,1932,528,0,0
2024-12-06T18:30:00,30523,1853,533,0,0
2024-12-06T19:30:00,29939,1881,531,0,0
2024-12-06T20:30:00,29535,2241,540,0,0
2024-12-06T21:30:00,28591,2199,539,0,0
2024-12-06T22:30:00,27978,2089,538,0,0
2024-12-06T23:30:00,27232,2126,534,0,0
2024-12-07T00:30:00,26836,2030,534,0,0
2024-12-07T01:30:00,26595,1682,538,0,0
2024-12-07T02:30:00,26288,1626,540,0,0
2024-12-07T03:30:00,26243,1888,540,0,0
2024-12-07T04:30:00,26590,1818,541,0,0
2024-12-07T05:30:00,27513,1774,545,0,0
2024-12-07T06:30:00,28557,1602,544,0,0
2024-12-07T07:30:00,29216,1629,547,0,0
2024-12-07T08:30:00,29551,1635,542,0,0
2024-12-07T09:30:00,29182,1494,545,0,0
2024-12-07T10:30:00,26938,1446,550,5,0
2024-12-07T11:30:00,26093,1455,552,6,0
2024-12-07T12:30:00,25188,1529,560,6,0
2024-12-07T13:30:00,25129,1474,564,4,0
2024-12-07T14:30:00,26695,1476,569,3,0
2024-12-07T15:30:00,28556,1233,569,0,0
2024-12-07T16:30:00,30103,1189,571,0,0
2024-12-07T17:30:00,30634,1094,572,0,0
2024-12-07T18:30:00,30316,1102,580,0,0
2024-12-07T19:30:00,29168,1069,579,0,0
2024-12-07T20:30:00,28457,920,583,0,0
2024-12-07T21:30:00,27890,826,581,0,0
2024-12-07T22:30:00,27550,654,584,0,0
2024-12-07T23:30:00,26737,792,583,0,0
2024-12-08T00:30:00,25739,852,583,0,0
2024-12-08T01:30:00,25393,917,582,0,0
2024-12-08T02:30:00,24423,1127,580,0,0
2024-12-08T03:30:00,24235,1416,578,0,0
2024-12-08T04:30:00,24699,1428,577,0,0
2024-12-08T05:30:00,24637,1504,570,0,0
2024-12-08T06:30:00,24367,1541,569,0,0
2024-12-08T07:30:00,24853,1710,569,0,0
2024-12-08T08:30:00,25431,1835,573,0,0
2024-12-08T09:30:00,25306,1894,574,0,0
2024-12-08T10:30:00,25417,1734,569,0,0
2024-12-08T11:30:00,25212,1439,572,0,0
2024-12-08T12:30:00,24782,871,548,1,0
2024-12-08T13:30:00,24253,1182,547,2,0
2024-12-08T14:30:00,25386,1092,552,3,0
2024-12-08T15:30:00,26538,1004,560,1,0
2024-12-08T16:30:00,28759,868,559,0,0
2024-12-08T17:30:00,29972,663,562,0,0
2024-12-08T18:30:00,29180,526,564,0,0
2024-12-08T19:30:00,28352,425,564,0,0
2024-12-08T20:30:00,27290,482,565,0,0
2024-12-08T21:30:00,25769,494,567,0,0
2024-12-08T22:30:00,24571,558,563,0,0
2024-12-08T23:30:00,23147,680,560,0,0
2024-12-09T00:30:00,22929,811,558,0,0
2024-12-09T01:30:00,22566,767,555,0,0
2024-12-09T02:30:00,22681,722,549,0,0
2024-12-09T03:30:00,22801,917,547,0,0
2024-12-09T04:30:00,23428,895,548,0,0
2024-12-09T05:30:00,25140,1076,548,0,0
2024-12-09T06:30:00,27860,1225,547,0,0
2024-12-09T07:30:00,29628,1275,544,0,0
2024-12-09T08:30:00,29634,1392,544,0,0
2024-12-09T09:30:00,28751,887,543,1,0
2024-12-09T10:30:00,28638,1222,547,1,0
2024-12-09T11:30:00,28047,1241,553,1,0
2024-12-09T12:30:00,28121,1209,536,1,0
2024-12-09T13:30:00,29080,1184,541,1,0
2024-12-09T14:30:00,29764,1107,542,1,0
2024-12-09T15:30:00,30293,1256,541,0,0
2024-12-09T16:30:00,31313,1482,544,0,0
2024-12-09T17:30:00,31655,1503,545,0,0
2024-12-09T18:30:00,31798,1310,542,0,0
2024-12-09T19:30:00,31206,1167,543,0,0
2024-12-09T20:30:00,30193,1148,543,0,0
2024-12-09T21:30:00,28614,1184,541,0,0
2024-12-09T22:30:00,26240,1221,537,0,0
2024-12-09T23:30:00,25050,1187,533,0,0
2024-12-10T00:30:00,24390,1163,529,0,0
2024-12-10T01:30:00,24065,1257,530,0,0
2024-12-10T02:30:00,23591,1447,531,0,0
2024-12-10T03:30:00,23434,1457,530,0,0
2024-12-10T04:30:00,24005,1398,532,0,0
2024-12-10T05:30:00,24687,1464,530,0,0
2024-12-10T06:30:00,26440,1547,530,0,0
2024-12-10T07:30:00,28079,1611,529,0,0
2024-12-10T08:30:00,27276,1744,529,0,0
2024-12-10T09:30:00,27028,1575,529,0,0
2024-12-10T10:30:00,27050,1448,529,0,0
2024-12-10T11:30:00,26770,1423,532,1,0
2024-12-10T12:30:00,25949,1493,563,1,0
2024-12-10T13:30:00,25792,1485,563,1,0
2024-12-10T14:30:00,25436,1386,566,1,0
2024-12-10T15:30:00,25530,1478,565,0,0
2024-12-10T16:30:00,26648,1548,562,0,0
2024-12-10T17:30:00,28420,1635,565,0,0
2024-12-10T18:30:00,27275,1655,567,0,0
2024-12-10T19:30:00,26427,1550,565,0,0
2024-12-10T20:30:00,25793,1627,562,0,0
2024-12-10T21:30:00,24732,1640,561,0,0
2024-12-10T22:30:00,22939,1534,557,0,0
2024-12-10T23:30:00,21702,1440,555,0,0
2024-12-11T00:30:00,20993,1642,557,0,0
2024-12-11T01:30:00,20600,1636,555,0,0
2024-12-11T02:30:00,20209,1679,556,0,0
2024-12-11T03:30:00,19929,1693,556,0,0
2024-12-11T04:30:00,20296,1516,553,0,0
2024-12-11T05:30:00,21163,1411,555,0,0
2024-12-11T06:30:00,23220,1223,555,0,0
2024-12-11T07:30:00,24454,1189,556,0,0
2024-12-11T08:30:00,25147,1093,558,0,0
2024-12-11T09:30:00,24586,1402,554,0,0
2024-12-11T10:30:00,24211,1438,555,0,0
2024-12-11T11:30:00,24215,1371,556,0,0
2024-12-11T12:30:00,23405,1423,557,0,0
2024-12-11T13:30:00,23523,1410,549,0,0
2024-12-11T14:30:00,23000,1456,554,0,0
2024-12-11T15:30:00,23454,1505,555,0,0
2024-12-11T16:30:00,24243,1569,557,0,0
2024-12-11T17:30:00,24645,1639,560,0,0
2024-12-11T18:30:00,24079,1536,561,0,0
2024-12-11T19:30:00,22968,1981,562,0,0
2024-12-11T20:30:00,22349,1896,560,0,0
2024-12-11T21:30:00,20670,2043,560,0,0
2024-12-11T22:30:00,19404,1993,548,0,0
2024-12-11T23:30:00,18361,2169,553,0,0
2024-12-12T00:30:00,18215,2108,555,0,0
2024-12-12T01:30:00,18324,1828,561,0,0
2024-12-12T02:30:00,17862,2055,563,0,0
2024-12-12T03:30:00,17844,2160,562,0,0
2024-12-12T04:30:00,17873,2239,560,0,0
2024-12-12T05:30:00,18810,2411,561,0,0
2024-12-12T06:30:00,21475,2394,561,0,0
2024-12-12T07:30:00,22979,2678,557,0,0
2024-12-12T08:30:00,22285,2716,555,1,0
2024-12-12T09:30:00,21354,2487,552,3,0
2024-12-12T10:30:00,20819,2603,554,4,0
2024-12-12T11:30:00,21879,2693,555,1,0
2024-12-12T12:30:00,21522,2816,553,3,0
2024-12-12T13:30:00,22197,2842,583,5,0
2024-12-12T14:30:00,22557,2891,585,3,0
2024-12-12T15:30:00,24011,2883,580,1,0
2024-12-12T16:30:00,26514,2934,582,0,0
2024-12-12T17:30:00,27870,2890,585,0,0
2024-12-12T18:30:00,28136,2883,589,0,0
2024-12-12T19:30:00,26969,2847,594,0,0
2024-12-12T20:30:00,26317,2806,593,0,0
2024-12-12T21:30:00,25514,2794,590,0,0
2024-12-12T22:30:00,25344,2512,587,0,0
2024-12-12T23:30:00,24460,2724,587,0,0
2024-12-13T00:30:00,24281,2665,583,0,0
2024-12-13T01:30:00,24126,2504,583,0,0
2024-12-13T02:30:00,23746,2542,586,0,0
2024-12-13T03:30:00,24179,2550,586,0,0
2024-12-13T04:30:00,25297,2347,586,0,0
2024-12-13T05:30:00,27045,2385,585,0,0
2024-12-13T06:30:00,28866,2410,586,0,0
2024-12-13T07:30:00,30491,2348,585,0,0
2024-12-13T08:30:00,30592,2440,583,0,0
2024-12-13T09:30:00,28773,2639,579,1,0
2024-12-13T10:30:00,27376,2476,577,5,0
2024-12-13T11:30:00,26352,2940,578,3,0
2024-12-13T12:30:00,25638,2835,586,6,0
2024-12-13T13:30:00,25528,2887,584,5,0
2024-12-13T14:30:00,25687,2783,584,4,0
2024-12-13T15:30:00,27617,2724,587,1,0
2024-12-13T16:30:00,29835,2757,586,0,0
2024-12-13T17:30:00,30284,2543,591,0,0
2024-12-13T18:30:00,29894,2921,594,0,0
2024-12-13T19:30:00,29499,2493,592,0,0
2024-12-13T20:30:00,28799,2851,592,0,0
2024-12-13T21:30:00,28136,2486,593,0,0
2024-12-13T22:30:00,27534,2718,593,0,0
2024-12-13T23:30:00,27051,2134,590,0,0
2024-12-14T00:30:00,26720,2003,589,0,0
2024-12-14T01:30:00,26841,1968,582,0,0
2024-12-14T02:30:00,26785,2069,585,0,0
2024-12-14T03:30:00,27141,2057,586,0,0
2024-12-14T04:30:00,27327,2538,587,0,0
2024-12-14T05:30:00,27943,2025,586,0,0
2024-12-14T06:30:00,29317,2010,585,0,0
2024-12-14T07:30:00,30119,1966,583,0,0
2024-12-14T08:30:00,30419,1780,585,1,0
2024-12-14T09:30:00,29423,1992,583,2,0
2024-12-14T10:30:00,27649,1922,585,3,0
2024-12-14T11:30:00,27112,1655,582,6,0
2024-12-14T12:30:00,26641,1524,621,6,0
2024-12-14T13:30:00,25985,1526,612,5,0
2024-12-14T14:30:00,26069,1552,618,4,0
2024-12-14T15:30:00,27341,1591,616,1,0
2024-12-14T16:30:00,30270,1779,617,0,0
2024-12-14T17:30:00,31320,1850,623,0,0
2024-12-14T18:30:00,31187,1839,614,0,0
2024-12-14T19:30:00,30752,1442,618,0,0
2024-12-14T20:30:00,30030,1704,619,0,0
2024-12-14T21:30:00,29617,1599,620,0,0
2024-12-14T22:30:00,29187,1590,627,0,0
2024-12-14T23:30:00,28701,1603,624,0,0
2024-12-15T00:30:00,28579,1489,623,0,0
2024-12-15T01:30:00,28176,1376,621,0,0
2024-12-15T02:30:00,28411,1232,619,0,0
2024-12-15T03:30:00,28569,1348,614,0,0
2024-12-15T04:30:00,29066,1287,615,0,0
2024-12-15T05:30:00,29565,1301,617,0,0
2024-12-15T06:30:00,30198,1429,619,0,0
2024-12-15T07:30:00,31139,1320,620,0,0
2024-12-15T08:30:00,31481,1180,617,1,0
2024-12-15T09:30:00,30235,1150,615,4,0
2024-12-15T10:30:00,28883,985,618,5,0
2024-12-15T11:30:00,28248,791,618,6,0
2024-12-15T12:30:00,27325,915,644,6,0
2024-12-15T13:30:00,26993,834,645,4,0
2024-12-15T14:30:00,27299,836,646,2,0
2024-12-15T15:30:00,29297,859,645,1,0
2024-12-15T16:30:00,31258,1009,647,0,0
2024-12-15T17:30:00,32513,1182,647,0,0
2024-12-15T18:30:00,31820,1271,650,0,0
2024-12-15T19:30:00,30157,1443,648,0,0
2024-12-15T20:30:00,28855,1461,648,0,0
2024-12-15T21:30:00,27880,1505,644,0,0
2024-12-15T22:30:00,26555,1506,645,0,0
2024-12-15T23:30:00,25768,1600,646,0,0
2024-12-16T00:30:00,24965,1555,645,0,0
2024-12-16T01:30:00,24384,1586,643,0,0
2024-12-16T02:30:00,24065,1682,644,0,0
2024-12-16T03:30:00,24104,1675,644,0,0
2024-12-16T04:30:00,24802,1656,643,0,0
2024-12-16T05:30:00,26542,1607,642,0,0
2024-12-16T06:30:00,28829,1499,642,0,0
2024-12-16T07:30:00,30526,1553,637,0,0
2024-12-16T08:30:00,31035,1310,637,0,0
2024-12-16T09:30:00,29651,1062,637,0,0
2024-12-16T10:30:00,28873,878,643,1,0
2024-12-16T11:30:00,28204,663,642,0,0
2024-12-16T12:30:00,27592,481,644,0,0
2024-12-16T13:30:00,27041,507,645,1,0
2024-12-16T14:30:00,26857,628,643,1,0
2024-12-16T15:30:00,27304,824,645,0,0
2024-12-16T16:30:00,28653,1203,648,0,0
2024-12-16T17:30:00,29433,1474,649,0,0
2024-12-16T18:30:00,27836,1569,647,0,0
2024-12-16T19:30:00,25697,1591,648,0,0
2024-12-16T20:30:00,24085,1726,646,0,0
2024-12-16T21:30:00,22906,1742,647,0,0
2024-12-16T22:30:00,21523,1846,645,0,0
2024-12-16T23:30:00,20083,2015,643,0,0
2024-12-17T00:30:00,19151,2241,638,0,0
2024-12-17T01:30:00,18427,1953,634,0,0
2024-12-17T02:30:00,18460,2284,632,0,0
2024-12-17T03:30:00,18494,2224,626,0,0
2024-12-17T04:30:00,18630,2028,626,0,0
2024-12-17T05:30:00,19035,2083,622,0,0
2024-12-17T06:30:00,20865,2628,618,0,0
2024-12-17T07:30:00,21427,2463,608,0,0
2024-12-17T08:30:00,20896,2578,608,1,0
2024-12-17T09:30:00,20148,2698,607,1,0
2024-12-17T10:30:00,19749,2634,605,1,0
2024-12-17T11:30:00,19336,2549,603,0,0
2024-12-17T12:30:00,19200,2590,592,1,0
2024-12-17T13:30:00,18950,2624,596,1,0
2024-12-17T14:30:00,18915,2625,599,0,0
2024-12-17T15:30:00,20301,2653,605,1,0
2024-12-17T16:30:00,20753,2638,613,0,0
2024-12-17T17:30:00,23178,2409,618,0,0
2024-12-17T18:30:00,21478,2521,624,0,0
2024-12-17T19:30:00,21255,2600,631,0,0
2024-12-17T20:30:00,20132,2654,636,0,0
2024-12-17T21:30:00,19057,2979,639,0,0
2024-12-17T22:30:00,17641,2635,634,0,0
2024-12-17T23:30:00,16825,2634,635,0,0
2024-12-18T00:30:00,16232,2943,636,0,0
2024-12-18T01:30:00,15963,2542,637,0,0
2024-12-18T02:30:00,15880,2315,638,0,0
2024-12-18T03:30:00,16153,2527,642,0,0
2024-12-18T04:30:00,16573,2416,642,0,0
2024-12-18T05:30:00,17968,2368,643,0,0
2024-12-18T06:30:00,20355,2170,643,0,0
2024-12-18T07:30:00,22860,1821,643,0,0
2024-12-18T08:30:00,22566,1663,640,0,0
2024-12-18T09:30:00,22641,1500,638,0,0
2024-12-18T10:30:00,21775,1487,636,0,0
2024-12-18T11:30:00,21966,1489,642,0,0
2024-12-18T12:30:00,22197,1316,658,0,0
2024-12-18T13:30:00,22111,1206,658,1,0
2024-12-18T14:30:00,21915,1050,656,0,0
2024-12-18T15:30:00,23386,977,654,0,0
2024-12-18T16:30:00,25499,898,651,0,0
2024-12-18T17:30:00,27119,890,650,0,0
2024-12-18T18:30:00,26676,854,650,0,0
2024-12-18T19:30:00,25659,846,647,0,0
2024-12-18T20:30:00,24023,715,643,0,0
2024-12-18T21:30:00,22970,615,644,0,0
2024-12-18T22:30:00,21897,567,650,0,0
2024-12-18T23:30:00,20407,540,648,0,0
2024-12-19T00:30:00,20250,413,647,0,0
2024-12-19T01:30:00,19823,407,645,0,0
2024-12-19T02:30:00,19676,481,646,0,0
2024-12-19T03:30:00,19503,563,643,0,0
2024-12-19T04:30:00,19627,654,644,0,0
2024-12-19T05:30:00,20822,802,642,0,0
2024-12-19T06:30:00,23209,1010,642,0,0
2024-12-19T07:30:00,25207,1245,641,0,0
2024-12-19T08:30:00,24227,1462,644,0,0
2024-12-19T09:30:00,22942,1746,646,2,0
2024-12-19T10:30:00,21740,1994,645,1,0
2024-12-19T11:30:00,21261,1924,645,3,0
2024-12-19T12:30:00,20940,2113,638,2,0
2024-12-19T13:30:00,20900,2042,639,2,0
2024-12-19T14:30:00,21265,1995,646,3,0
2024-12-19T15:30:00,23597,1847,651,0,0
2024-12-19T16:30:00,26230,1787,649,0,0
2024-12-19T17:30:00,27564,2082,654,0,0
2024-12-19T18:30:00,27857,1781,656,0,0
2024-12-19T19:30:00,28325,1537,657,0,0
2024-12-19T20:30:00,27598,1244,661,0,0
2024-12-19T21:30:00,27063,877,663,0,0
2024-12-19T22:30:00,25721,579,664,0,0
2024-12-19T23:30:00,25492,382,662,0,0
2024-12-20T00:30:00,25096,405,664,0,0
2024-12-20T01:30:00,24869,288,663,0,0
2024-12-20T02:30:00,25011,242,662,0,0
2024-12-20T03:30:00,25384,106,661,0,0
2024-12-20T04:30:00,26257,101,661,0,0
2024-12-20T05:30:00,27300,62,659,0,0
2024-12-20T06:30:00,30195,61,661,0,0
2024-12-20T07:30:00,33428,50,662,0,0
2024-12-20T08:30:00,33730,78,663,1,0
2024-12-20T09:30:00,32540,97,664,1,0
2024-12-20T10:30:00,32780,89,662,3,0
2024-12-20T11:30:00,32573,66,662,1,0
2024-12-20T12:30:00,32415,59,674,2,0
2024-12-20T13:30:00,32283,67,675,1,0
2024-12-20T14:30:00,32306,47,683,1,0
2024-12-20T15:30:00,33031,33,682,0,0
2024-12-20T16:30:00,34157,94,680,0,0
2024-12-20T17:30:00,33511,156,677,0,0
2024-12-20T18:30:00,32747,249,683,0,0
2024-12-20T19:30:00,31903,243,682,0,0
2024-12-20T20:30:00,31299,276,678,0,0
2024-12-20T21:30:00,30484,372,681,0,0
2024-12-20T22:30:00,29201,407,681,0,0
2024-12-20T23:30:00,28208,480,681,0,0
2024-12-21T00:30:00,28092,607,679,0,0
2024-12-21T01:30:00,26789,825,678,0,0
2024-12-21T02:30:00,26152,1024,678,0,0
2024-12-21T03:30:00,25874,1075,680,0,0
2024-12-21T04:30:00,26812,959,678,0,0
2024-12-21T05:30:00,28010,971,678,0,0
2024-12-21T06:30:00,28609,1067,680,0,0
2024-12-21T07:30:00,30205,1272,678,0,0
2024-12-21T08:30:00,31172,1418,677,0,0
2024-12-21T09:30:00,31189,1399,673,0,0
2024-12-21T10:30:00,30084,1524,671,1,0
2024-12-21T11:30:00,29838,1611,663,1,0
2024-12-21T12:30:00,28872,1829,648,1,0
2024-12-21T13:30:00,28525,1911,654,2,0
2024-12-21T14:30:00,28609,2107,652,1,0
2024-12-21T15:30:00,29396,1935,650,0,0
2024-12-21T16:30:00,31043,2107,656,0,0
2024-12-21T17:30:00,31530,2217,659,0,0
2024-12-21T18:30:00,31337,2219,663,0,0
2024-12-21T19:30:00,31395,2302,660,0,0
2024-12-21T20:30:00,31289,2236,661,0,0
2024-12-21T21:30:00,30960,2177,659,0,0
2024-12-21T22:30:00,30167,2250,659,0,0
2024-12-21T23:30:00,29872,2333,656,0,0
2024-12-22T00:30:00,30171,2306,651,0,0
2024-12-22T01:30:00,30030,2240,648,0,0
2024-12-22T02:30:00,30139,2177,649,0,0
2024-12-22T03:30:00,30341,2500,648,0,0
2024-12-22T04:30:00,30476,2464,647,0,0
2024-12-22T05:30:00,31444,2346,647,0,0
2024-12-22T06:30:00,32352,2179,649,0,0
2024-12-22T07:30:00,33605,1967,650,0,0
2024-12-22T08:30:00,34269,1881,645,0,0
2024-12-22T09:30:00,33572,1792,644,3,0
2024-12-22T10:30:00,32704,1643,648,4,0
2024-12-22T11:30:00,31441,1584,651,6,0
2024-12-22T12:30:00,30782,1389,633,6,0
2024-12-22T13:30:00,30175,1531,635,5,0
2024-12-22T14:30:00,30412,1644,635,4,0
2024-12-22T15:30:00,31123,1734,635,1,0
2024-12-22T16:30:00,33126,2005,636,0,0
2024-12-22T17:30:00,33510,2210,637,0,0
2024-12-22T18:30:00,33479,1907,640,0,0
2024-12-22T19:30:00,33181,1793,641,0,0
2024-12-22T20:30:00,33142,1954,640,0,0
2024-12-22T21:30:00,32256,1977,642,0,0
2024-12-22T22:30:00,31502,2007,644,0,0
2024-12-22T23:30:00,30927,2061,643,0,0
2024-12-23T00:30:00,30978,1902,638,0,0
2024-12-23T01:30:00,31122,1877,640,0,0
2024-12-23T02:30:00,31143,1878,640,0,0
2024-12-23T03:30:00,31446,1885,640,0,0
2024-12-23T04:30:00,31926,1920,637,0,0
2024-12-23T05:30:00,32615,1831,638,0,0
2024-12-23T06:30:00,32359,1826,638,0,0
2024-12-23T07:30:00,33197,1680,637,0,0
2024-12-23T08:30:00,34020,1540,637,0,0
2024-12-23T09:30:00,35083,1264,625,0,0
2024-12-23T10:30:00,35395,1097,627,1,0
2024-12-23T11:30:00,34873,891,630,1,0
2024-12-23T12:30:00,34643,797,614,1,0
2024-12-23T13:30:00,34319,677,616,1,0
2024-12-23T14:30:00,33888,677,622,1,0
2024-12-23T15:30:00,34226,793,628,0,0
2024-12-23T16:30:00,34355,964,624,0,0
2024-12-23T17:30:00,34371,1202,624,0,0
2024-12-23T18:30:00,33667,1295,626,0,0
2024-12-23T19:30:00,32929,1253,628,0,0
2024-12-23T20:30:00,32447,1173,621,0,0
2024-12-23T21:30:00,31959,1150,619,0,0
2024-12-23T22:30:00,30931,1225,621,0,0
2024-12-23T23:30:00,30211,1133,617,0,0
2024-12-24T00:30:00,27544,904,614,0,0
2024-12-24T01:30:00,27323,773,612,0,0
2024-12-24T02:30:00,27661,539,611,0,0
2024-12-24T03:30:00,27575,453,608,0,0
2024-12-24T04:30:00,27949,329,611,0,0
2024-12-24T05:30:00,28353,232,613,0,0
2024-12-24T06:30:00,29131,217,619,0,0
2024-12-24T07:30:00,29644,274,617,0,0
2024-12-24T08:30:00,29992,260,613,0,0
2024-12-24T09:30:00,29860,141,618,0,0
2024-12-24T10:30:00,29254,106,623,0,0
2024-12-24T11:30:00,28391,73,619,0,0
2024-12-24T12:30:00,28261,44,616,0,0
2024-12-24T13:30:00,28170,59,615,0,0
2024-12-24T14:30:00,27845,107,616,0,0
2024-12-24T15:30:00,28407,171,617,0,0
2024-12-24T16:30:00,29572,324,615,0,0
2024-12-24T17:30:00,29656,518,614,0,0
2024-12-24T18:30:00,28827,536,622,0,0
2024-12-24T19:30:00,28144,518,625,0,0
2024-12-24T20:30:00,27786,543,623,0,0
2024-12-24T21:30:00,27719,481,622,0,0
2024-12-24T22:30:00,27373,426,618,0,0
2024-12-24T23:30:00,27100,388,613,0,0
2024-12-25T00:30:00,27070,371,607,0,0
2024-12-25T01:30:00,27252,312,605,0,0
2024-12-25T02:30:00,27297,316,609,0,0
2024-12-25T03:30:00,27270,248,609,0,0
2024-12-25T04:30:00,28078,170,610,0,0
2024-12-25T05:30:00,29105,109,606,0,0
2024-12-25T06:30:00,30021,114,605,0,0
2024-12-25T07:30:00,30649,77,604,0,0
2024-12-25T08:30:00,30799,71,607,0,0
2024-12-25T09:30:00,29659,26,610,0,0
2024-12-25T10:30:00,28832,21,611,0,0
2024-12-25T11:30:00,27782,31,613,0,0
2024-12-25T12:30:00,26953,35,615,0,0
2024-12-25T13:30:00,26372,20,617,0,0
2024-12-25T14:30:00,26302,19,615,0,0
2024-12-25T15:30:00,27375,69,618,0,0
2024-12-25T16:30:00,29171,148,620,0,0
2024-12-25T17:30:00,29384,269,622,0,0
2024-12-25T18:30:00,29049,344,623,0,0
2024-12-25T19:30:00,28595,550,625,0,0
2024-12-25T20:30:00,28239,762,625,0,0
2024-12-25T21:30:00,27520,915,624,0,0
2024-12-25T22:30:00,27220,912,623,0,0
2024-12-25T23:30:00,27051,852,622,0,0
2024-12-26T00:30:00,27026,999,623,0,0
2024-12-26T01:30:00,27374,1055,622,0,0
2024-12-26T02:30:00,27591,1069,620,0,0
2024-12-26T03:30:00,27756,1194,619,0,0
2024-12-26T04:30:00,28061,1227,619,0,0
2024-12-26T05:30:00,29054,1033,619,0,0
2024-12-26T06:30:00,30323,886,617,0,0
2024-12-26T07:30:00,30763,1015,612,0,0
2024-12-26T08:30:00,30978,972,616,0,0
2024-12-26T09:30:00,30839,729,623,0,0
2024-12-26T10:30:00,30053,645,624,0,0
2024-12-26T11:30:00,28737,568,629,0,0
2024-12-26T12:30:00,27850,522,623,0,0
2024-12-26T13:30:00,27207,451,621,0,0
2024-12-26T14:30:00,27307,396,623,0,0
2024-12-26T15:30:00,28342,525,622,0,0
2024-12-26T16:30:00,30271,536,622,0,0
2024-12-26T17:30:00,31407,623,627,0,0
2024-12-26T18:30:00,31159,643,623,0,0
2024-12-26T19:30:00,30913,560,624,0,0
2024-12-26T20:30:00,30426,560,626,0,0
2024-12-26T21:30:00,29925,593,624,0,0
2024-12-26T22:30:00,28980,630,618,0,0
2024-12-26T23:30:00,28439,623,620,0,0
2024-12-27T00:30:00,28966,692,618,0,0
2024-12-27T01:30:00,28543,888,616,0,0
2024-12-27T02:30:00,28281,958,617,0,0
2024-12-27T03:30:00,28470,1062,615,0,0
2024-12-27T04:30:00,28953,1132,617,0,0
2024-12-27T05:30:00,29385,1274,616,0,0
2024-12-27T06:30:00,31125,1223,616,0,0
2024-12-27T07:30:00,31927,1241,616,0,0
2024-12-27T08:30:00,32946,1049,615,0,0
2024-12-27T09:30:00,32691,802,614,0,0
2024-12-27T10:30:00,30665,705,618,0,0
2024-12-27T11:30:00,29783,556,622,0,0
2024-12-27T12:30:00,29128,337,606,0,0
2024-12-27T13:30:00,28950,290,610,0,0
2024-12-27T14:30:00,28461,450,612,0,0
2024-12-27T15:30:00,28790,552,608,0,0
2024-12-27T16:30:00,30642,574,610,0,0
2024-12-27T17:30:00,31531,680,611,0,0
2024-12-27T18:30:00,30758,599,613,0,0
2024-12-27T19:30:00,29998,669,613,0,0
2024-12-27T20:30:00,28907,745,613,0,0
2024-12-27T21:30:00,28538,687,614,0,0
2024-12-27T22:30:00,26958,726,611,0,0
2024-12-27T23:30:00,26022,735,610,0,0
2024-12-28T00:30:00,25317,772,611,0,0
2024-12-28T01:30:00,24833,737,610,0,0
2024-12-28T02:30:00,24453,809,606,0,0
2024-12-28T03:30:00,24955,820,605,0,0
2024-12-28T04:30:00,25111,810,604,0,0
2024-12-28T05:30:00,25663,676,604,0,0
2024-12-28T06:30:00,26174,568,603,0,0
2024-12-28T07:30:00,26699,613,603,0,0
2024-12-28T08:30:00,27374,508,609,0,0
2024-12-28T09:30:00,27597,436,603,0,0
2024-12-28T10:30:00,27094,439,608,0,0
2024-12-28T11:30:00,25959,360,608,1,385
2024-12-28T12:30:00,26577,350,605,0,0
2024-12-28T13:30:00,27774,362,604,0,0
2024-12-28T14:30:00,27647,322,602,0,0
2024-12-28T15:30:00,27441,412,600,0,0
2024-12-28T16:30:00,27739,430,601,0,0
2024-12-28T17:30:00,27564,515,604,0,0
2024-12-28T18:30:00,25969,696,606,0,0
2024-12-28T19:30:00,24895,835,608,0,0
2024-12-28T20:30:00,24512,910,610,0,0
2024-12-28T21:30:00,23186,1069,610,0,0
2024-12-28T22:30:00,21972,1079,608,0,0
2024-12-28T23:30:00,20872,1160,603,0,0
2024-12-29T00:30:00,20205,1235,602,0,0
2024-12-29T01:30:00,20021,1155,601,0,0
2024-12-29T02:30:00,19909,1028,603,0,0
2024-12-29T03:30:00,19965,1023,603,0,0
2024-12-29T04:30:00,20023,977,601,0,0
2024-12-29T05:30:00,20302,903,600,0,0
2024-12-29T06:30:00,20646,1029,599,0,0
2024-12-29T07:30:00,21240,977,597,0,0
2024-12-29T08:30:00,21720,965,596,0,0
2024-12-29T09:30:00,21920,1100,598,0,0
2024-12-29T10:30:00,22060,956,596,0,0
2024-12-29T11:30:00,22128,767,596,1,0
2024-12-29T12:30:00,22204,753,589,1,0
2024-12-29T13:30:00,21732,775,594,1,0
2024-12-29T14:30:00,21694,678,586,1,0
2024-12-29T15:30:00,21753,717,588,0,0
2024-12-29T16:30:00,22905,749,586,0,0
2024-12-29T17:30:00,23302,809,588,0,0
2024-12-29T18:30:00,22312,819,591,0,0
2024-12-29T19:30:00,21354,893,591,0,0
2024-12-29T20:30:00,20547,944,591,0,0
2024-12-29T21:30:00,19377,1217,589,0,0
2024-12-29T22:30:00,18110,1375,592,0,0
2024-12-29T23:30:00,17377,1555,588,0,0
2024-12-30T00:30:00,16372,1787,592,0,0
2024-12-30T01:30:00,15888,1957,595,0,0
2024-12-30T02:30:00,15407,2206,594,0,0
2024-12-30T03:30:00,15156,2208,595,0,0
2024-12-30T04:30:00,15278,2426,595,0,0
2024-12-30T05:30:00,15724,2507,596,0,0
2024-12-30T06:30:00,16231,2668,595,0,0
2024-12-30T07:30:00,16587,2653,596,0,0
2024-12-30T08:30:00,17193,2766,598,0,0
2024-12-30T09:30:00,17578,2730,596,0,0
2024-12-30T10:30:00,18164,2261,598,0,0
2024-12-30T11:30:00,17959,2724,593,1,0
2024-12-30T12:30:00,17549,2776,589,1,0
2024-12-30T13:30:00,17216,2467,600,1,0
2024-12-30T14:30:00,17073,2428,598,0,0
2024-12-30T15:30:00,17536,2345,604,0,0
2024-12-30T16:30:00,18528,2221,603,0,0
2024-12-30T17:30:00,18937,2300,605,0,0
2024-12-30T18:30:00,18534,2227,608,0,0
2024-12-30T19:30:00,17961,2396,612,0,0
2024-12-30T20:30:00,17195,2537,608,0,0
2024-12-30T21:30:00,16133,2959,611,0,0
2024-12-30T22:30:00,15936,2923,609,0,0
2024-12-30T23:30:00,15464,2652,600,0,0
2024-12-31T00:30:00,15432,2235,600,0,0
2024-12-31T01:30:00,15218,2138,581,0,0
2024-12-31T02:30:00,15454,1828,581,0,0
2024-12-31T03:30:00,15658,1776,594,0,0
2024-12-31T04:30:00,15785,1892,595,0,0
2024-12-31T05:30:00,16213,1816,603,0,0
2024-12-31T06:30:00,17046,1861,605,0,0
2024-12-31T07:30:00,17832,1765,605,0,0
2024-12-31T08:30:00,18223,1743,606,0,0
2024-12-31T09:30:00,18691,1625,605,0,0
2024-12-31T10:30:00,19141,1498,604,1,0
2024-12-31T11:30:00,19235,1295,607,1,0
2024-12-31T12:30:00,18906,1159,620,2,0
2024-12-31T13:30:00,18710,940,615,2,0
2024-12-31T14:30:00,19141,745,615,1,0
2024-12-31T15:30:00,19664,684,615,0,0
2024-12-31T16:30:00,20604,753,616,0,0
2024-12-31T17:30:00,21174,675,619,0,0
2024-12-31T18:30:00,20567,640,616,0,0
2024-12-31T19:30:00,19705,585,612,0,0
2024-12-31T20:30:00,19110,580,611,0,0
2024-12-31T21:30:00,18714,630,611,0,0
2024-12-31T22:30:00,17928,684,611,0,0
2024-12-31T23:30:00,17485,649,613,0,0
2025-01-01T00:30:00,17535,566,614,0,0
2025-01-01T01:30:00,17553,547,614,0,0
2025-01-01T02:30:00,17243,705,614,0,0
2025-01-01T03:30:00,16890,1015,614,0,0
2025-01-01T04:30:00,16879,1164,614,0,0
2025-01-01T05:30:00,17234,1268,614,0,0
2025-01-01T06:30:00,17630,1339,614,0,0
2025-01-01T07:30:00,18190,1255,614,0,0
2025-01-01T08:30:00,18428,1391,614,0,0
2025-01-01T09:30:00,18752,1735,614,0,0
2025-01-01T10:30:00,19362,1846,614,1,0
2025-01-01T11:30:00,20336,1765,614,0,0
2025-01-01T12:30:00,20295,1720,614,1,0
2025-01-01T13:30:00,20180,1801,614,0,0
2025-01-01T14:30:00,19932,1595,614,0,0
2025-01-01T15:30:00,20039,1759,614,0,0
2025-01-01T16:30:00,20776,1762,614,0,0
2025-01-01T17:30:00,21489,1706,614,0,0
2025-01-01T18:30:00,20806,1628,614,0,0
2025-01-01T19:30:00,19888,1622,614,0,0
2025-01-01T20:30:00,19636,1610,614,0,0
2025-01-01T21:30:00,19198,1289,614,0,0
2025-01-01T22:30:00,18665,1537,614,0,0
2025-01-01T23:30:00,18329,1551,614,0,0
2025-01-02T00:30:00,17980,1548,614,0,0
2025-01-02T01:30:00,17801,1437,614,0,0
2025-01-02T02:30:00,17851,1396,614,0,0
2025-01-02T03:30:00,18192,1280,614,0,0
2025-01-02T04:30:00,18832,1194,614,0,0
2025-01-02T05:30:00,19764,1104,614,0,0
2025-01-02T06:30:00,20843,1090,614,0,0
2025-01-02T07:30:00,21504,1055,614,0,0
2025-01-02T08:30:00,22268,942,614,0,0
2025-01-02T09:30:00,22319,1020,614,1,0
2025-01-02T10:30:00,22174,1236,614,1,0
2025-01-02T11:30:00,22296,1416,614,1,0
2025-01-02T12:30:00,22567,1516,614,1,0
2025-01-02T13:30:00,22048,1678,614,1,0
2025-01-02T14:30:00,22207,1795,614,1,0
2025-01-02T15:30:00,23001,1967,614,1,0
2025-01-02T16:30:00,24177,2089,614,0,0
2025-01-02T17:30:00,26071,2178,614,0,0
2025-01-02T18:30:00,25477,2125,614,0,0
2025-01-02T19:30:00,24887,2182,614,0,0
2025-01-02T20:30:00,23594,2229,614,0,0
2025-01-02T21:30:00,22580,2216,614,0,0
2025-01-02T22:30:00,21800,2276,614,0,0
2025-01-02T23:30:00,21081,2264,614,0,0
2025-01-03T00:30:00,20959,2286,614,0,0
2025-01-03T01:30:00,20844,2234,614,0,0
2025-01-03T02:30:00,20757,2277,614,0,0
2025-01-03T03:30:00,20795,2259,614,0,0
2025-01-03T04:30:00,21337,2235,614,0,0
2025-01-03T05:30:00,22527,1838,614,0,0
2025-01-03T06:30:00,25114,1825,614,0,0
2025-01-03T07:30:00,27169,1804,614,0,0
2025-01-03T08:30:00,26916,1817,614,0,0
2025-01-03T09:30:00,25638,1814,614,1,0
2025-01-03T10:30:00,26972,1805,614,1,0
2025-01-03T11:30:00,26091,1781,614,1,0
2025-01-03T12:30:00,25681,1758,614,2,0
2025-01-03T13:30:00,25970,1772,614,1,0
2025-01-03T14:30:00,27216,2084,614,0,0
2025-01-03T15:30:00,28335,2077,614,0,0
2025-01-03T16:30:00,30021,1743,614,0,0
2025-01-03T17:30:00,31281,1689,614,0,0
2025-01-03T18:30:00,30766,1971,614,0,0
2025-01-03T19:30:00,30111,1585,614,0,0
2025-01-03T20:30:00,29547,1843,614,0,0
2025-01-03T21:30:00,28813,1698,614,0,0
2025-01-03T22:30:00,27431,1654,614,0,0
2025-01-03T23:30:00,27018,1584,614,0,0
2025-01-04T00:30:00,26882,1572,614,0,0
2025-01-04T01:30:00,26816,1537,614,0,0
2025-01-04T02:30:00,27052,1472,614,0,0
2025-01-04T03:30:00,27483,1519,614,0,0
2025-01-04T04:30:00,27605,1585,614,0,0
2025-01-04T05:30:00,28282,1646,614,0,0
2025-01-04T06:30:00,29396,1600,614,0,0
2025-01-04T07:30:00,30354,1560,614,0,0
2025-01-04T08:30:00,30991,1453,614,0,0
2025-01-04T09:30:00,31774,1343,614,1,0
2025-01-04T10:30:00,31397,1439,614,1,0
2025-01-04T11:30:00,31542,1410,614,1,0
2025-01-04T12:30:00,30994,1450,614,2,0
2025-01-04T13:30:00,30904,1387,609,1,0
2025-01-04T14:30:00,30809,1380,609,1,0
2025-01-04T15:30:00,32025,1365,609,0,0
2025-01-04T16:30:00,32516,1431,609,0,0
2025-01-04T17:30:00,32803,1434,609,0,0
2025-01-04T18:30:00,32314,1383,609,0,0
2025-01-04T19:30:00,31852,1303,609,0,0
2025-01-04T20:30:00,31860,1051,609,0,0
2025-01-04T21:30:00,31188,977,609,0,0
2025-01-04T22:30:00,30287,907,609,0,0
2025-01-04T23:30:00,29696,816,609,0,0
2025-01-05T00:30:00,29333,846,609,0,0
2025-01-05T01:30:00,29279,904,609,0,0
2025-01-05T02:30:00,28736,844,609,0,0
2025-01-05T03:30:00,28934,832,609,0,0
2025-01-05T04:30:00,29531,874,609,0,0
2025-01-05T05:30:00,30096,874,609,0,0
2025-01-05T06:30:00,30490,990,609,0,0
2025-01-05T07:30:00,31217,1073,609,0,0
2025-01-05T08:30:00,31586,1187,609,0,0
2025-01-05T09:30:00,31408,1189,609,0,0
2025-01-05T10:30:00,31370,1197,609,1,0
2025-01-05T11:30:00,30809,1235,609,1,0
2025-01-05T12:30:00,30173,1450,688,1,0
2025-01-05T13:30:00,29286,1653,686,2,0
2025-01-05T14:30:00,29420,1960,688,2,0
2025-01-05T15:30:00,30195,2123,691,0,0
2025-01-05T16:30:00,31861,1940,686,0,0
2025-01-05T17:30:00,32904,2119,687,0,0
2025-01-05T18:30:00,33557,2133,689,0,0
2025-01-05T19:30:00,33005,2111,691,0,0
2025-01-05T20:30:00,32074,2112,690,0,0
2025-01-05T21:30:00,31198,2095,692,0,0
2025-01-05T22:30:00,29831,2137,692,0,0
2025-01-05T23:30:00,29008,2162,693,0,0
2025-01-06T00:30:00,29673,2164,698,0,0
2025-01-06T01:30:00,29246,2177,696,0,0
2025-01-06T02:30:00,29751,2076,696,0,0
2025-01-06T03:30:00,30116,2109,693,0,0
2025-01-06T04:30:00,30882,2103,693,0,0
2025-01-06T05:30:00,31206,2094,692,0,0
2025-01-06T06:30:00,31932,2009,690,0,0
2025-01-06T07:30:00,33493,1957,692,0,0
2025-01-06T08:30:00,33708,1999,694,0,0
2025-01-06T09:30:00,33267,1938,691,0,0
2025-01-06T10:30:00,33283,1749,691,1,0
2025-01-06T11:30:00,33919,1921,689,1,0
2025-01-06T12:30:00,33449,1917,687,1,0
2025-01-06T13:30:00,33252,1424,679,1,0
2025-01-06T14:30:00,33542,1683,679,0,0
2025-01-06T15:30:00,34055,1755,677,0,0
2025-01-06T16:30:00,34841,1673,677,0,0
2025-01-06T17:30:00,35202,1524,677,0,0
2025-01-06T18:30:00,34814,1453,679,0,0
2025-01-06T19:30:00,34348,1143,682,0,0
2025-01-06T20:30:00,34670,969,677,0,0
2025-01-06T21:30:00,34472,909,678,0,0
2025-01-06T22:30:00,32290,882,677,0,0
2025-01-06T23:30:00,31377,824,673,0,0
2025-01-07T00:30:00,30974,851,673,0,0
2025-01-07T01:30:00,30390,844,675,0,0
2025-01-07T02:30:00,30070,869,674,0,0
2025-01-07T03:30:00,30241,872,670,0,0
2025-01-07T04:30:00,30744,931,667,0,0
2025-01-07T05:30:00,30841,1015,667,0,0
2025-01-07T06:30:00,32988,1041,666,0,0
2025-01-07T07:30:00,33550,1044,665,0,0
2025-01-07T08:30:00,33613,1066,665,0,0
2025-01-07T09:30:00,33240,1018,665,0,0
2025-01-07T10:30:00,32754,966,664,1,0
2025-01-07T11:30:00,32153,921,664,1,0
2025-01-07T12:30:00,31430,957,657,2,0
2025-01-07T13:30:00,31295,1050,656,2,0
2025-01-07T14:30:00,31058,1185,656,1,0
2025-01-07T15:30:00,31178,1300,660,1,0
2025-01-07T16:30:00,32232,1464,658,0,0
2025-01-07T17:30:00,33142,1619,657,0,0
2025-01-07T18:30:00,32696,1683,659,0,0
2025-01-07T19:30:00,32202,1748,658,0,0
2025-01-07T20:30:00,31720,1670,657,0,0
2025-01-07T21:30:00,30569,1731,656,0,0
2025-01-07T22:30:00,29774,1842,657,0,0
2025-01-07T23:30:00,28813,1813,655,0,0
2025-01-08T00:30:00,28832,1841,653,0,0
2025-01-08T01:30:00,28792,1889,655,0,0
2025-01-08T02:30:00,29101,1879,656,0,0
2025-01-08T03:30:00,29424,1886,654,0,0
2025-01-08T04:30:00,30377,1826,658,0,0
2025-01-08T05:30:00,31298,1850,660,0,0
2025-01-08T06:30:00,32916,1877,662,0,0
2025-01-08T07:30:00,34469,1874,661,0,0
2025-01-08T08:30:00,34897,1817,663,0,0
2025-01-08T09:30:00,35562,1753,659,1,0
2025-01-08T10:30:00,35478,1753,658,1,0
2025-01-08T11:30:00,34910,1774,659,1,0
2025-01-08T12:30:00,33732,1814,648,1,0
2025-01-08T13:30:00,34383,1785,651,1,0
2025-01-08T14:30:00,33771,1897,648,1,0
2025-01-08T15:30:00,34779,1917,650,0,0
2025-01-08T16:30:00,34313,1900,651,0,0
2025-01-08T17:30:00,34732,1842,653,0,0
2025-01-08T18:30:00,34983,1775,655,0,0
2025-01-08T19:30:00,34547,1790,654,0,0
2025-01-08T20:30:00,34426,1763,652,0,0
2025-01-08T21:30:00,33399,1735,652,0,0
2025-01-08T22:30:00,32538,1676,652,0,0
2025-01-08T23:30:00,32123,1632,651,0,0
2025-01-09T00:30:00,30118,1730,648,0,0
2025-01-09T01:30:00,29928,1745,647,0,0
2025-01-09T02:30:00,29752,1728,648,0,0
2025-01-09T03:30:00,30069,1746,646,0,0
2025-01-09T04:30:00,30391,1760,647,0,0
2025-01-09T05:30:00,31614,1766,647,0,0
2025-01-09T06:30:00,33572,1818,646,0,0
2025-01-09T07:30:00,34176,1856,642,0,0
2025-01-09T08:30:00,34214,1875,643,0,0
2025-01-09T09:30:00,33703,1777,640,1,0
2025-01-09T10:30:00,33329,1659,642,1,0
2025-01-09T11:30:00,32395,1578,645,2,0
2025-01-09T12:30:00,31451,1656,646,3,0
2025-01-09T13:30:00,30620,1724,630,4,0
2025-01-09T14:30:00,30793,1803,626,1,0
2025-01-09T15:30:00,31891,1523,629,1,0
2025-01-09T16:30:00,33298,1772,632,0,0
2025-01-09T17:30:00,34473,1699,633,0,0
2025-01-09T18:30:00,33977,1632,629,0,0
2025-01-09T19:30:00,33452,1283,629,0,0
2025-01-09T20:30:00,32540,1289,629,0,0
2025-01-09T21:30:00,31167,1305,628,0,0
2025-01-09T22:30:00,30374,1244,628,0,0
2025-01-09T23:30:00,29302,1232,629,0,0
2025-01-10T00:30:00,28838,1174,630,0,0
2025-01-10T01:30:00,28695,1077,628,0,0
2025-01-10T02:30:00,28666,1054,626,0,0
2025-01-10T03:30:00,28921,1043,626,0,0
2025-01-10T04:30:00,29525,1017,627,0,0
2025-01-10T05:30:00,30245,1080,625,0,0
2025-01-10T06:30:00,33238,1061,623,0,0
2025-01-10T07:30:00,34590,1007,626,0,0
2025-01-10T08:30:00,33972,928,626,1,0
2025-01-10T09:30:00,32788,1165,625,2,0
2025-01-10T10:30:00,31437,687,624,5,0
2025-01-10T11:30:00,30200,867,623,7,0
2025-01-10T12:30:00,29513,759,623,7,0
2025-01-10T13:30:00,28852,697,625,6,0
2025-01-10T14:30:00,29195,615,628,4,0
2025-01-10T15:30:00,30270,524,628,2,0
2025-01-10T16:30:00,32780,530,627,0,0
2025-01-10T17:30:00,34224,655,631,0,0
2025-01-10T18:30:00,33865,543,634,0,0
2025-01-10T19:30:00,33281,457,635,0,0
2025-01-10T20:30:00,32565,369,637,0,0
2025-01-10T21:30:00,32224,270,636,0,0
2025-01-10T22:30:00,31050,197,637,0,0
2025-01-10T23:30:00,29904,128,635,0,0
2025-01-11T00:30:00,29628,129,634,0,0
2025-01-11T01:30:00,29237,108,634,0,0
2025-01-11T02:30:00,29271,41,633,0,0
2025-01-11T03:30:00,29236,39,632,0,0
2025-01-11T04:30:00,29729,20,634,0,0
2025-01-11T05:30:00,30283,18,635,0,0
2025-01-11T06:30:00,31066,4,634,0,0
2025-01-11T07:30:00,32136,1,634,0,0
2025-01-11T08:30:00,33312,1,630,0,0
2025-01-11T09:30:00,33497,16,629,0,0
2025-01-11T10:30:00,32716,14,627,0,0
2025-01-11T11:30:00,31819,0,622,0,0
2025-01-11T12:30:00,31558,11,622,0,0
2025-01-11T13:30:00,31044,1,624,1,0
2025-01-11T14:30:00,30611,1,623,1,0
2025-01-11T15:30:00,31113,1,624,0,0
2025-01-11T16:30:00,32097,3,624,0,0
2025-01-11T17:30:00,33416,11,628,0,0
2025-01-11T18:30:00,32398,24,629,0,0
2025-01-11T19:30:00,31766,29,629,0,0
2025-01-11T20:30:00,31057,36,629,0,0
2025-01-11T21:30:00,30585,43,629,0,0
2025-01-11T22:30:00,29119,23,628,0,0
2025-01-11T23:30:00,28364,34,623,0,0
2025-01-12T00:30:00,26334,55,623,0,0
2025-01-12T01:30:00,26908,69,621,0,0
2025-01-12T02:30:00,27043,60,621,0,0
2025-01-12T03:30:00,26330,51,620,0,0
2025-01-12T04:30:00,27293,74,621,0,0
2025-01-12T05:30:00,27794,87,622,0,0
2025-01-12T06:30:00,28221,95,623,0,0
2025-01-12T07:30:00,29858,79,626,0,0
2025-01-12T08:30:00,29565,92,627,0,0
2025-01-12T09:30:00,28713,45,626,1,0
2025-01-12T10:30:00,27865,60,627,1,0
2025-01-12T11:30:00,27182,70,626,2,0
2025-01-12T12:30:00,26490,63,623,4,0
2025-01-12T13:30:00,26300,73,629,6,0
2025-01-12T14:30:00,26006,80,629,4,0
2025-01-12T15:30:00,27676,81,628,1,0
2025-01-12T16:30:00,31205,97,625,0,0
2025-01-12T17:30:00,33426,96,628,0,0
2025-01-12T18:30:00,32920,94,631,0,0
2025-01-12T19:30:00,31793,74,632,0,0
2025-01-12T20:30:00,31443,56,635,0,0
2025-01-12T21:30:00,30628,41,635,0,0
2025-01-12T22:30:00,28480,16,633,0,0
2025-01-12T23:30:00,27091,22,632,0,0
2025-01-13T00:30:00,26687,40,633,0,0
2025-01-13T01:30:00,26744,60,633,0,0
2025-01-13T02:30:00,26780,80,630,0,0
2025-01-13T03:30:00,26775,85,629,0,0
2025-01-13T04:30:00,27603,79,630,0,0
2025-01-13T05:30:00,29587,79,629,0,0
2025-01-13T06:30:00,31526,65,627,0,0
2025-01-13T07:30:00,33170,54,628,0,0
2025-01-13T08:30:00,33258,31,629,0,0
2025-01-13T09:30:00,32240,14,634,0,0
2025-01-13T10:30:00,31550,8,630,0,0
2025-01-13T11:30:00,30504,8,628,0,0
2025-01-13T12:30:00,30599,9,635,0,0
2025-01-13T13:30:00,30198,6,633,0,0
2025-01-13T14:30:00,30167,9,632,0,0
2025-01-13T15:30:00,30784,3,633,0,0
2025-01-13T16:30:00,32171,7,634,0,0
2025-01-13T17:30:00,32869,22,640,0,0
2025-01-13T18:30:00,32454,76,640,0,0
2025-01-13T19:30:00,31869,101,641,0,0
2025-01-13T20:30:00,31168,131,642,0,0
2025-01-13T21:30:00,29836,120,646,0,0
2025-01-13T22:30:00,28434,150,647,0,0
2025-01-13T23:30:00,26678,168,646,0,0
2025-01-14T00:30:00,26137,196,643,0,0
2025-01-14T01:30:00,25661,238,637,0,0
2025-01-14T02:30:00,25875,233,642,0,0
2025-01-14T03:30:00,25803,222,643,0,0
2025-01-14T04:30:00,26940,240,643,0,0
2025-01-14T05:30:00,27683,265,645,0,0
2025-01-14T06:30:00,30383,293,643,0,0
2025-01-14T07:30:00,32569,314,645,0,0
2025-01-14T08:30:00,32816,314,636,0,0
2025-01-14T09:30:00,31646,311,637,0,0
2025-01-14T10:30:00,30922,349,635,1,0
2025-01-14T11:30:00,30559,353,634,0,0
2025-01-14T12:30:00,29911,341,619,0,0
2025-01-14T13:30:00,29403,330,618,0,0
2025-01-14T14:30:00,30258,293,619,0,0
2025-01-14T15:30:00,31472,281,619,0,0
2025-01-14T16:30:00,33562,278,621,0,0
2025-01-14T17:30:00,34869,305,620,0,0
2025-01-14T18:30:00,34712,335,620,0,0
2025-01-14T19:30:00,33947,329,617,0,0
2025-01-14T20:30:00,33158,299,619,0,0
2025-01-14T21:30:00,31990,363,621,0,0
2025-01-14T22:30:00,30341,360,622,0,0
2025-01-14T23:30:00,29093,403,624,0,0
2025-01-15T00:30:00,28976,434,621,0,0
2025-01-15T01:30:00,28673,441,620,0,0
2025-01-15T02:30:00,28938,502,618,0,0
2025-01-15T03:30:00,29127,651,619,0,0
2025-01-15T04:30:00,29590,736,620,0,0
2025-01-15T05:30:00,30854,748,617,0,0
2025-01-15T06:30:00,33420,777,619,0,0
2025-01-15T07:30:00,34731,842,618,0,0
2025-01-15T08:30:00,34752,842,618,0,0
2025-01-15T09:30:00,34737,736,615,0,0
2025-01-15T10:30:00,34261,681,619,0,0
2025-01-15T11:30:00,33065,687,618,0,0
2025-01-15T12:30:00,32237,670,616,0,0
2025-01-15T13:30:00,31586,700,614,1,0
2025-01-15T14:30:00,31331,758,613,1,0
2025-01-15T15:30:00,32353,926,615,0,0
2025-01-15T16:30:00,34722,910,617,0,0
2025-01-15T17:30:00,35413,790,620,0,0
2025-01-15T18:30:00,35358,694,619,0,0
2025-01-15T19:30:00,35072,557,618,0,0
2025-01-15T20:30:00,34371,382,619,0,0
2025-01-15T21:30:00,33591,284,617,0,0
2025-01-15T22:30:00,32589,271,615,0,0
2025-01-15T23:30:00,31823,253,619,0,0
2025-01-16T00:30:00,31418,276,618,0,0
2025-01-16T01:30:00,30939,217,620,0,0
2025-01-16T02:30:00,30929,199,619,0,0
2025-01-16T03:30:00,30622,190,617,0,0
2025-01-16T04:30:00,31652,237,617,0,0
2025-01-16T05:30:00,32580,172,616,0,0
2025-01-16T06:30:00,32622,208,617,0,0
2025-01-16T07:30:00,33930,255,614,0,0
2025-01-16T08:30:00,34062,214,613,0,0
2025-01-16T09:30:00,34780,153,613,0,0
2025-01-16T10:30:00,34300,97,604,0,0
2025-01-16T11:30:00,34090,69,606,0,0
2025-01-16T12:30:00,33061,74,599,0,0
2025-01-16T13:30:00,32897,60,599,0,0
2025-01-16T14:30:00,32749,44,601,0,0
2025-01-16T15:30:00,33206,30,602,0,0
2025-01-16T16:30:00,34353,21,607,0,0
2025-01-16T17:30:00,35156,55,609,0,0
2025-01-16T18:30:00,34922,56,611,0,0
2025-01-16T19:30:00,34698,62,613,0,0
2025-01-16T20:30:00,33666,84,610,0,0
2025-01-16T21:30:00,33234,81,608,0,0
2025-01-16T22:30:00,31682,101,610,0,0
2025-01-16T23:30:00,30490,99,610,0,0
2025-01-17T00:30:00,29743,127,610,0,0
2025-01-17T01:30:00,29599,138,609,0,0
2025-01-17T02:30:00,28910,172,604,0,0
2025-01-17T03:30:00,28730,230,604,0,0
2025-01-17T04:30:00,29466,211,602,0,0
2025-01-17T05:30:00,30712,175,601,0,0
2025-01-17T06:30:00,33124,176,602,0,0
2025-01-17T07:30:00,34291,196,603,0,0
2025-01-17T08:30:00,34474,193,605,0,0
2025-01-17T09:30:00,33538,174,602,0,0
2025-01-17T10:30:00,32762,164,601,0,0
2025-01-17T11:30:00,31741,176,600,0,0
2025-01-17T12:30:00,31127,129,596,0,0
2025-01-17T13:30:00,30459,161,600,0,0
2025-01-17T14:30:00,30130,157,603,0,0
2025-01-17T15:30:00,30704,163,602,0,0
2025-01-17T16:30:00,32401,152,603,0,0
2025-01-17T17:30:00,32922,243,607,0,0
2025-01-17T18:30:00,31953,397,607,0,0
2025-01-17T19:30:00,30971,504,609,0,0
2025-01-17T20:30:00,30018,570,610,0,0
2025-01-17T21:30:00,28590,699,613,0,0
2025-01-17T22:30:00,27335,897,610,0,0
2025-01-17T23:30:00,26188,1079,608,0,0
2025-01-18T00:30:00,25437,1296,608,0,0
2025-01-18T01:30:00,24594,1382,607,0,0
2025-01-18T02:30:00,24092,1543,608,0,0
2025-01-18T03:30:00,23835,1749,606,0,0
2025-01-18T04:30:00,24150,1951,606,0,0
2025-01-18T05:30:00,24616,1974,604,0,0
2025-01-18T06:30:00,24535,2042,611,0,0
2025-01-18T07:30:00,25140,1743,609,0,0
2025-01-18T08:30:00,25616,1762,607,0,0
2025-01-18T09:30:00,26481,1896,604,0,0
2025-01-18T10:30:00,26151,1935,604,1,0
2025-01-18T11:30:00,26521,1959,604,1,0
2025-01-18T12:30:00,26302,1868,607,1,0
2025-01-18T13:30:00,25839,1842,608,1,0
2025-01-18T14:30:00,25857,1803,609,0,0
2025-01-18T15:30:00,26190,1836,610,0,0
2025-01-18T16:30:00,27223,1850,610,0,0
2025-01-18T17:30:00,28670,1904,610,0,0
2025-01-18T18:30:00,28365,1830,610,0,0
2025-01-18T19:30:00,27586,1701,611,0,0
2025-01-18T20:30:00,25722,1704,610,0,0
2025-01-18T21:30:00,25191,1573,611,0,0
2025-01-18T22:30:00,25203,1338,606,0,0
2025-01-18T23:30:00,24437,1151,605,0,0
2025-01-19T00:30:00,24177,1300,607,0,0
2025-01-19T01:30:00,24276,1130,606,0,0
2025-01-19T02:30:00,23437,960,606,0,0
2025-01-19T03:30:00,24863,782,604,0,0
2025-01-19T04:30:00,25530,702,603,0,0
2025-01-19T05:30:00,26539,759,605,0,0
2025-01-19T06:30:00,27846,772,604,0,0
2025-01-19T07:30:00,30089,854,603,0,0
2025-01-19T08:30:00,31334,837,608,0,0
2025-01-19T09:30:00,32014,771,609,1,0
2025-01-19T10:30:00,31860,804,609,2,0
2025-01-19T11:30:00,31952,726,606,5,0
2025-01-19T12:30:00,31803,587,594,7,0
2025-01-19T13:30:00,31620,544,595,4,0
2025-01-19T14:30:00,32436,614,597,1,0
2025-01-19T15:30:00,32866,576,598,1,0
2025-01-19T16:30:00,34113,592,598,0,0
2025-01-19T17:30:00,34600,570,601,0,0
2025-01-19T18:30:00,34906,546,602,0,0
2025-01-19T19:30:00,34244,674,602,0,0
2025-01-19T20:30:00,33499,712,600,0,0
2025-01-19T21:30:00,32940,775,598,0,0
2025-01-19T22:30:00,31902,793,598,0,0
2025-01-19T23:30:00,30763,728,594,0,0
2025-01-20T00:30:00,30316,661,596,0,0
2025-01-20T01:30:00,29625,691,596,0,0
2025-01-20T02:30:00,29485,765,595,0,0
2025-01-20T03:30:00,29340,953,595,0,0
2025-01-20T04:30:00,29941,1173,597,0,0
2025-01-20T05:30:00,31116,1293,595,0,0
2025-01-20T06:30:00,33534,1400,596,0,0
2025-01-20T07:30:00,34202,1621,598,0,0
2025-01-20T08:30:00,34151,1345,595,0,0
2025-01-20T09:30:00,33377,1393,594,2,0
2025-01-20T10:30:00,32348,1521,592,7,0
2025-01-20T11:30:00,31782,1645,596,8,0
2025-01-20T12:30:00,30645,1767,574,8,0
2025-01-20T13:30:00,30583,1926,572,7,0
2025-01-20T14:30:00,30460,1989,576,5,0
2025-01-20T15:30:00,31548,2057,578,3,0
2025-01-20T16:30:00,33317,2046,580,0,0
2025-01-20T17:30:00,34588,2090,581,0,0
2025-01-20T18:30:00,34678,2197,579,0,0
2025-01-20T19:30:00,34713,2506,580,0,0
2025-01-20T20:30:00,34336,2087,579,0,0
2025-01-20T21:30:00,33808,2035,577,0,0
2025-01-20T22:30:00,33081,1950,577,0,0
2025-01-20T23:30:00,31734,1825,577,0,0
2025-01-21T00:30:00,31786,1844,576,0,0
2025-01-21T01:30:00,31776,2087,578,0,0
2025-01-21T02:30:00,32069,1933,577,0,0
2025-01-21T03:30:00,32450,1757,576,0,0
2025-01-21T04:30:00,32993,1659,576,0,0
2025-01-21T05:30:00,34120,1633,576,0,0
2025-01-21T06:30:00,33607,1680,577,0,0
2025-01-21T07:30:00,34446,1624,576,0,0
2025-01-21T08:30:00,34531,1557,576,1,0
2025-01-21T09:30:00,35005,1527,573,3,0
2025-01-21T10:30:00,33090,1493,569,6,0
2025-01-21T11:30:00,32676,1550,568,8,0
2025-01-21T12:30:00,32570,1572,562,8,0
2025-01-21T13:30:00,32210,1591,563,7,0
2025-01-21T14:30:00,32753,1437,564,6,0
2025-01-21T15:30:00,33271,1186,563,2,0
2025-01-21T16:30:00,33543,989,564,0,0
2025-01-21T17:30:00,34600,1080,568,0,0
2025-01-21T18:30:00,34000,1282,568,0,0
2025-01-21T19:30:00,34524,1480,567,0,0
2025-01-21T20:30:00,34844,1585,569,0,0
2025-01-21T21:30:00,34543,1606,569,0,0
2025-01-21T22:30:00,33272,1652,567,0,0
2025-01-21T23:30:00,32847,1740,566,0,0
2025-01-22T00:30:00,32627,1626,566,0,0
2025-01-22T01:30:00,32811,1424,565,0,0
2025-01-22T02:30:00,33822,1306,565,0,0
2025-01-22T03:30:00,33694,1342,565,0,0
2025-01-22T04:30:00,33779,1405,558,0,0
2025-01-22T05:30:00,34275,1487,561,0,0
2025-01-22T06:30:00,33187,1510,552,0,0
2025-01-22T07:30:00,34358,1448,549,0,0
2025-01-22T08:30:00,34386,1385,546,1,0
2025-01-22T09:30:00,34787,1103,545,5,0
2025-01-22T10:30:00,33421,1183,548,7,0
2025-01-22T11:30:00,32332,1196,547,8,0
2025-01-22T12:30:00,31211,1247,535,8,0
2025-01-22T13:30:00,31150,1357,534,7,0
2025-01-22T14:30:00,31882,1137,535,6,0
2025-01-22T15:30:00,32020,904,537,3,0
2025-01-22T16:30:00,33379,973,537,0,0
2025-01-22T17:30:00,34362,1232,539,0,0
2025-01-22T18:30:00,34102,1566,538,0,0
2025-01-22T19:30:00,33461,1679,536,0,0
2025-01-22T20:30:00,33610,1696,536,0,0
2025-01-22T21:30:00,33542,1683,546,0,0
2025-01-22T22:30:00,32524,1675,545,0,0
2025-01-22T23:30:00,31245,1664,553,0,0
2025-01-23T00:30:00,31662,1784,553,0,0
2025-01-23T01:30:00,31325,1747,553,0,0
2025-01-23T02:30:00,31277,1741,554,0,0
2025-01-23T03:30:00,31217,1617,552,0,0
2025-01-23T04:30:00,32126,1545,552,0,0
2025-01-23T05:30:00,33757,1435,552,0,0
2025-01-23T06:30:00,33714,1391,551,0,0
2025-01-23T07:30:00,34852,1339,553,0,0
2025-01-23T08:30:00,34589,1224,553,0,0
2025-01-23T09:30:00,34687,1066,553,1,0
2025-01-23T10:30:00,34199,944,553,1,0
2025-01-23T11:30:00,34231,770,553,1,0
2025-01-23T12:30:00,33069,693,556,5,0
2025-01-23T13:30:00,33163,513,574,4,0
2025-01-23T14:30:00,32729,500,570,4,0
2025-01-23T15:30:00,32827,396,571,1,0
2025-01-23T16:30:00,34013,528,573,0,0
2025-01-23T17:30:00,34471,730,575,0,0
2025-01-23T18:30:00,34118,1023,574,0,0
2025-01-23T19:30:00,32813,1208,573,0,0
2025-01-23T20:30:00,33073,1226,572,0,0
2025-01-23T21:30:00,32174,1192,571,0,0
2025-01-23T22:30:00,30614,1143,565,0,0
2025-01-23T23:30:00,30415,1036,567,0,0
2025-01-24T00:30:00,31061,934,565,0,0
2025-01-24T01:30:00,31277,845,565,0,0
2025-01-24T02:30:00,31653,869,566,0,0
2025-01-24T03:30:00,31450,871,565,0,0
2025-01-24T04:30:00,32373,957,567,0,0
2025-01-24T05:30:00,33362,996,567,0,0
2025-01-24T06:30:00,33617,1096,568,0,0
2025-01-24T07:30:00,35271,1172,570,0,0
2025-01-24T08:30:00,34476,1449,569,0,0
2025-01-24T09:30:00,33367,1522,567,1,0
2025-01-24T10:30:00,32451,1579,565,3,0
2025-01-24T11:30:00,31624,1641,566,7,0
2025-01-24T12:30:00,30673,1804,570,8,0
2025-01-24T13:30:00,29936,1933,570,7,0
2025-01-24T14:30:00,29731,2121,570,6,0
2025-01-24T15:30:00,30280,2093,572,3,0
2025-01-24T16:30:00,32194,2255,576,0,0
2025-01-24T17:30:00,34663,2057,578,0,0
2025-01-24T18:30:00,34426,2041,579,0,0
2025-01-24T19:30:00,33913,2166,579,0,0
2025-01-24T20:30:00,33309,2122,578,0,0
2025-01-24T21:30:00,33079,2075,576,0,0
2025-01-24T22:30:00,32633,1969,573,0,0
2025-01-24T23:30:00,32610,1846,565,0,0
2025-01-25T00:30:00,32776,1772,564,0,0
2025-01-25T01:30:00,32227,1702,567,0,0
2025-01-25T02:30:00,32195,1643,566,0,0
2025-01-25T03:30:00,31966,1960,566,0,0
2025-01-25T04:30:00,32398,1902,567,0,0
2025-01-25T05:30:00,32924,1632,566,0,0
2025-01-25T06:30:00,34351,1810,568,0,0
2025-01-25T07:30:00,35319,1349,567,0,0
2025-01-25T08:30:00,35684,1532,567,1,0
2025-01-25T09:30:00,35014,1261,566,3,0
2025-01-25T10:30:00,33037,1127,567,7,0
2025-01-25T11:30:00,32196,960,569,8,0
2025-01-25T12:30:00,31712,965,568,4,0
2025-01-25T13:30:00,31424,865,569,5,0
2025-01-25T14:30:00,31782,800,566,2,0
2025-01-25T15:30:00,32226,775,571,1,0
2025-01-25T16:30:00,33307,912,571,0,0
2025-01-25T17:30:00,34123,1344,576,0,0
2025-01-25T18:30:00,33026,1595,578,0,0
2025-01-25T19:30:00,31786,1781,578,0,0
2025-01-25T20:30:00,31073,1816,576,0,0
2025-01-25T21:30:00,30028,1893,576,0,0
2025-01-25T22:30:00,29391,1922,576,0,0
2025-01-25T23:30:00,29041,1798,574,0,0
2025-01-26T00:30:00,28569,1822,573,0,0
2025-01-26T01:30:00,27938,1864,571,0,0
2025-01-26T02:30:00,27487,1872,570,0,0
2025-01-26T03:30:00,27469,1783,572,0,0
2025-01-26T04:30:00,27758,1822,573,0,0
2025-01-26T05:30:00,27811,1831,573,0,0
2025-01-26T06:30:00,28009,1840,572,0,0
2025-01-26T07:30:00,28647,1975,576,0,0
2025-01-26T08:30:00,29589,1850,574,0,0
2025-01-26T09:30:00,28892,1847,572,1,0
2025-01-26T10:30:00,28408,1774,569,2,0
2025-01-26T11:30:00,27906,1712,571,2,0
2025-01-26T12:30:00,27240,1611,568,7,0
2025-01-26T13:30:00,26383,1609,566,8,0
2025-01-26T14:30:00,26249,1599,567,6,0
2025-01-26T15:30:00,27292,1728,566,3,0
2025-01-26T16:30:00,28669,2118,567,0,0
2025-01-26T17:30:00,30937,2227,574,0,0
2025-01-26T18:30:00,30709,2378,568,0,0
2025-01-26T19:30:00,29761,2134,571,0,0
2025-01-26T20:30:00,28852,2154,570,0,0
2025-01-26T21:30:00,27916,2238,569,0,0
2025-01-26T22:30:00,26993,2221,569,0,0
2025-01-26T23:30:00,26379,1991,570,0,0
2025-01-27T00:30:00,26276,2006,571,0,0
2025-01-27T01:30:00,26049,2303,568,0,0
2025-01-27T02:30:00,25803,2172,570,0,0
2025-01-27T03:30:00,25830,2196,568,0,0
2025-01-27T04:30:00,26978,2160,568,0,0
2025-01-27T05:30:00,28289,2251,569,0,0
2025-01-27T06:30:00,29711,2174,568,0,0
2025-01-27T07:30:00,31040,2309,571,0,0
2025-01-27T08:30:00,30588,2375,571,0,0
2025-01-27T09:30:00,29485,2368,566,0,0
2025-01-27T10:30:00,28363,2917,563,1,0
2025-01-27T11:30:00,27913,2595,565,3,0
2025-01-27T12:30:00,26675,2607,562,4,0
2025-01-27T13:30:00,26527,2580,563,2,0
2025-01-27T14:30:00,26330,2695,560,2,0
2025-01-27T15:30:00,26645,2810,563,1,0
2025-01-27T16:30:00,27479,2883,565,0,0
2025-01-27T17:30:00,29181,2874,570,0,0
2025-01-27T18:30:00,28784,2779,570,0,0
2025-01-27T19:30:00,27400,2777,570,0,0
2025-01-27T20:30:00,26790,2747,567,0,0
2025-01-27T21:30:00,25736,2769,566,0,0
2025-01-27T22:30:00,24678,2666,567,0,0
2025-01-27T23:30:00,23505,2670,566,0,0
2025-01-28T00:30:00,23307,2685,568,0,0
2025-01-28T01:30:00,22769,2606,565,0,0
2025-01-28T02:30:00,22878,2687,567,0,0
2025-01-28T03:30:00,23567,2484,567,0,0
2025-01-28T04:30:00,24558,2196,566,0,0
2025-01-28T05:30:00,27309,2450,569,0,0
2025-01-28T06:30:00,30406,2357,572,0,0
2025-01-28T07:30:00,32911,2368,571,0,0
2025-01-28T08:30:00,31617,2099,571,0,0
2025-01-28T09:30:00,30178,2402,567,1,0
2025-01-28T10:30:00,30391,2305,569,1,0
2025-01-28T11:30:00,29339,2444,566,2,0
2025-01-28T12:30:00,28270,2623,565,3,0
2025-01-28T13:30:00,27711,2743,560,2,0
2025-01-28T14:30:00,27252,2559,562,3,0
2025-01-28T15:30:00,29833,2433,563,2,0
2025-01-28T16:30:00,33074,2466,562,0,0
2025-01-28T17:30:00,35227,2502,566,0,0
2025-01-28T18:30:00,34377,2411,565,0,0
2025-01-28T19:30:00,34371,2376,565,0,0
2025-01-28T20:30:00,33222,2293,568,0,0
2025-01-28T21:30:00,32633,2468,567,0,0
2025-01-28T22:30:00,31948,2351,569,0,0
2025-01-28T23:30:00,31058,1903,573,0,0
2025-01-29T00:30:00,31184,1516,573,0,0
2025-01-29T01:30:00,31055,1275,573,0,0
2025-01-29T02:30:00,31064,1243,573,0,0
2025-01-29T03:30:00,30891,1145,570,0,0
2025-01-29T04:30:00,31784,1033,571,0,0
2025-01-29T05:30:00,32786,1020,571,0,0
2025-01-29T06:30:00,34380,971,573,0,0
2025-01-29T07:30:00,35578,990,572,0,0
2025-01-29T08:30:00,35942,819,572,0,0
2025-01-29T09:30:00,35910,605,571,0,0
2025-01-29T10:30:00,34529,526,573,0,0
2025-01-29T11:30:00,33782,330,571,0,0
2025-01-29T12:30:00,32894,113,586,1,0
2025-01-29T13:30:00,32321,74,585,1,0
2025-01-29T14:30:00,32151,77,584,0,0
2025-01-29T15:30:00,32739,121,586,0,0
2025-01-29T16:30:00,34180,200,583,0,0
2025-01-29T17:30:00,35541,391,584,0,0
2025-01-29T18:30:00,35031,579,586,0,0
2025-01-29T19:30:00,34290,927,586,0,0
2025-01-29T20:30:00,33149,1248,587,0,0
2025-01-29T21:30:00,32661,1623,588,0,0
2025-01-29T22:30:00,31404,1984,585,0,0
2025-01-29T23:30:00,30197,2231,585,0,0
2025-01-30T00:30:00,29916,2447,585,0,0
2025-01-30T01:30:00,29764,2370,584,0,0
2025-01-30T02:30:00,29974,2407,581,0,0
2025-01-30T03:30:00,29806,2427,583,0,0
2025-01-30T04:30:00,30569,2141,584,0,0
2025-01-30T05:30:00,31729,2319,584,0,0
2025-01-30T06:30:00,33716,2382,583,0,0
2025-01-30T07:30:00,35102,2391,585,0,0
2025-01-30T08:30:00,33770,2414,585,0,0
2025-01-30T09:30:00,33489,2300,584,0,0
2025-01-30T10:30:00,32205,2344,582,1,0
2025-01-30T11:30:00,31853,2779,582,1,0
2025-01-30T12:30:00,30695,2473,581,1,0
2025-01-30T13:30:00,31203,2377,556,1,0
2025-01-30T14:30:00,31842,2437,554,0,0
2025-01-30T15:30:00,32438,2450,552,0,0
2025-01-30T16:30:00,32898,2443,552,0,0
2025-01-30T17:30:00,34206,2459,554,0,0
2025-01-30T18:30:00,34362,2383,554,0,0
2025-01-30T19:30:00,33946,2364,554,0,0
2025-01-30T20:30:00,33295,2297,555,0,0
2025-01-30T21:30:00,32413,2309,554,0,0
2025-01-30T22:30:00,31273,2210,553,0,0
2025-01-30T23:30:00,30096,2599,553,0,0
2025-01-31T00:30:00,29102,2475,551,0,0
2025-01-31T01:30:00,29087,2283,553,0,0
2025-01-31T02:30:00,29192,2072,547,0,0
2025-01-31T03:30:00,29304,1876,545,0,0
2025-01-31T04:30:00,29991,1633,544,0,0
2025-01-31T05:30:00,30920,1432,543,0,0
2025-01-31T06:30:00,32433,1379,547,0,0
2025-01-31T07:30:00,33645,1342,547,0,0
2025-01-31T08:30:00,34216,1090,546,0,0
2025-01-31T09:30:00,33447,972,545,0,0
2025-01-31T10:30:00,32257,792,544,1,0
2025-01-31T11:30:00,31649,667,542,0,0
2025-01-31T12:30:00,30662,819,553,2,0
2025-01-31T13:30:00,30267,929,553,1,0
2025-01-31T14:30:00,29562,781,551,2,0
2025-01-31T15:30:00,30611,703,549,2,0
2025-01-31T16:30:00,32581,585,549,0,0
2025-01-31T17:30:00,33772,693,551,0,0
2025-01-31T18:30:00,33326,733,552,0,0
2025-01-31T19:30:00,32491,797,555,0,0
2025-01-31T20:30:00,31606,963,556,0,0
2025-01-31T21:30:00,30564,1097,555,0,0
2025-01-31T22:30:00,29450,1219,555,0,0
2025-01-31T23:30:00,28753,1084,555,0,0
2025-02-01T00:30:00,28358,1048,553,0,0
2025-02-01T01:30:00,28102,1095,551,0,0
2025-02-01T02:30:00,28316,1193,550,0,0
2025-02-01T03:30:00,28825,1181,547,0,0
2025-02-01T04:30:00,29518,1209,551,0,0
2025-02-01T05:30:00,30196,1415,549,0,0
2025-02-01T06:30:00,30973,1544,547,0,0
2025-02-01T07:30:00,32538,1549,551,0,0
2025-02-01T08:30:00,32153,1686,551,1,0
2025-02-01T09:30:00,31263,1668,548,3,0
2025-02-01T10:30:00,30304,1756,546,5,0
2025-02-01T11:30:00,29799,1876,543,6,0
2025-02-01T12:30:00,29161,2034,567,6,0
2025-02-01T13:30:00,28396,2195,568,6,0
2025-02-01T14:30:00,27666,2320,563,5,0
2025-02-01T15:30:00,29132,2057,564,2,0
2025-02-01T16:30:00,32010,2363,563,0,0
2025-02-01T17:30:00,34327,2274,565,0,0
2025-02-01T18:30:00,34514,2282,568,0,0
2025-02-01T19:30:00,34465,2215,569,0,0
2025-02-01T20:30:00,33290,2204,570,0,0
2025-02-01T21:30:00,33626,2079,567,0,0
2025-02-01T22:30:00,32882,2064,569,0,0
2025-02-01T23:30:00,32380,1846,568,0,0
2025-02-02T00:30:00,32124,1764,566,0,0
2025-02-02T01:30:00,32958,1921,564,0,0
2025-02-02T02:30:00,32872,1918,564,0,0
2025-02-02T03:30:00,32909,1945,564,0,0
2025-02-02T04:30:00,33126,1676,562,0,0
2025-02-02T05:30:00,33397,1982,562,0,0
2025-02-02T06:30:00,33130,2360,563,0,0
2025-02-02T07:30:00,33817,2241,564,0,0
2025-02-02T08:30:00,33902,2097,566,1,0
2025-02-02T09:30:00,34188,1904,568,2,0
2025-02-02T10:30:00,33759,1599,565,2,0
2025-02-02T11:30:00,33537,1379,565,4,0
2025-02-02T12:30:00,33293,1302,560,4,0
2025-02-02T13:30:00,33320,1238,562,2,0
2025-02-02T14:30:00,34259,1029,560,1,0
2025-02-02T15:30:00,34616,1053,560,1,0
2025-02-02T16:30:00,34409,1177,563,0,0
2025-02-02T17:30:00,34812,1372,565,0,0
2025-02-02T18:30:00,34191,1454,565,0,0
2025-02-02T19:30:00,33651,1505,564,0,0
2025-02-02T20:30:00,33033,1471,564,0,0
2025-02-02T21:30:00,33031,1386,566,0,0
2025-02-02T22:30:00,32403,1344,564,0,0
2025-02-02T23:30:00,30565,1293,559,0,0
2025-02-03T00:30:00,29897,1392,557,0,0
2025-02-03T01:30:00,29981,1357,552,0,0
2025-02-03T02:30:00,30054,1380,552,0,0
2025-02-03T03:30:00,30407,1280,548,0,0
2025-02-03T04:30:00,30690,1297,546,0,0
2025-02-03T05:30:00,31774,1360,546,0,0
2025-02-03T06:30:00,33804,1550,550,0,0
2025-02-03T07:30:00,35300,1669,549,0,0
2025-02-03T08:30:00,34932,1884,550,0,0
2025-02-03T09:30:00,34018,1889,550,0,0
2025-02-03T10:30:00,32714,1918,549,0,0
2025-02-03T11:30:00,31754,2086,551,0,0
2025-02-03T12:30:00,31267,2091,548,1,0
2025-02-03T13:30:00,30751,2186,546,0,0
2025-02-03T14:30:00,29070,2340,546,0,0
2025-02-03T15:30:00,29534,2159,546,0,0
2025-02-03T16:30:00,30457,1878,547,0,0
2025-02-03T17:30:00,32666,1658,550,0,0
2025-02-03T18:30:00,32780,1998,550,0,0
2025-02-03T19:30:00,31719,2095,550,0,0
2025-02-03T20:30:00,30578,1866,550,0,0
2025-02-03T21:30:00,28138,1888,548,0,0
2025-02-03T22:30:00,25440,1817,547,0,0
2025-02-03T23:30:00,24091,1827,547,0,0
2025-02-04T00:30:00,24271,2096,546,0,0
2025-02-04T01:30:00,23934,2252,546,0,0
2025-02-04T02:30:00,23807,2293,546,0,0
2025-02-04T03:30:00,24041,2361,546,0,0
2025-02-04T04:30:00,24438,2449,545,0,0
2025-02-04T05:30:00,26154,2557,542,0,0
2025-02-04T06:30:00,28890,2625,545,0,0
2025-02-04T07:30:00,30804,2684,544,0,0
2025-02-04T08:30:00,30043,2462,541,0,0
2025-02-04T09:30:00,27659,2579,537,0,0
2025-02-04T10:30:00,25798,2562,542,0,0
2025-02-04T11:30:00,25204,2564,539,1,0
2025-02-04T12:30:00,24265,2621,552,1,0
2025-02-04T13:30:00,23624,2638,550,1,0
2025-02-04T14:30:00,25159,2669,552,2,0
2025-02-04T15:30:00,26563,2705,548,1,0
2025-02-04T16:30:00,29508,2674,554,0,0
2025-02-04T17:30:00,33321,2656,558,0,0
2025-02-04T18:30:00,33695,2657,560,0,0
2025-02-04T19:30:00,33284,3129,557,0,0
2025-02-04T20:30:00,31899,2772,558,0,0
2025-02-04T21:30:00,30948,2765,556,0,0
2025-02-04T22:30:00,28810,2740,558,0,0
2025-02-04T23:30:00,28707,2639,558,0,0
2025-02-05T00:30:00,28498,2515,558,0,0
2025-02-05T01:30:00,28529,2547,559,0,0
2025-02-05T02:30:00,28838,2502,558,0,0
2025-02-05T03:30:00,28891,2479,560,0,0
2025-02-05T04:30:00,29792,2379,550,0,0
2025-02-05T05:30:00,30866,2212,550,0,0
2025-02-05T06:30:00,32418,2473,547,0,0
2025-02-05T07:30:00,34166,2348,549,0,0
2025-02-05T08:30:00,33419,1891,549,0,0
2025-02-05T09:30:00,32644,1873,548,2,0
2025-02-05T10:30:00,31717,2069,550,2,0
2025-02-05T11:30:00,30351,2122,550,3,0
2025-02-05T12:30:00,28976,2307,542,3,0
2025-02-05T13:30:00,28441,2310,543,3,0
2025-02-05T14:30:00,28486,2277,542,3,0
2025-02-05T15:30:00,29708,2290,543,2,0
2025-02-05T16:30:00,31339,2349,546,0,0
2025-02-05T17:30:00,34187,2542,548,0,0
2025-02-05T18:30:00,34405,2720,551,0,0
2025-02-05T19:30:00,34245,2855,548,0,0
2025-02-05T20:30:00,33879,2439,552,0,0
2025-02-05T21:30:00,33867,2492,552,0,0
2025-02-05T22:30:00,32710,2531,552,0,0
2025-02-05T23:30:00,31796,2522,558,0,0
2025-02-06T00:30:00,32174,2470,559,0,0
2025-02-06T01:30:00,32728,2257,559,0,0
2025-02-06T02:30:00,32464,2063,559,0,0
2025-02-06T03:30:00,32388,2044,558,0,0
2025-02-06T04:30:00,33139,1873,557,0,0
2025-02-06T05:30:00,33739,1418,557,0,0
2025-02-06T06:30:00,34168,1528,558,0,0
2025-02-06T07:30:00,34885,1447,561,0,0
2025-02-06T08:30:00,35368,1106,563,0,0
2025-02-06T09:30:00,36085,811,561,1,398
2025-02-06T10:30:00,35498,640,561,1,395
2025-02-06T11:30:00,35604,665,561,0,393
2025-02-06T12:30:00,35099,814,561,0,390
2025-02-06T13:30:00,34659,946,568,0,89
2025-02-06T14:30:00,34108,1176,568,0,0
2025-02-06T15:30:00,34482,1566,569,0,0
2025-02-06T16:30:00,34205,1958,569,0,0
2025-02-06T17:30:00,34511,2273,570,0,0
2025-02-06T18:30:00,34096,2460,571,0,0
2025-02-06T19:30:00,33389,2615,573,0,0
2025-02-06T20:30:00,32052,2226,574,0,0
2025-02-06T21:30:00,30778,2235,576,0,0
2025-02-06T22:30:00,29496,2676,575,0,0
2025-02-06T23:30:00,27728,2642,574,0,0
2025-02-07T00:30:00,26726,2556,572,0,0
2025-02-07T01:30:00,25885,2466,570,0,0
2025-02-07T02:30:00,25658,2344,572,0,0
2025-02-07T03:30:00,25705,2268,572,0,0
2025-02-07T04:30:00,26020,2270,573,0,0
2025-02-07T05:30:00,26617,2243,575,0,0
2025-02-07T06:30:00,28405,2409,576,0,0
2025-02-07T07:30:00,30000,2324,576,0,0
2025-02-07T08:30:00,29329,2578,576,0,0
2025-02-07T09:30:00,28054,2824,577,1,0
2025-02-07T10:30:00,26626,3007,574,1,0
2025-02-07T11:30:00,25882,2699,570,2,0
2025-02-07T12:30:00,25793,2667,559,2,0
2025-02-07T13:30:00,24970,2692,557,2,0
2025-02-07T14:30:00,24754,2719,557,3,0
2025-02-07T15:30:00,25872,2773,557,2,0
2025-02-07T16:30:00,27501,2776,559,0,0
2025-02-07T17:30:00,30210,2732,560,0,0
2025-02-07T18:30:00,30851,2732,562,0,0
2025-02-07T19:30:00,30136,2674,562,0,0
2025-02-07T20:30:00,29775,3017,562,0,0
2025-02-07T21:30:00,28640,2870,563,0,0
2025-02-07T22:30:00,27040,2749,564,0,0
2025-02-07T23:30:00,25892,2916,562,0,0
2025-02-08T00:30:00,26703,2903,563,0,0
2025-02-08T01:30:00,26569,2535,562,0,0
2025-02-08T02:30:00,26902,2426,561,0,0
2025-02-08T03:30:00,26910,2709,562,0,0
2025-02-08T04:30:00,27964,2639,563,0,0
2025-02-08T05:30:00,28522,2437,563,0,0
2025-02-08T06:30:00,29478,2191,565,0,0
2025-02-08T07:30:00,30340,2274,563,0,0
2025-02-08T08:30:00,29921,2130,561,1,0
2025-02-08T09:30:00,29127,2061,559,2,0
2025-02-08T10:30:00,28182,2466,558,3,0
2025-02-08T11:30:00,27081,2490,558,4,0
2025-02-08T12:30:00,26501,2497,537,6,0
2025-02-08T13:30:00,25768,2496,538,6,0
2025-02-08T14:30:00,26202,2001,542,5,0
2025-02-08T15:30:00,27461,1767,542,2,0
2025-02-08T16:30:00,29784,1981,542,1,0
2025-02-08T17:30:00,31568,1827,545,0,0
2025-02-08T18:30:00,31878,1717,545,0,0
2025-02-08T19:30:00,31942,1481,547,0,0
2025-02-08T20:30:00,31559,1433,548,0,0
2025-02-08T21:30:00,30516,1319,549,0,0
2025-02-08T22:30:00,29571,1085,545,0,0
2025-02-08T23:30:00,29791,767,545,0,0
2025-02-09T00:30:00,28753,559,542,0,0
2025-02-09T01:30:00,28315,417,543,0,0
2025-02-09T02:30:00,28087,375,541,0,0
2025-02-09T03:30:00,27844,382,542,0,0
2025-02-09T04:30:00,28278,242,541,0,0
2025-02-09T05:30:00,28946,222,541,0,0
2025-02-09T06:30:00,30016,207,541,0,0
2025-02-09T07:30:00,31151,178,541,0,0
2025-02-09T08:30:00,31058,143,542,0,0
2025-02-09T09:30:00,30678,113,540,1,0
2025-02-09T10:30:00,29579,189,540,2,0
2025-02-09T11:30:00,29071,195,538,6,0
2025-02-09T12:30:00,28175,194,523,7,0
2025-02-09T13:30:00,27576,249,523,5,0
2025-02-09T14:30:00,27621,393,522,2,0
2025-02-09T15:30:00,29001,492,525,2,0
2025-02-09T16:30:00,30657,522,526,1,0
2025-02-09T17:30:00,33055,589,529,0,0
2025-02-09T18:30:00,33458,634,529,0,0
2025-02-09T19:30:00,31886,612,529,0,0
2025-02-09T20:30:00,30940,621,531,0,0
2025-02-09T21:30:00,29874,607,529,0,0
2025-02-09T22:30:00,28868,588,529,0,0
2025-02-09T23:30:00,27398,555,528,0,0
2025-02-10T00:30:00,27895,544,527,0,0
2025-02-10T01:30:00,27340,555,525,0,0
2025-02-10T02:30:00,27607,562,525,0,0
2025-02-10T03:30:00,27954,549,526,0,0
2025-02-10T04:30:00,29174,586,526,0,0
2025-02-10T05:30:00,31419,539,527,0,0
2025-02-10T06:30:00,33109,565,528,0,0
2025-02-10T07:30:00,34235,603,531,0,0
2025-02-10T08:30:00,33487,617,529,0,0
2025-02-10T09:30:00,32976,607,530,2,0
2025-02-10T10:30:00,31680,681,527,5,0
2025-02-10T11:30:00,30561,836,525,8,0
2025-02-10T12:30:00,29786,1077,536,9,0
2025-02-10T13:30:00,29388,1207,536,7,0
2025-02-10T14:30:00,29023,1291,537,6,0
2025-02-10T15:30:00,29842,1425,537,4,0
2025-02-10T16:30:00,31928,1475,538,1,0
2025-02-10T17:30:00,34753,1432,535,0,0
2025-02-10T18:30:00,33942,1564,533,0,0
2025-02-10T19:30:00,33569,1728,529,0,0
2025-02-10T20:30:00,33328,1623,524,0,0
2025-02-10T21:30:00,33086,1472,518,0,0
2025-02-10T22:30:00,31393,1381,516,0,0
2025-02-10T23:30:00,30724,1349,510,0,0
2025-02-11T00:30:00,30061,1449,508,0,0
2025-02-11T01:30:00,29734,1503,506,0,0
2025-02-11T02:30:00,29698,1562,508,0,0
2025-02-11T03:30:00,29813,1614,506,0,0
2025-02-11T04:30:00,30549,1547,500,0,0
2025-02-11T05:30:00,31601,1747,501,0,0
2025-02-11T06:30:00,32936,1750,504,0,0
2025-02-11T07:30:00,34576,1697,500,0,0
2025-02-11T08:30:00,34253,1582,499,1,0
2025-02-11T09:30:00,33602,1418,502,2,0
2025-02-11T10:30:00,32423,1335,500,2,0
2025-02-11T11:30:00,31291,1239,499,5,0
2025-02-11T12:30:00,30530,1293,495,3,0
2025-02-11T13:30:00,30202,1275,495,4,0
2025-02-11T14:30:00,29940,1398,491,4,0
2025-02-11T15:30:00,30477,1462,491,2,0
2025-02-11T16:30:00,32530,1441,495,1,0
2025-02-11T17:30:00,34919,1450,499,0,0
2025-02-11T18:30:00,35099,1308,508,0,0
2025-02-11T19:30:00,34591,1482,514,0,0
2025-02-11T20:30:00,33998,1306,518,0,0
2025-02-11T21:30:00,33876,1368,523,0,0
2025-02-11T22:30:00,32190,1415,526,0,0
2025-02-11T23:30:00,31638,1311,529,0,0
2025-02-12T00:30:00,31082,1329,533,0,0
2025-02-12T01:30:00,31332,1210,534,0,0
2025-02-12T02:30:00,31454,1128,540,0,0
2025-02-12T03:30:00,31180,1159,539,0,0
2025-02-12T04:30:00,31918,1137,540,0,0
2025-02-12T05:30:00,33178,1121,540,0,0
2025-02-12T06:30:00,33827,1115,539,0,0
2025-02-12T07:30:00,34788,1241,537,0,0
2025-02-12T08:30:00,33446,1168,537,2,0
2025-02-12T09:30:00,33270,1238,536,6,0
2025-02-12T10:30:00,32725,1180,537,8,0
2025-02-12T11:30:00,31264,1093,539,8,0
2025-02-12T12:30:00,30028,901,548,9,0
2025-02-12T13:30:00,30584,724,548,8,0
2025-02-12T14:30:00,29957,655,545,7,0
2025-02-12T15:30:00,29932,573,546,5,0
2025-02-12T16:30:00,31725,686,547,1,0
2025-02-12T17:30:00,33615,810,549,0,0
2025-02-12T18:30:00,34635,774,548,0,0
2025-02-12T19:30:00,34525,817,551,0,0
2025-02-12T20:30:00,33896,1028,549,0,0
2025-02-12T21:30:00,33308,1090,549,0,0
2025-02-12T22:30:00,32152,1083,549,0,0
2025-02-12T23:30:00,31233,1196,550,0,0
2025-02-13T00:30:00,31509,1098,549,0,0
2025-02-13T01:30:00,31677,927,549,0,0
2025-02-13T02:30:00,31638,967,551,0,0
2025-02-13T03:30:00,31400,1108,549,0,0
2025-02-13T04:30:00,31192,1421,549,0,0
2025-02-13T05:30:00,32140,1642,550,0,0
2025-02-13T06:30:00,32585,1785,550,0,0
2025-02-13T07:30:00,33133,2069,548,0,0
2025-02-13T08:30:00,32926,2233,552,0,0
2025-02-13T09:30:00,32563,2317,550,0,0
2025-02-13T10:30:00,32799,2314,549,0,0
2025-02-13T11:30:00,32496,2370,550,0,0
2025-02-13T12:30:00,32249,2569,548,0,0
2025-02-13T13:30:00,31687,2284,543,0,0
2025-02-13T14:30:00,30643,2335,544,0,0
2025-02-13T15:30:00,30528,2168,542,0,0
2025-02-13T16:30:00,29595,2090,544,0,0
2025-02-13T17:30:00,30872,2053,548,0,0
2025-02-13T18:30:00,32587,1817,550,0,0
2025-02-13T19:30:00,32164,1576,550,0,0
2025-02-13T20:30:00,31816,1607,553,0,0
2025-02-13T21:30:00,30847,1841,553,0,0
2025-02-13T22:30:00,29459,1993,550,0,0
2025-02-13T23:30:00,28617,1696,549,0,0
2025-02-14T00:30:00,28079,1629,547,0,0
2025-02-14T01:30:00,27777,1954,548,0,0
2025-02-14T02:30:00,27339,2383,546,0,0
2025-02-14T03:30:00,27294,2633,547,0,0
2025-02-14T04:30:00,27661,2512,544,0,0
2025-02-14T05:30:00,29344,2476,544,0,0
2025-02-14T06:30:00,33039,2469,544,0,0
2025-02-14T07:30:00,34374,2590,545,0,0
2025-02-14T08:30:00,33315,2657,547,1,0
2025-02-14T09:30:00,29847,2741,544,3,0
2025-02-14T10:30:00,28159,2817,550,5,0
2025-02-14T11:30:00,27126,2904,548,6,0
2025-02-14T12:30:00,25958,2904,539,6,0
2025-02-14T13:30:00,25617,2909,540,6,0
2025-02-14T14:30:00,26592,2883,542,5,0
2025-02-14T15:30:00,27905,2877,541,2,0
2025-02-14T16:30:00,29357,2805,542,1,0
2025-02-14T17:30:00,32886,2784,542,0,0
2025-02-14T18:30:00,34054,2765,541,0,0
2025-02-14T19:30:00,33184,2731,541,0,0
2025-02-14T20:30:00,32704,2679,540,0,0
2025-02-14T21:30:00,31999,2647,542,0,0
2025-02-14T22:30:00,31587,2612,540,0,0
2025-02-14T23:30:00,30461,2598,538,0,0
2025-02-15T00:30:00,30205,2483,536,0,0
2025-02-15T01:30:00,30257,2429,538,0,0
2025-02-15T02:30:00,30459,2350,536,0,0
2025-02-15T03:30:00,30232,2326,536,0,0
2025-02-15T04:30:00,30408,2176,538,0,0
2025-02-15T05:30:00,31447,2066,539,0,0
2025-02-15T06:30:00,32417,2089,540,0,0
2025-02-15T07:30:00,33172,2042,543,0,0
2025-02-15T08:30:00,31641,1844,543,1,0
2025-02-15T09:30:00,31122,1658,542,3,0
2025-02-15T10:30:00,30608,1600,540,4,0
2025-02-15T11:30:00,29292,1618,543,5,0
2025-02-15T12:30:00,29110,1626,542,3,0
2025-02-15T13:30:00,29522,1566,542,2,0
2025-02-15T14:30:00,29874,1473,543,2,0
2025-02-15T15:30:00,30614,1395,544,1,0
2025-02-15T16:30:00,32396,1310,545,0,0
2025-02-15T17:30:00,33855,1301,546,0,0
2025-02-15T18:30:00,33318,1325,546,0,0
2025-02-15T19:30:00,33332,1243,548,0,0
2025-02-15T20:30:00,33024,1165,549,0,0
2025-02-15T21:30:00,32281,1127,543,0,0
2025-02-15T22:30:00,31127,1266,542,0,0
2025-02-15T23:30:00,30255,1379,542,0,0
2025-02-16T00:30:00,30205,1677,541,0,0
2025-02-16T01:30:00,29737,1667,540,0,0
2025-02-16T02:30:00,29372,1618,538,0,0
2025-02-16T03:30:00,29686,1661,539,0,0
2025-02-16T04:30:00,29769,1688,537,0,0
2025-02-16T05:30:00,30279,1793,537,0,0
2025-02-16T06:30:00,30845,1864,537,0,0
2025-02-16T07:30:00,31463,1923,537,0,0
2025-02-16T08:30:00,31342,1776,537,0,0
2025-02-16T09:30:00,32184,1496,536,0,0
2025-02-16T10:30:00,33104,1233,533,0,0
2025-02-16T11:30:00,33962,1123,534,0,0
2025-02-16T12:30:00,34238,1114,540,0,0
2025-02-16T13:30:00,33894,1172,538,0,0
2025-02-16T14:30:00,33843,1332,539,0,0
2025-02-16T15:30:00,33564,1374,541,0,0
2025-02-16T16:30:00,33738,1600,538,0,0
2025-02-16T17:30:00,34102,1924,540,0,0
2025-02-16T18:30:00,33678,2137,542,0,0
2025-02-16T19:30:00,32735,2357,543,0,0
2025-02-16T20:30:00,31899,2156,541,0,0
2025-02-16T21:30:00,31343,2508,538,0,0
2025-02-16T22:30:00,30105,2475,536,0,0
2025-02-16T23:30:00,28701,2067,532,0,0
2025-02-17T00:30:00,28048,2393,532,0,0
2025-02-17T01:30:00,27605,2249,535,0,0
2025-02-17T02:30:00,27685,2067,534,0,0
2025-02-17T03:30:00,27986,1910,537,0,0
2025-02-17T04:30:00,28566,1974,538,0,0
2025-02-17T05:30:00,29528,2106,537,0,0
2025-02-17T06:30:00,31066,2210,538,0,0
2025-02-17T07:30:00,32385,2320,535,0,0
2025-02-17T08:30:00,32448,2417,534,0,0
2025-02-17T09:30:00,31737,2532,529,0,0
2025-02-17T10:30:00,31071,2505,527,1,0
2025-02-17T11:30:00,30015,2855,523,2,0
2025-02-17T12:30:00,29251,2686,524,2,0
2025-02-17T13:30:00,28729,2756,532,2,0
2025-02-17T14:30:00,28795,2720,532,2,0
2025-02-17T15:30:00,29351,2667,532,2,0
2025-02-17T16:30:00,30981,2632,531,0,0
2025-02-17T17:30:00,33056,2648,534,0,0
2025-02-17T18:30:00,33935,2478,534,0,0
2025-02-17T19:30:00,33843,2343,538,0,0
2025-02-17T20:30:00,33074,2273,541,0,0
2025-02-17T21:30:00,31880,2372,543,0,0
2025-02-17T22:30:00,30509,2434,541,0,0
2025-02-17T23:30:00,29720,2436,543,0,0
2025-02-18T00:30:00,29817,2516,545,0,0
2025-02-18T01:30:00,29793,2592,544,0,0
2025-02-18T02:30:00,30119,2605,544,0,0
2025-02-18T03:30:00,30145,2594,543,0,0
2025-02-18T04:30:00,30728,2596,541,0,0
2025-02-18T05:30:00,31927,2554,544,0,0
2025-02-18T06:30:00,32383,2541,549,0,0
2025-02-18T07:30:00,33351,2535,548,0,0
2025-02-18T08:30:00,32693,2464,545,1,0
2025-02-18T09:30:00,32850,2387,547,1,0
2025-02-18T10:30:00,31923,2268,543,3,0
2025-02-18T11:30:00,31571,2335,547,3,0
2025-02-18T12:30:00,31189,2342,543,3,0
2025-02-18T13:30:00,31280,2350,543,3,0
2025-02-18T14:30:00,31311,2392,547,2,0
2025-02-18T15:30:00,32511,2326,547,2,0
2025-02-18T16:30:00,33733,2314,543,0,0
2025-02-18T17:30:00,34030,2288,547,0,0
2025-02-18T18:30:00,34648,2163,549,0,0
2025-02-18T19:30:00,34129,1979,552,0,0
2025-02-18T20:30:00,33676,1942,552,0,0
2025-02-18T21:30:00,33501,1904,551,0,0
2025-02-18T22:30:00,32534,1879,548,0,0
2025-02-18T23:30:00,31600,2114,550,0,0
2025-02-19T00:30:00,31201,2066,548,0,0
2025-02-19T01:30:00,31263,2018,550,0,0
2025-02-19T02:30:00,31417,1947,547,0,0
2025-02-19T03:30:00,31763,1953,542,0,0
2025-02-19T04:30:00,32559,1954,546,0,0
2025-02-19T05:30:00,33528,1932,548,0,0
2025-02-19T06:30:00,34637,1867,549,0,0
2025-02-19T07:30:00,34519,1908,550,0,0
2025-02-19T08:30:00,33764,1660,549,1,0
2025-02-19T09:30:00,33437,1515,548,3,0
2025-02-19T10:30:00,33554,1378,545,3,0
2025-02-19T11:30:00,32395,1331,544,4,0
2025-02-19T12:30:00,31770,1429,524,4,0
2025-02-19T13:30:00,31280,1389,525,4,0
2025-02-19T14:30:00,31036,1391,528,4,0
2025-02-19T15:30:00,31355,1460,529,3,0
2025-02-19T16:30:00,32961,1595,528,1,0
2025-02-19T17:30:00,34228,1880,530,0,0
2025-02-19T18:30:00,34664,1921,534,0,0
2025-02-19T19:30:00,34042,1946,532,0,0
2025-02-19T20:30:00,33687,1947,532,0,0
2025-02-19T21:30:00,32888,1854,533,0,0
2025-02-19T22:30:00,32380,1767,535,0,0
2025-02-19T23:30:00,30994,1734,534,0,0
2025-02-20T00:30:00,31036,1724,533,0,0
2025-02-20T01:30:00,31944,1643,534,0,0
2025-02-20T02:30:00,32676,1572,532,0,0
2025-02-20T03:30:00,32049,1456,530,0,0
2025-02-20T04:30:00,32304,1273,530,0,0
2025-02-20T05:30:00,33429,1239,531,0,0
2025-02-20T06:30:00,34378,1112,532,0,0
2025-02-20T07:30:00,35133,1033,531,0,0
2025-02-20T08:30:00,33950,897,533,2,0
2025-02-20T09:30:00,33847,731,534,3,0
2025-02-20T10:30:00,32443,553,533,4,0
2025-02-20T11:30:00,31587,460,531,5,0
2025-02-20T12:30:00,31546,403,544,5,0
2025-02-20T13:30:00,31660,434,544,4,0
2025-02-20T14:30:00,31259,498,543,4,0
2025-02-20T15:30:00,32875,465,542,1,0
2025-02-20T16:30:00,33197,487,544,0,0
2025-02-20T17:30:00,34333,741,543,0,0
2025-02-20T18:30:00,34237,1158,545,0,0
2025-02-20T19:30:00,33739,1470,544,0,0
2025-02-20T20:30:00,32475,1465,546,0,0
2025-02-20T21:30:00,32093,1349,543,0,0
2025-02-20T22:30:00,31531,1073,544,0,0
2025-02-20T23:30:00,30114,936,545,0,0
2025-02-21T00:30:00,28657,944,545,0,0
2025-02-21T01:30:00,28022,1043,542,0,0
2025-02-21T02:30:00,27819,1176,544,0,0
2025-02-21T03:30:00,27639,1624,546,0,0
2025-02-21T04:30:00,28000,1850,544,0,0
2025-02-21T05:30:00,30381,1957,544,0,0
2025-02-21T06:30:00,32757,1985,543,0,0
2025-02-21T07:30:00,32976,2026,540,0,0
2025-02-21T08:30:00,33348,2060,543,1,0
2025-02-21T09:30:00,31457,2121,544,2,0
2025-02-21T10:30:00,29381,2232,546,3,0
2025-02-21T11:30:00,27478,2292,545,4,0
2025-02-21T12:30:00,26966,2461,543,6,0
2025-02-21T13:30:00,26310,2707,547,4,0
2025-02-21T14:30:00,25860,2911,548,3,0
2025-02-21T15:30:00,26356,2914,548,2,0
2025-02-21T16:30:00,28939,2915,549,1,0
2025-02-21T17:30:00,31698,2919,545,0,0
2025-02-21T18:30:00,32581,2852,546,0,0
2025-02-21T19:30:00,31887,2820,546,0,0
2025-02-21T20:30:00,31447,2844,546,0,0
2025-02-21T21:30:00,30231,2796,545,0,0
2025-02-21T22:30:00,29135,2796,544,0,0
2025-02-21T23:30:00,27607,2693,544,0,0
2025-02-22T00:30:00,26723,2680,544,0,0
2025-02-22T01:30:00,26398,2629,542,0,0
2025-02-22T02:30:00,26466,2561,541,0,0
2025-02-22T03:30:00,26863,2516,540,0,0
2025-02-22T04:30:00,27784,2332,539,0,0
2025-02-22T05:30:00,28402,2124,541,0,0
2025-02-22T06:30:00,29625,1930,541,0,0
2025-02-22T07:30:00,29963,1881,543,0,0
2025-02-22T08:30:00,28976,1551,541,3,0
2025-02-22T09:30:00,27278,1327,540,5,0
2025-02-22T10:30:00,25549,1184,537,6,0
2025-02-22T11:30:00,24381,1334,537,7,0
2025-02-22T12:30:00,24234,1454,531,3,0
2025-02-22T13:30:00,23704,1626,531,3,0
2025-02-22T14:30:00,24392,1525,529,1,0
2025-02-22T15:30:00,24984,1411,530,1,0
2025-02-22T16:30:00,26243,1284,531,0,0
2025-02-22T17:30:00,27956,1394,533,0,0
2025-02-22T18:30:00,28082,1899,536,0,0
2025-02-22T19:30:00,26846,2274,536,0,0
2025-02-22T20:30:00,25817,2202,536,0,0
2025-02-22T21:30:00,25146,2177,537,0,0
2025-02-22T22:30:00,23772,2020,533,0,0
2025-02-22T23:30:00,23264,1804,526,0,0
2025-02-23T00:30:00,23242,1603,526,0,0
2025-02-23T01:30:00,23047,1394,524,0,0
2025-02-23T02:30:00,22953,1265,524,0,0
2025-02-23T03:30:00,23017,1236,524,0,0
2025-02-23T04:30:00,23267,1261,524,0,0
2025-02-23T05:30:00,23798,1134,525,0,0
2025-02-23T06:30:00,25400,989,524,0,0
2025-02-23T07:30:00,25649,896,525,0,0
2025-02-23T08:30:00,25495,748,527,1,0
2025-02-23T09:30:00,25352,673,523,2,0
2025-02-23T10:30:00,25048,727,528,3,0
2025-02-23T11:30:00,24253,851,530,3,0
2025-02-23T12:30:00,23742,892,534,3,0
2025-02-23T13:30:00,22700,977,524,3,0
2025-02-23T14:30:00,22828,1095,522,3,0
2025-02-23T15:30:00,23139,1097,524,1,0
2025-02-23T16:30:00,25515,1017,523,1,0
2025-02-23T17:30:00,28456,967,522,0,0
2025-02-23T18:30:00,29124,1110,526,0,0
2025-02-23T19:30:00,28018,1043,525,0,0
2025-02-23T20:30:00,26352,1028,528,0,0
2025-02-23T21:30:00,25770,858,529,0,0
2025-02-23T22:30:00,24569,685,523,0,0
2025-02-23T23:30:00,24028,516,521,0,0
2025-02-24T00:30:00,23936,410,520,0,0
2025-02-24T01:30:00,23841,368,519,0,0
2025-02-24T02:30:00,24014,383,520,0,0
2025-02-24T03:30:00,24338,473,520,0,0
2025-02-24T04:30:00,24779,572,521,0,0
2025-02-24T05:30:00,26109,608,521,0,0
2025-02-24T06:30:00,29476,726,523,0,0
2025-02-24T07:30:00,30557,735,522,0,0
2025-02-24T08:30:00,28874,737,522,1,0
2025-02-24T09:30:00,27585,764,522,1,0
2025-02-24T10:30:00,26355,878,520,3,0
2025-02-24T11:30:00,26181,957,520,2,0
2025-02-24T12:30:00,24622,1221,523,2,0
2025-02-24T13:30:00,23850,1518,520,4,0
2025-02-24T14:30:00,23687,1848,517,1,0
2025-02-24T15:30:00,24276,2010,525,2,0
2025-02-24T16:30:00,24433,2437,526,0,0
2025-02-24T17:30:00,26112,2895,528,0,0
2025-02-24T18:30:00,25902,3055,529,0,0
2025-02-24T19:30:00,24365,3210,530,0,0
2025-02-24T20:30:00,22506,3241,533,0,0
2025-02-24T21:30:00,21349,3248,532,0,0
2025-02-24T22:30:00,19911,3259,533,0,0
2025-02-24T23:30:00,18394,3297,533,0,0
2025-02-25T00:30:00,17293,3314,532,0,0
2025-02-25T01:30:00,16845,3295,528,0,0
2025-02-25T02:30:00,16807,3029,530,0,0
2025-02-25T03:30:00,17034,2860,533,0,0
2025-02-25T04:30:00,17460,2765,534,0,0
2025-02-25T05:30:00,18473,2703,533,0,0
2025-02-25T06:30:00,20565,2547,533,0,0
2025-02-25T07:30:00,21916,2459,530,0,0
2025-02-25T08:30:00,21884,2121,530,2,0
2025-02-25T09:30:00,21428,1800,528,2,0
2025-02-25T10:30:00,20674,1652,529,4,0
2025-02-25T11:30:00,19980,1451,531,4,0
2025-02-25T12:30:00,19736,1167,525,4,0
2025-02-25T13:30:00,20254,927,511,3,0
2025-02-25T14:30:00,20837,685,516,1,0
2025-02-25T15:30:00,21401,537,517,1,0
2025-02-25T16:30:00,23237,329,511,0,0
2025-02-25T17:30:00,24509,245,513,0,0
2025-02-25T18:30:00,24731,187,517,0,0
2025-02-25T19:30:00,24294,159,521,0,0
2025-02-25T20:30:00,23688,99,523,0,0
2025-02-25T21:30:00,22524,45,524,0,0
2025-02-25T22:30:00,21312,50,524,0,0
2025-02-25T23:30:00,20329,81,525,0,0
2025-02-26T00:30:00,19916,129,525,0,0
2025-02-26T01:30:00,20307,139,525,0,0
2025-02-26T02:30:00,20066,217,524,0,0
2025-02-26T03:30:00,20064,293,523,0,0
2025-02-26T04:30:00,20366,350,523,0,0
2025-02-26T05:30:00,21710,379,526,0,0
2025-02-26T06:30:00,23746,494,527,0,0
2025-02-26T07:30:00,25040,508,524,0,0
2025-02-26T08:30:00,24793,482,525,1,0
2025-02-26T09:30:00,23702,627,521,1,0
2025-02-26T10:30:00,22358,765,519,2,0
2025-02-26T11:30:00,21471,971,518,3,0
2025-02-26T12:30:00,20489,1167,520,4,0
2025-02-26T13:30:00,19493,1534,524,4,0
2025-02-26T14:30:00,19048,1556,525,8,0
2025-02-26T15:30:00,19223,1799,525,6,0
2025-02-26T16:30:00,20201,1907,526,2,0
2025-02-26T17:30:00,22093,2222,526,0,0
2025-02-26T18:30:00,23372,2578,530,0,0
2025-02-26T19:30:00,23278,2611,531,0,0
2025-02-26T20:30:00,22899,2502,531,0,0
2025-02-26T21:30:00,22508,2424,530,0,0
2025-02-26T22:30:00,21573,2399,532,0,0
2025-02-26T23:30:00,20731,2448,526,0,0
2025-02-27T00:30:00,20777,2245,524,0,0
2025-02-27T01:30:00,21241,1867,522,0,0
2025-02-27T02:30:00,21517,1668,525,0,0
2025-02-27T03:30:00,22021,1465,527,0,0
2025-02-27T04:30:00,23003,1315,528,0,0
2025-02-27T05:30:00,24121,1240,527,0,0
2025-02-27T06:30:00,26137,1299,527,0,0
2025-02-27T07:30:00,27159,1295,527,0,0
2025-02-27T08:30:00,26664,1149,529,0,0
2025-02-27T09:30:00,25469,1320,524,0,0
2025-02-27T10:30:00,24613,1405,520,0,0
2025-02-27T11:30:00,24158,1615,522,1,0
2025-02-27T12:30:00,23777,1769,529,1,0
2025-02-27T13:30:00,23782,1611,529,1,0
2025-02-27T14:30:00,23428,1830,530,1,0
2025-02-27T15:30:00,23734,1987,529,0,0
2025-02-27T16:30:00,24475,2047,528,0,0
2025-02-27T17:30:00,25383,1906,530,0,0
2025-02-27T18:30:00,26838,1805,531,0,0
2025-02-27T19:30:00,24686,1672,531,0,0
2025-02-27T20:30:00,23591,1750,532,0,0
2025-02-27T21:30:00,22989,1895,531,0,0
2025-02-27T22:30:00,21813,1877,529,0,0
2025-02-27T23:30:00,20642,1730,527,0,0
2025-02-28T00:30:00,19762,1775,522,0,0
2025-02-28T01:30:00,19618,1657,525,0,0
2025-02-28T02:30:00,19416,1601,528,0,0
2025-02-28T03:30:00,19751,1632,529,0,0
2025-02-28T04:30:00,20667,1740,528,0,0
2025-02-28T05:30:00,22179,2077,528,0,0
2025-02-28T06:30:00,24839,2201,529,0,0
2025-02-28T07:30:00,25724,2430,529,1,0
2025-02-28T08:30:00,25383,2590,529,5,0
2025-02-28T09:30:00,25341,2546,530,7,0
2025-02-28T10:30:00,24223,2803,527,9,0
2025-02-28T11:30:00,23436,2943,527,9,0
2025-02-28T12:30:00,22778,2906,522,9,0
2025-02-28T13:30:00,22247,2893,528,9,0
2025-02-28T14:30:00,22436,2679,528,7,0
2025-02-28T15:30:00,23509,2442,526,6,0
2025-02-28T16:30:00,25684,2224,528,1,0
2025-02-28T17:30:00,26448,2019,532,0,0
2025-02-28T18:30:00,26961,1951,534,0,0
2025-02-28T19:30:00,27062,1716,534,0,0
2025-02-28T20:30:00,26596,1463,531,0,0
2025-02-28T21:30:00,26116,1331,532,0,0
2025-02-28T22:30:00,25149,1211,530,0,0
2025-02-28T23:30:00,24485,1228,522,0,0
2025-03-01T00:30:00,24674,1093,536,0,0
2025-03-01T01:30:00,24041,1312,537,0,0
2025-03-01T02:30:00,23903,1391,538,0,0
2025-03-01T03:30:00,23884,1462,539,0,0
2025-03-01T04:30:00,23982,1585,538,0,0
2025-03-01T05:30:00,24189,1848,538,0,0
2025-03-01T06:30:00,24632,2072,539,0,0
2025-03-01T07:30:00,25247,2249,539,0,0
2025-03-01T08:30:00,25218,2250,538,0,0
2025-03-01T09:30:00,24630,2376,536,1,0
2025-03-01T10:30:00,24125,2435,537,2,0
2025-03-01T11:30:00,24049,2207,538,3,0
2025-03-01T12:30:00,23934,1788,536,2,0
2025-03-01T13:30:00,23938,1587,533,3,0
2025-03-01T14:30:00,23730,1577,531,2,0
2025-03-01T15:30:00,24645,1562,529,2,0
2025-03-01T16:30:00,26015,1641,534,1,0
2025-03-01T17:30:00,28741,1544,540,0,0
2025-03-01T18:30:00,29103,1513,538,0,0
2025-03-01T19:30:00,28311,1219,540,0,0
2025-03-01T20:30:00,27787,1041,540,0,0
2025-03-01T21:30:00,27306,1106,541,0,0
2025-03-01T22:30:00,25579,1325,543,0,0
2025-03-01T23:30:00,26054,1463,544,0,0
2025-03-02T00:30:00,26245,1691,544,0,0
2025-03-02T01:30:00,25879,1850,545,0,0
2025-03-02T02:30:00,26229,2006,543,0,0
2025-03-02T03:30:00,26735,2208,544,0,0
2025-03-02T04:30:00,27422,2326,545,0,0
2025-03-02T05:30:00,28791,2427,546,0,0
2025-03-02T06:30:00,30257,2526,546,0,0
2025-03-02T07:30:00,31161,2579,545,1,0
2025-03-02T08:30:00,29257,2626,549,4,0
2025-03-02T09:30:00,28168,2613,548,7,0
2025-03-02T10:30:00,27517,2509,547,9,0
2025-03-02T11:30:00,26642,2565,545,9,0
2025-03-02T12:30:00,26881,2578,545,9,0
2025-03-02T13:30:00,26328,3152,544,9,0
2025-03-02T14:30:00,25278,3329,543,7,0
2025-03-02T15:30:00,25958,3216,542,6,0
2025-03-02T16:30:00,26830,3160,547,2,0
2025-03-02T17:30:00,30317,3065,547,0,0
2025-03-02T18:30:00,31753,3091,547,0,0
2025-03-02T19:30:00,32017,3017,549,0,0
2025-03-02T20:30:00,30814,3007,550,0,0
2025-03-02T21:30:00,30019,2910,550,0,0
2025-03-02T22:30:00,29774,2886,550,0,0
2025-03-02T23:30:00,29039,2785,548,0,0
2025-03-03T00:30:00,29232,2688,550,0,0
2025-03-03T01:30:00,29985,2468,549,0,0
2025-03-03T02:30:00,30897,2258,550,0,0
2025-03-03T03:30:00,31227,2077,550,0,0
2025-03-03T04:30:00,31709,2010,550,0,0
2025-03-03T05:30:00,32406,1950,553,0,0
2025-03-03T06:30:00,32514,1821,551,0,0
2025-03-03T07:30:00,32622,1675,550,1,0
2025-03-03T08:30:00,30867,1527,548,4,0
2025-03-03T09:30:00,30814,1531,548,7,0
2025-03-03T10:30:00,29286,1531,550,9,0
2025-03-03T11:30:00,28500,1633,547,9,0
2025-03-03T12:30:00,27347,1621,546,9,0
2025-03-03T13:30:00,26354,1600,537,9,0
2025-03-03T14:30:00,26522,1461,535,8,0
2025-03-03T15:30:00,27240,1341,537,6,0
2025-03-03T16:30:00,29246,1147,540,1,0
2025-03-03T17:30:00,31588,1323,540,0,0
2025-03-03T18:30:00,31854,1765,542,0,0
2025-03-03T19:30:00,31340,1857,541,0,0
2025-03-03T20:30:00,30408,1822,541,0,0
2025-03-03T21:30:00,29015,1892,540,0,0
2025-03-03T22:30:00,27742,1851,540,0,0
2025-03-03T23:30:00,26765,1669,544,0,0
2025-03-04T00:30:00,24755,1650,545,0,0
2025-03-04T01:30:00,24395,1644,541,0,0
2025-03-04T02:30:00,24386,1615,540,0,0
2025-03-04T03:30:00,24488,1524,541,0,0
2025-03-04T04:30:00,25108,1482,542,0,0
2025-03-04T05:30:00,26057,1573,540,0,0
2025-03-04T06:30:00,28525,1678,541,0,0
2025-03-04T07:30:00,30474,1678,544,1,0
2025-03-04T08:30:00,28598,1673,545,2,0
2025-03-04T09:30:00,26792,1404,541,4,0
2025-03-04T10:30:00,25648,1284,535,6,0
2025-03-04T11:30:00,25497,1467,535,5,0
2025-03-04T12:30:00,24514,1514,533,4,0
2025-03-04T13:30:00,24735,1488,518,3,0
2025-03-04T14:30:00,25824,1346,519,1,0
2025-03-04T15:30:00,26492,1211,518,0,0
2025-03-04T16:30:00,27108,1148,517,0,0
2025-03-04T17:30:00,29011,1317,519,0,0
2025-03-04T18:30:00,29076,1447,518,0,0
2025-03-04T19:30:00,28287,1479,523,0,0
2025-03-04T20:30:00,27094,1319,530,0,0
2025-03-04T21:30:00,26237,1142,531,0,0
2025-03-04T22:30:00,24842,919,529,0,0
2025-03-04T23:30:00,21597,766,528,0,0
2025-03-05T00:30:00,21621,657,527,0,0
2025-03-05T01:30:00,21089,591,525,0,0
2025-03-05T02:30:00,21093,529,527,0,0
2025-03-05T03:30:00,21076,492,528,0,0
2025-03-05T04:30:00,21546,421,528,0,0
2025-03-05T05:30:00,22975,310,531,0,0
2025-03-05T06:30:00,24750,301,529,0,0
2025-03-05T07:30:00,27288,265,529,0,0
2025-03-05T08:30:00,27029,334,529,1,0
2025-03-05T09:30:00,26276,476,528,1,0
2025-03-05T10:30:00,25760,591,521,1,0
2025-03-05T11:30:00,25960,552,520,2,0
2025-03-05T12:30:00,25401,674,511,1,0
2025-03-05T13:30:00,25488,685,513,1,0
2025-03-05T14:30:00,25394,734,513,1,0
2025-03-05T15:30:00,25314,929,512,1,0
2025-03-05T16:30:00,25645,1317,510,0,0
2025-03-05T17:30:00,27070,1654,511,0,0
2025-03-05T18:30:00,26905,1794,515,0,0
2025-03-05T19:30:00,25132,2039,521,0,0
2025-03-05T20:30:00,23825,2229,521,0,0
2025-03-05T21:30:00,22696,2457,518,0,0
2025-03-05T22:30:00,21461,2520,516,0,0
2025-03-05T23:30:00,18137,2462,513,0,0
2025-03-06T00:30:00,16692,2432,513,0,0
2025-03-06T01:30:00,16156,2470,514,0,0
2025-03-06T02:30:00,15925,2339,512,0,0
2025-03-06T03:30:00,15922,2295,514,0,0
2025-03-06T04:30:00,16363,2261,516,0,0
2025-03-06T05:30:00,17523,2294,517,0,0
2025-03-06T06:30:00,18669,2353,517,0,0
2025-03-06T07:30:00,19726,2446,519,0,0
2025-03-06T08:30:00,20206,2390,520,1,0
2025-03-06T09:30:00,19683,2388,517,1,0
2025-03-06T10:30:00,19003,2211,518,5,0
2025-03-06T11:30:00,18768,2050,517,3,0
2025-03-06T12:30:00,18548,2051,519,9,0
2025-03-06T13:30:00,18691,1937,517,9,0
2025-03-06T14:30:00,18594,1969,518,5,0
2025-03-06T15:30:00,19234,1800,517,2,0
2025-03-06T16:30:00,20152,1853,517,1,0
2025-03-06T17:30:00,22331,1825,516,0,0
2025-03-06T18:30:00,22662,1750,517,0,0
2025-03-06T19:30:00,22503,1715,518,0,0
2025-03-06T20:30:00,21684,1620,517,0,0
2025-03-06T21:30:00,21243,1540,514,0,0
2025-03-06T22:30:00,20935,1332,515,0,0
2025-03-06T23:30:00,20531,1044,515,0,0
2025-03-07T00:30:00,20310,1065,515,0,0
2025-03-07T01:30:00,20625,985,514,0,0
2025-03-07T02:30:00,20695,1018,513,0,0
2025-03-07T03:30:00,21100,1095,513,0,0
2025-03-07T04:30:00,21535,1260,513,0,0
2025-03-07T05:30:00,22509,1490,513,0,0
2025-03-07T06:30:00,25331,1811,516,0,0
2025-03-07T07:30:00,24959,1925,516,0,0
2025-03-07T08:30:00,24320,2026,516,1,0
2025-03-07T09:30:00,22660,2137,516,5,0
2025-03-07T10:30:00,21479,2289,513,8,0
2025-03-07T11:30:00,20839,2436,516,9,0
2025-03-07T12:30:00,20170,2518,514,9,0
2025-03-07T13:30:00,19563,2627,543,9,0
2025-03-07T14:30:00,19125,2736,547,8,0
2025-03-07T15:30:00,19729,2635,546,4,0
2025-03-07T16:30:00,20902,2569,546,2,0
2025-03-07T17:30:00,23222,2565,541,0,0
2025-03-07T18:30:00,24765,2450,545,0,0
2025-03-07T19:30:00,24612,2515,547,0,0
2025-03-07T20:30:00,23377,2575,546,0,0
2025-03-07T21:30:00,22099,2731,548,0,0
2025-03-07T22:30:00,20862,2854,549,0,0
2025-03-07T23:30:00,20139,2923,548,0,0
2025-03-08T00:30:00,19540,2927,549,0,0
2025-03-08T01:30:00,19326,2987,551,0,0
2025-03-08T02:30:00,19410,3039,552,0,0
2025-03-08T03:30:00,19817,3053,553,0,0
2025-03-08T04:30:00,20233,3065,556,0,0
2025-03-08T05:30:00,20927,3083,555,0,0
2025-03-08T06:30:00,22120,3055,554,0,0
2025-03-08T07:30:00,22475,3141,557,0,0
2025-03-08T08:30:00,22380,3128,551,1,0
2025-03-08T09:30:00,22415,3088,550,3,0
2025-03-08T10:30:00,21814,3105,545,5,0
2025-03-08T11:30:00,21493,3147,542,4,0
2025-03-08T12:30:00,20972,3147,547,5,0
2025-03-08T13:30:00,20421,3169,547,7,0
2025-03-08T14:30:00,19909,3176,547,6,0
2025-03-08T15:30:00,20437,3132,551,3,0
2025-03-08T16:30:00,21445,3154,551,2,0
2025-03-08T17:30:00,22833,3147,552,1,0
2025-03-08T18:30:00,22979,3179,555,0,0
2025-03-08T19:30:00,22778,3151,556,0,0
2025-03-08T20:30:00,22268,3190,558,0,0
2025-03-08T21:30:00,,,,,0
2025-03-08T22:30:00,43896,6348,1116,0,0
2025-03-08T23:30:00,20525,3218,556,0,0
2025-03-09T00:30:00,20285,3123,556,0,0
2025-03-09T01:30:00,20202,3106,554,0,0
2025-03-09T02:30:00,,,,,0
2025-03-09T03:30:00,20216,3088,551,0,0
2025-03-09T04:30:00,20788,2994,551,0,0
2025-03-09T05:30:00,21393,2895,552,0,0
2025-03-09T06:30:00,23104,2732,553,0,0
2025-03-09T07:30:00,24096,2529,552,0,0
2025-03-09T08:30:00,24887,2241,555,0,0
2025-03-09T09:30:00,24624,1801,555,0,0
2025-03-09T10:30:00,24450,1472,553,0,0
2025-03-09T11:30:00,23670,1399,554,3,0
2025-03-09T12:30:00,22902,1386,560,5,0
2025-03-09T13:30:00,21643,1400,557,5,0
2025-03-09T14:30:00,21301,1559,556,4,0
2025-03-09T15:30:00,20697,1623,555,6,0
2025-03-09T16:30:00,21054,1644,559,5,0
2025-03-09T17:30:00,22105,1601,561,3,0
2025-03-09T18:30:00,23042,1626,560,0,0
2025-03-09T19:30:00,23984,1629,564,0,0
2025-03-09T20:30:00,23873,1661,563,0,0
2025-03-09T21:30:00,22898,1576,562,0,0
2025-03-09T22:30:00,21871,1510,560,0,0
2025-03-09T23:30:00,21082,1483,558,0,0
2025-03-10T00:30:00,21064,1249,560,0,0
2025-03-10T01:30:00,21439,940,563,0,0
2025-03-10T02:30:00,21732,768,564,0,0
2025-03-10T03:30:00,22224,634,548,0,0
2025-03-10T04:30:00,22939,486,563,0,0
2025-03-10T05:30:00,24234,395,564,0,0
2025-03-10T06:30:00,26263,425,566,0,0
2025-03-10T07:30:00,28146,440,566,0,0
2025-03-10T08:30:00,27742,394,565,0,0
2025-03-10T09:30:00,26623,310,564,0,0
2025-03-10T10:30:00,25963,223,564,0,0
2025-03-10T11:30:00,25195,273,562,1,0
2025-03-10T12:30:00,24412,304,585,2,0
2025-03-10T13:30:00,23614,339,587,3,0
2025-03-10T14:30:00,22775,450,589,6,0
2025-03-10T15:30:00,22517,601,588,5,0
2025-03-10T16:30:00,23154,636,589,2,0
2025-03-10T17:30:00,24080,537,592,2,0
2025-03-10T18:30:00,24715,505,594,1,0
2025-03-10T19:30:00,25613,585,597,0,0
2025-03-10T20:30:00,25134,758,599,0,0
2025-03-10T21:30:00,24010,700,598,0,0
2025-03-10T22:30:00,23131,689,597,0,0
2025-03-10T23:30:00,22285,601,596,0,0
2025-03-11T00:30:00,21670,569,598,0,0
2025-03-11T01:30:00,21334,630,600,0,0
2025-03-11T02:30:00,21208,741,600,0,0
2025-03-11T03:30:00,20998,913,601,0,0
2025-03-11T04:30:00,21103,1113,597,0,0
2025-03-11T05:30:00,21766,1546,598,0,0
2025-03-11T06:30:00,23212,1967,599,0,0
2025-03-11T07:30:00,24506,2254,603,0,0
2025-03-11T08:30:00,22844,2437,602,1,0
2025-03-11T09:30:00,21275,2437,601,5,0
2025-03-11T10:30:00,19707,2591,600,1,0
2025-03-11T11:30:00,18654,2786,595,1,0
2025-03-11T12:30:00,17659,2943,590,1,0
2025-03-11T13:30:00,17038,2988,590,1,0
2025-03-11T14:30:00,16651,3021,590,1,0
2025-03-11T15:30:00,17172,2986,587,1,0
2025-03-11T16:30:00,18041,2982,586,0,0
2025-03-11T17:30:00,19147,2923,590,0,0
2025-03-11T18:30:00,20135,2720,592,0,0
2025-03-11T19:30:00,20571,2487,592,0,0
2025-03-11T20:30:00,20278,2571,597,0,0
2025-03-11T21:30:00,19939,2405,598,0,0
2025-03-11T22:30:00,18889,2673,600,0,0
2025-03-11T23:30:00,18040,2718,599,0,0
2025-03-12T00:30:00,17687,2854,601,0,0
2025-03-12T01:30:00,18212,2575,602,0,0
2025-03-12T02:30:00,18631,2630,603,0,0
2025-03-12T03:30:00,19011,2665,608,0,0
2025-03-12T04:30:00,20087,2622,602,0,0
2025-03-12T05:30:00,21643,2637,595,0,0
2025-03-12T06:30:00,24667,2453,586,0,0
2025-03-12T07:30:00,26984,2270,590,0,0
2025-03-12T08:30:00,25073,2001,589,0,0
2025-03-12T09:30:00,23890,1653,589,1,0
2025-03-12T10:30:00,23172,1361,588,1,107
2025-03-12T11:30:00,22214,1315,588,1,109
2025-03-12T12:30:00,21697,1257,574,1,0
2025-03-12T13:30:00,21107,1244,575,1,0
2025-03-12T14:30:00,21421,1237,577,1,0
2025-03-12T15:30:00,21643,1260,577,1,1
2025-03-12T16:30:00,22197,1247,575,1,0
2025-03-12T17:30:00,23882,1285,574,0,0
2025-03-12T18:30:00,24817,1248,577,0,0
2025-03-12T19:30:00,26113,1417,581,0,0
2025-03-12T20:30:00,25771,1413,585,0,0
2025-03-12T21:30:00,25167,1399,594,0,0
2025-03-12T22:30:00,24236,1344,591,0,0
2025-03-12T23:30:00,23463,1131,596,0,0
2025-03-13T00:30:00,22731,904,594,0,0
2025-03-13T01:30:00,23411,776,594,0,0
2025-03-13T02:30:00,23842,642,594,0,0
2025-03-13T03:30:00,24512,386,592,0,0
2025-03-13T04:30:00,25242,310,593,0,0
2025-03-13T05:30:00,26466,261,591,0,0
2025-03-13T06:30:00,29240,400,592,0,0
2025-03-13T07:30:00,31023,598,588,0,0
2025-03-13T08:30:00,29078,602,591,0,0
2025-03-13T09:30:00,26835,467,595,1,0
2025-03-13T10:30:00,25513,344,593,1,0
2025-03-13T11:30:00,24124,433,595,1,0
2025-03-13T12:30:00,22915,548,593,1,0
2025-03-13T13:30:00,21783,698,588,1,0
2025-03-13T14:30:00,20987,793,591,1,0
2025-03-13T15:30:00,20313,920,589,1,0
2025-03-13T16:30:00,20352,1090,592,1,0
2025-03-13T17:30:00,21080,1354,591,0,0
2025-03-13T18:30:00,22139,1794,592,0,0
2025-03-13T19:30:00,23170,2353,594,0,0
2025-03-13T20:30:00,22508,2738,593,0,0
2025-03-13T21:30:00,20913,2892,593,0,0
2025-03-13T22:30:00,20129,2805,593,0,0
2025-03-13T23:30:00,18955,2823,594,0,0
2025-03-14T00:30:00,18381,2741,594,0,0
2025-03-14T01:30:00,18463,2686,593,0,0
2025-03-14T02:30:00,18665,2618,590,0,0
2025-03-14T03:30:00,18955,2608,597,0,0
2025-03-14T04:30:00,19748,2570,590,0,0
2025-03-14T05:30:00,20793,2490,586,0,0
2025-03-14T06:30:00,23271,2167,586,0,0
2025-03-14T07:30:00,25017,2085,585,0,0
2025-03-14T08:30:00,23678,1688,588,0,0
2025-03-14T09:30:00,22126,1390,588,1,0
2025-03-14T10:30:00,21378,1123,586,5,0
2025-03-14T11:30:00,20165,1008,587,1,0
2025-03-14T12:30:00,18990,1136,587,1,0
2025-03-14T13:30:00,18072,1298,572,1,0
2025-03-14T14:30:00,17082,1526,570,8,0
2025-03-14T15:30:00,16834,1542,569,7,0
2025-03-14T16:30:00,16974,1492,569,5,0
2025-03-14T17:30:00,18218,1298,566,3,0
2025-03-14T18:30:00,19701,1075,565,0,0
2025-03-14T19:30:00,21222,861,566,0,0
2025-03-14T20:30:00,20371,730,568,0,0
2025-03-14T21:30:00,19422,618,570,0,0
2025-03-14T22:30:00,18423,656,573,0,0
2025-03-14T23:30:00,17461,730,571,0,0
2025-03-15T00:30:00,17329,808,575,0,0
2025-03-15T01:30:00,16994,889,573,0,0
2025-03-15T02:30:00,16879,994,572,0,0
2025-03-15T03:30:00,17089,986,574,0,0
2025-03-15T04:30:00,17277,1091,574,0,0
2025-03-15T05:30:00,17269,1330,574,0,0
2025-03-15T06:30:00,17760,1645,573,0,0
2025-03-15T07:30:00,18877,1857,575,0,0
2025-03-15T08:30:00,18705,1898,575,1,0
2025-03-15T09:30:00,18385,1736,573,5,0
2025-03-15T10:30:00,18251,1516,571,7,0
2025-03-15T11:30:00,17672,1505,569,8,0
2025-03-15T12:30:00,16807,1714,577,8,0
2025-03-15T13:30:00,16029,1750,579,8,0
2025-03-15T14:30:00,15570,1737,577,8,0
2025-03-15T15:30:00,15284,1744,575,7,0
2025-03-15T16:30:00,15492,1777,573,2,0
2025-03-15T17:30:00,16173,2130,577,1,0
2025-03-15T18:30:00,16475,2451,578,0,0
2025-03-15T19:30:00,17039,2664,581,0,0
2025-03-15T20:30:00,16345,2763,580,0,0
2025-03-15T21:30:00,15412,2614,580,0,0
2025-03-15T22:30:00,14927,2514,582,0,0
2025-03-15T23:30:00,14496,2421,581,0,0
2025-03-16T00:30:00,14184,2235,582,0,0
2025-03-16T01:30:00,14308,1941,582,0,0
2025-03-16T02:30:00,14004,2080,582,0,0
2025-03-16T03:30:00,14000,1982,581,0,0
2025-03-16T04:30:00,13892,2020,581,0,0
2025-03-16T05:30:00,14226,2128,575,0,0
2025-03-16T06:30:00,15201,1917,574,0,0
2025-03-16T07:30:00,15991,1996,577,0,0
2025-03-16T08:30:00,16910,1926,577,0,0
2025-03-16T09:30:00,17313,1919,577,1,0
2025-03-16T10:30:00,17997,1917,577,0,0
2025-03-16T11:30:00,18241,1811,575,1,0
2025-03-16T12:30:00,17756,1725,565,1,0
2025-03-16T13:30:00,16856,1849,567,1,0
2025-03-16T14:30:00,16625,1832,563,1,0
2025-03-16T15:30:00,16574,1903,566,0,0
2025-03-16T16:30:00,16752,2278,566,0,0
2025-03-16T17:30:00,17365,2644,562,0,0
2025-03-16T18:30:00,17195,2830,562,0,0
2025-03-16T19:30:00,17204,3065,562,0,0
2025-03-16T20:30:00,16253,3199,560,0,0
2025-03-16T21:30:00,15366,3159,562,0,0
2025-03-16T22:30:00,14125,3091,567,0,0
2025-03-16T23:30:00,13236,3107,566,0,0
2025-03-17T00:30:00,12716,2997,564,0,0
2025-03-17T01:30:00,12561,3050,563,0,0
2025-03-17T02:30:00,12449,3026,563,0,0
2025-03-17T03:30:00,12623,2948,562,0,0
2025-03-17T04:30:00,13183,2817,565,0,0
2025-03-17T05:30:00,14390,2627,568,0,0
2025-03-17T06:30:00,16622,2356,568,0,0
2025-03-17T07:30:00,19423,2021,567,0,0
2025-03-17T08:30:00,20098,1916,569,0,0
2025-03-17T09:30:00,19450,1944,566,1,0
2025-03-17T10:30:00,20237,1481,570,1,0
2025-03-17T11:30:00,20207,1367,571,1,0
2025-03-17T12:30:00,20445,981,573,1,0
2025-03-17T13:30:00,20430,680,570,2,0
2025-03-17T14:30:00,19979,823,569,3,0
2025-03-17T15:30:00,20155,754,560,2,26
2025-03-17T16:30:00,20842,722,560,2,0
2025-03-17T17:30:00,21674,751,563,1,0
2025-03-17T18:30:00,21961,932,569,1,0
2025-03-17T19:30:00,22862,1153,569,0,0
2025-03-17T20:30:00,22015,1431,570,0,0
2025-03-17T21:30:00,21268,1446,574,0,0
2025-03-17T22:30:00,20095,1397,573,0,0
2025-03-17T23:30:00,19385,1275,574,0,0
2025-03-18T00:30:00,18946,1233,570,0,0
2025-03-18T01:30:00,18687,1415,568,0,0
2025-03-18T02:30:00,18801,1505,569,0,0
2025-03-18T03:30:00,19123,1625,568,0,0
2025-03-18T04:30:00,19951,1570,569,0,0
2025-03-18T05:30:00,21663,1387,570,0,0
2025-03-18T06:30:00,24510,1175,569,0,0
2025-03-18T07:30:00,26839,888,572,0,0
2025-03-18T08:30:00,25359,644,575,2,0
2025-03-18T09:30:00,23147,432,573,1,0
2025-03-18T10:30:00,22022,238,569,1,0
2025-03-18T11:30:00,21462,144,570,6,0
2025-03-18T12:30:00,20998,66,569,9,0
2025-03-18T13:30:00,20447,46,571,9,0
2025-03-18T14:30:00,19872,53,568,9,0
2025-03-18T15:30:00,19785,36,570,8,0
2025-03-18T16:30:00,20117,78,571,6,0
2025-03-18T17:30:00,20929,174,571,4,0
2025-03-18T18:30:00,22048,138,572,0,0
2025-03-18T19:30:00,22930,187,573,0,0
2025-03-18T20:30:00,22644,227,574,0,0
2025-03-18T21:30:00,22006,281,575,0,0
2025-03-18T22:30:00,21185,194,574,0,0
2025-03-18T23:30:00,20114,170,574,0,0
2025-03-19T00:30:00,19492,169,574,0,0
2025-03-19T01:30:00,19425,119,572,0,0
2025-03-19T02:30:00,19418,89,573,0,0
2025-03-19T03:30:00,19919,68,573,0,0
2025-03-19T04:30:00,20628,33,572,0,0
2025-03-19T05:30:00,22492,21,571,0,0
2025-03-19T06:30:00,24395,39,575,0,0
2025-03-19T07:30:00,26148,35,575,0,0
2025-03-19T08:30:00,24286,93,576,2,0
2025-03-19T09:30:00,22198,262,577,5,0
2025-03-19T10:30:00,20829,339,578,7,0
2025-03-19T11:30:00,20115,358,574,7,0
2025-03-19T12:30:00,19316,543,606,6,0
2025-03-19T13:30:00,18536,719,607,8,0
2025-03-19T14:30:00,18064,725,606,8,0
2025-03-19T15:30:00,17487,961,605,6,0
2025-03-19T16:30:00,17886,1212,608,3,0
2025-03-19T17:30:00,18571,1731,608,3,0
2025-03-19T18:30:00,18849,2176,610,0,0
2025-03-19T19:30:00,19338,2677,610,0,0
2025-03-19T20:30:00,18757,3018,611,0,0
2025-03-19T21:30:00,17111,3036,611,0,0
2025-03-19T22:30:00,15988,3067,611,0,0
2025-03-19T23:30:00,14753,3104,612,0,0
2025-03-20T00:30:00,14554,3017,610,0,0
2025-03-20T01:30:00,14222,3000,607,0,0
2025-03-20T02:30:00,13925,2922,607,0,0
2025-03-20T03:30:00,14043,2888,606,0,0
2025-03-20T04:30:00,14524,2973,605,0,0
2025-03-20T05:30:00,15333,2996,607,0,0
2025-03-20T06:30:00,17451,2970,606,0,0
2025-03-20T07:30:00,18972,2919,605,0,0
2025-03-20T08:30:00,18043,2836,605,2,0
2025-03-20T09:30:00,16712,2816,608,5,0
2025-03-20T10:30:00,16384,2889,606,3,0
2025-03-20T11:30:00,16067,3007,605,1,0
2025-03-20T12:30:00,15591,3002,617,1,0
2025-03-20T13:30:00,15216,3017,611,1,0
2025-03-20T14:30:00,14811,3048,612,2,0
2025-03-20T15:30:00,14704,3084,614,5,0
2025-03-20T16:30:00,15054,3088,611,3,0
2025-03-20T17:30:00,15735,2943,612,4,0
2025-03-20T18:30:00,16139,3032,616,1,0
2025-03-20T19:30:00,16942,3125,610,0,0
2025-03-20T20:30:00,16004,3122,612,0,0
2025-03-20T21:30:00,15511,3030,614,0,0
2025-03-20T22:30:00,14458,2990,613,0,0
2025-03-20T23:30:00,13605,2908,614,0,0
2025-03-21T00:30:00,13494,2664,613,0,0
2025-03-21T01:30:00,13415,2381,612,0,0
2025-03-21T02:30:00,13569,2303,611,0,0
2025-03-21T03:30:00,13823,2231,612,0,0
2025-03-21T04:30:00,14939,1915,613,0,0
2025-03-21T05:30:00,16649,1593,612,0,0
2025-03-21T06:30:00,19514,1544,613,0,0
2025-03-21T07:30:00,22226,1383,615,0,0
2025-03-21T08:30:00,22698,1260,616,0,0
2025-03-21T09:30:00,22635,1082,615,1,0
2025-03-21T10:30:00,22110,989,615,1,0
2025-03-21T11:30:00,20949,998,616,5,0
2025-03-21T12:30:00,19859,1060,620,9,0
2025-03-21T13:30:00,18996,1231,619,9,0
2025-03-21T14:30:00,18273,1419,621,9,0
2025-03-21T15:30:00,17407,1647,618,8,0
2025-03-21T16:30:00,17656,1834,614,6,0
2025-03-21T17:30:00,18497,1995,618,4,0
2025-03-21T18:30:00,19003,1988,618,0,0
2025-03-21T19:30:00,20036,2160,623,0,0
2025-03-21T20:30:00,19026,2298,624,0,0
2025-03-21T21:30:00,18196,2305,624,0,0
2025-03-21T22:30:00,17780,2223,622,0,0
2025-03-21T23:30:00,17167,2101,623,0,0
2025-03-22T00:30:00,16807,2064,625,0,0
2025-03-22T01:30:00,16595,2072,624,0,0
2025-03-22T02:30:00,16670,2144,624,0,0
2025-03-22T03:30:00,16708,2241,623,0,0
2025-03-22T04:30:00,17175,2175,624,0,0
2025-03-22T05:30:00,17989,1945,624,0,0
2025-03-22T06:30:00,19211,1988,625,0,0
2025-03-22T07:30:00,20123,1775,624,0,0
2025-03-22T08:30:00,19771,1666,625,2,0
2025-03-22T09:30:00,19296,1406,623,5,0
2025-03-22T10:30:00,18804,1319,624,6,0
2025-03-22T11:30:00,18439,1341,618,8,0
2025-03-22T12:30:00,18219,1163,629,9,0
2025-03-22T13:30:00,17459,1187,631,9,0
2025-03-22T14:30:00,17108,1407,628,1,0
2025-03-22T15:30:00,16918,1564,626,1,0
2025-03-22T16:30:00,17739,1530,627,0,0
2025-03-22T17:30:00,18623,1441,630,0,0
2025-03-22T18:30:00,19561,1451,632,0,0
2025-03-22T19:30:00,19657,1674,633,0,0
2025-03-22T20:30:00,20282,1593,637,0,0
2025-03-22T21:30:00,19656,1962,636,0,0
2025-03-22T22:30:00,18940,2070,637,0,0
2025-03-22T23:30:00,18567,2224,638,0,0
2025-03-23T00:30:00,18722,2240,634,0,0
2025-03-23T01:30:00,18563,2420,634,0,0
2025-03-23T02:30:00,18885,2701,634,0,0
2025-03-23T03:30:00,19429,2881,635,0,0
2025-03-23T04:30:00,19574,3080,633,0,0
2025-03-23T05:30:00,20307,3184,634,0,0
2025-03-23T06:30:00,21757,3207,633,0,0
2025-03-23T07:30:00,22733,3216,633,0,0
2025-03-23T08:30:00,22368,3116,636,2,0
2025-03-23T09:30:00,22060,2972,635,6,0
2025-03-23T10:30:00,21618,2831,633,8,0
2025-03-23T11:30:00,21094,2806,631,9,0
2025-03-23T12:30:00,20565,2778,632,9,0
2025-03-23T13:30:00,19727,2804,628,9,0
2025-03-23T14:30:00,19230,2772,630,9,0
2025-03-23T15:30:00,18594,2852,633,8,0
2025-03-23T16:30:00,18732,2771,635,6,0
2025-03-23T17:30:00,19981,2671,635,4,0
2025-03-23T18:30:00,21486,2480,630,1,0
2025-03-23T19:30:00,23819,2317,634,0,0
2025-03-23T20:30:00,23475,2270,633,0,0
2025-03-23T21:30:00,22879,2275,632,0,0
2025-03-23T22:30:00,21572,2134,633,0,0
2025-03-23T23:30:00,20907,1904,633,0,0
2025-03-24T00:30:00,20927,1832,627,0,0
2025-03-24T01:30:00,21301,1431,631,0,0
2025-03-24T02:30:00,21868,1142,633,0,0
2025-03-24T03:30:00,22463,838,631,0,0
2025-03-24T04:30:00,22850,786,633,0,0
2025-03-24T05:30:00,24338,766,631,0,0
2025-03-24T06:30:00,26078,952,630,0,0
2025-03-24T07:30:00,27278,971,631,0,0
2025-03-24T08:30:00,27335,858,629,0,0
2025-03-24T09:30:00,26928,800,625,0,0
2025-03-24T10:30:00,26721,833,626,0,0
2025-03-24T11:30:00,26279,776,622,0,0
2025-03-24T12:30:00,25583,949,621,0,0
2025-03-24T13:30:00,24991,1080,625,1,0
2025-03-24T14:30:00,23710,1398,623,2,0
2025-03-24T15:30:00,23559,1427,622,3,0
2025-03-24T16:30:00,24157,1443,622,3,0
2025-03-24T17:30:00,25083,1370,626,0,0
2025-03-24T18:30:00,24968,1374,621,0,0
2025-03-24T19:30:00,24925,1271,625,0,0
2025-03-24T20:30:00,25152,1171,627,0,0
2025-03-24T21:30:00,23771,1132,627,0,0
2025-03-24T22:30:00,22255,1133,629,0,0
2025-03-24T23:30:00,20661,1274,633,0,0
2025-03-25T00:30:00,20048,1138,632,0,0
2025-03-25T01:30:00,19642,994,630,0,0
2025-03-25T02:30:00,19819,947,631,0,0
2025-03-25T03:30:00,20150,892,632,0,0
2025-03-25T04:30:00,20550,814,633,0,0
2025-03-25T05:30:00,21823,631,632,0,0
2025-03-25T06:30:00,24167,457,631,0,0
2025-03-25T07:30:00,25760,369,633,0,0
2025-03-25T08:30:00,24880,319,632,1,0
2025-03-25T09:30:00,23994,324,627,1,0
2025-03-25T10:30:00,22954,335,628,2,0
2025-03-25T11:30:00,21990,400,625,2,0
2025-03-25T12:30:00,21422,430,624,5,0
2025-03-25T13:30:00,21011,379,625,3,0
2025-03-25T14:30:00,20809,354,625,3,0
2025-03-25T15:30:00,21098,265,630,2,0
2025-03-25T16:30:00,21888,301,627,1,0
2025-03-25T17:30:00,22595,296,631,0,0
2025-03-25T18:30:00,23431,310,633,0,0
2025-03-25T19:30:00,24175,273,632,0,0
2025-03-25T20:30:00,23265,268,632,0,0
2025-03-25T21:30:00,22859,283,631,0,0
2025-03-25T22:30:00,21169,296,634,0,0
2025-03-25T23:30:00,20252,278,635,0,0
2025-03-26T00:30:00,19681,223,631,0,0
2025-03-26T01:30:00,19489,176,634,0,0
2025-03-26T02:30:00,19502,171,628,0,0
2025-03-26T03:30:00,19546,135,636,0,0
2025-03-26T04:30:00,20210,87,630,0,0
2025-03-26T05:30:00,21310,57,630,0,0
2025-03-26T06:30:00,23814,47,633,0,0
2025-03-26T07:30:00,25372,55,634,0,0
2025-03-26T08:30:00,24239,76,633,1,0
2025-03-26T09:30:00,22904,90,632,1,91
2025-03-26T10:30:00,22003,130,637,3,98
2025-03-26T11:30:00,21307,131,637,7,0
2025-03-26T12:30:00,20618,139,635,5,0
2025-03-26T13:30:00,20175,166,638,7,90
2025-03-26T14:30:00,19514,187,637,7,96
2025-03-26T15:30:00,19879,205,635,8,0
2025-03-26T16:30:00,20167,196,632,6,0
2025-03-26T17:30:00,21110,211,632,4,0
2025-03-26T18:30:00,22089,239,633,1,0
2025-03-26T19:30:00,23195,323,632,0,0
2025-03-26T20:30:00,22713,379,633,0,0
2025-03-26T21:30:00,22166,398,631,0,0
2025-03-26T22:30:00,21290,400,634,0,0
2025-03-26T23:30:00,20459,386,633,0,0
2025-03-27T00:30:00,19461,383,632,0,0
2025-03-27T01:30:00,19242,342,632,0,0
2025-03-27T02:30:00,19390,295,633,0,0
2025-03-27T03:30:00,19462,266,633,0,0
2025-03-27T04:30:00,20156,264,633,0,0
2025-03-27T05:30:00,21697,304,633,0,0
2025-03-27T06:30:00,24301,346,632,0,0
2025-03-27T07:30:00,26223,303,635,0,0
2025-03-27T08:30:00,24159,248,634,3,0
2025-03-27T09:30:00,22238,193,633,6,0
2025-03-27T10:30:00,20968,210,631,8,0
2025-03-27T11:30:00,20264,300,633,9,0
2025-03-27T12:30:00,19682,346,629,9,0
2025-03-27T13:30:00,19207,417,631,9,0
2025-03-27T14:30:00,18434,498,631,9,0
2025-03-27T15:30:00,18141,591,631,1,0
2025-03-27T16:30:00,18330,661,634,6,0
2025-03-27T17:30:00,20450,673,632,4,0
2025-03-27T18:30:00,20002,746,635,1,0
2025-03-27T19:30:00,20622,758,636,0,0
2025-03-27T20:30:00,20842,965,637,0,0
2025-03-27T21:30:00,19867,1289,636,0,0
2025-03-27T22:30:00,18723,1473,638,0,0
2025-03-27T23:30:00,17469,1577,638,0,0
2025-03-28T00:30:00,17078,1586,640,0,0
2025-03-28T01:30:00,17008,1325,642,0,0
2025-03-28T02:30:00,16840,1363,640,0,0
2025-03-28T03:30:00,17186,1405,639,0,0
2025-03-28T04:30:00,18171,1310,639,0,0
2025-03-28T05:30:00,19917,1286,639,0,0
2025-03-28T06:30:00,22230,1511,640,0,0
2025-03-28T07:30:00,24222,1675,640,0,0
2025-03-28T08:30:00,22958,1675,643,2,0
2025-03-28T09:30:00,21810,1566,642,3,0
2025-03-28T10:30:00,20846,1687,644,6,0
2025-03-28T11:30:00,19679,2084,642,8,0
2025-03-28T12:30:00,18949,2053,630,9,0
2025-03-28T13:30:00,18129,2193,630,9,0
2025-03-28T14:30:00,17930,2239,632,6,0
2025-03-28T15:30:00,17673,2417,633,4,0
2025-03-28T16:30:00,18538,2492,630,1,0
2025-03-28T17:30:00,19545,2547,632,1,0
2025-03-28T18:30:00,20811,2444,631,0,0
2025-03-28T19:30:00,21546,2321,629,0,0
2025-03-28T20:30:00,20820,2316,625,0,0
2025-03-28T21:30:00,19697,2360,625,0,0
2025-03-28T22:30:00,19169,2281,625,0,0
2025-03-28T23:30:00,18572,2216,629,0,0
2025-03-29T00:30:00,18452,2086,629,0,0
2025-03-29T01:30:00,18502,1994,630,0,0
2025-03-29T02:30:00,18738,1939,631,0,0
2025-03-29T03:30:00,19076,1978,628,0,0
2025-03-29T04:30:00,19696,1998,627,0,0
2025-03-29T05:30:00,20475,1981,621,0,0
2025-03-29T06:30:00,21503,1958,625,0,0
2025-03-29T07:30:00,22617,1918,623,0,0
2025-03-29T08:30:00,23180,1624,625,0,0
2025-03-29T09:30:00,23362,1479,621,0,0
2025-03-29T10:30:00,23139,1407,625,0,0
2025-03-29T11:30:00,22816,1241,623,2,0
2025-03-29T12:30:00,21270,1252,625,3,0
2025-03-29T13:30:00,20501,1294,618,6,0
2025-03-29T14:30:00,19525,1246,617,4,0
2025-03-29T15:30:00,19464,1160,617,8,0
2025-03-29T16:30:00,19548,1026,616,6,0
2025-03-29T17:30:00,20381,919,618,3,0
2025-03-29T18:30:00,21503,767,620,1,0
2025-03-29T19:30:00,22775,738,621,0,0
2025-03-29T20:30:00,22416,804,621,0,0
2025-03-29T21:30:00,21361,881,622,0,0
2025-03-29T22:30:00,21081,882,621,0,0
2025-03-29T23:30:00,20617,842,618,0,0
2025-03-30T00:30:00,20148,772,616,0,0
2025-03-30T01:30:00,19956,722,617,0,0
2025-03-30T02:30:00,19882,652,618,0,0
2025-03-30T03:30:00,19994,542,617,0,0
2025-03-30T04:30:00,20395,489,618,0,0
2025-03-30T05:30:00,21198,438,617,0,0
2025-03-30T06:30:00,21831,543,618,0,0
2025-03-30T07:30:00,22857,494,618,0,0
2025-03-30T08:30:00,23259,443,620,0,0
2025-03-30T09:30:00,23630,375,616,1,0
2025-03-30T10:30:00,23711,333,618,1,0
2025-03-30T11:30:00,23900,400,611,1,0
2025-03-30T12:30:00,23632,500,609,0,0
2025-03-30T13:30:00,23151,584,612,0,0
2025-03-30T14:30:00,22933,588,613,0,0
2025-03-30T15:30:00,23146,591,612,0,0
2025-03-30T16:30:00,23254,738,608,0,0
2025-03-30T17:30:00,23629,759,609,0,0
2025-03-30T18:30:00,24082,801,613,0,0
2025-03-30T19:30:00,24279,875,615,0,0
2025-03-30T20:30:00,22643,1085,618,0,0
2025-03-30T21:30:00,21670,1044,622,0,0
2025-03-30T22:30:00,20732,901,621,0,0
2025-03-30T23:30:00,19707,1051,623,0,0
2025-03-31T00:30:00,18949,1076,624,0,0
2025-03-31T01:30:00,18478,1220,621,0,0
2025-03-31T02:30:00,18477,1236,618,0,0
2025-03-31T03:30:00,18334,1331,617,0,0
2025-03-31T04:30:00,18373,1555,620,0,0
2025-03-31T05:30:00,19138,1697,619,0,0
2025-03-31T06:30:00,20926,1831,618,0,0
2025-03-31T07:30:00,22264,1885,619,0,0
2025-03-31T08:30:00,22303,1829,620,0,0
2025-03-31T09:30:00,22065,1837,621,0,0
2025-03-31T10:30:00,21775,1778,619,0,0
2025-03-31T11:30:00,21157,1951,621,1,0
2025-03-31T12:30:00,20215,2026,621,2,0
2025-03-31T13:30:00,19699,1935,608,2,0
2025-03-31T14:30:00,19278,1836,606,2,4
2025-03-31T15:30:00,19336,1757,604,0,0
2025-03-31T16:30:00,19960,1567,605,0,0
2025-03-31T17:30:00,20488,1665,610,0,0
2025-03-31T18:30:00,20373,1878,605,0,0
2025-03-31T19:30:00,20340,1868,601,0,0
2025-03-31T20:30:00,19532,1863,608,0,0
2025-03-31T21:30:00,18842,1807,611,0,0
2025-03-31T22:30:00,18272,1655,609,0,0
2025-03-31T23:30:00,17119,1470,607,0,0
2025-04-01T00:30:00,16682,1419,606,0,0
2025-04-01T01:30:00,16521,1435,606,0,0
2025-04-01T02:30:00,16560,1559,603,0,0
2025-04-01T03:30:00,16618,1668,602,0,0
2025-04-01T04:30:00,17217,1635,602,0,0
2025-04-01T05:30:00,18620,1767,603,0,0
2025-04-01T06:30:00,21233,1894,603,0,0
2025-04-01T07:30:00,22899,2328,602,0,0
2025-04-01T08:30:00,22626,2366,606,1,0
2025-04-01T09:30:00,21067,2483,608,4,0
2025-04-01T10:30:00,20034,2581,608,5,0
2025-04-01T11:30:00,18210,2838,608,8,0
2025-04-01T12:30:00,17022,2988,593,9,0
2025-04-01T13:30:00,16324,3120,594,9,0
2025-04-01T14:30:00,15805,3219,593,8,0
2025-04-01T15:30:00,15753,3299,595,8,0
2025-04-01T16:30:00,16288,3330,591,6,0
2025-04-01T17:30:00,17332,3358,593,4,0
2025-04-01T18:30:00,18881,3288,593,1,0
2025-04-01T19:30:00,20487,3239,599,0,0
2025-04-01T20:30:00,21356,3215,598,0,0
2025-04-01T21:30:00,20547,3256,599,0,0
2025-04-01T22:30:00,19320,3313,601,0,0
2025-04-01T23:30:00,18215,3304,604,0,0
2025-04-02T00:30:00,17897,3207,603,0,0
2025-04-02T01:30:00,18202,3134,592,0,0
2025-04-02T02:30:00,18435,3054,592,0,0
2025-04-02T03:30:00,18946,3020,591,0,0
2025-04-02T04:30:00,19885,2756,590,0,0
2025-04-02T05:30:00,22251,2606,582,0,0
2025-04-02T06:30:00,25170,2399,581,0,0
2025-04-02T07:30:00,25932,2265,581,1,0
2025-04-02T08:30:00,24061,2106,582,3,0
2025-04-02T09:30:00,22541,1888,581,6,0
2025-04-02T10:30:00,21509,1817,584,8,0
2025-04-02T11:30:00,20862,1730,581,9,0
2025-04-02T12:30:00,20331,1587,602,9,0
2025-04-02T13:30:00,19809,1407,602,8,0
2025-04-02T14:30:00,19653,1330,602,7,0
2025-04-02T15:30:00,20220,1334,599,5,0
2025-04-02T16:30:00,22590,1155,598,2,0
2025-04-02T17:30:00,24603,1115,603,1,0
2025-04-02T18:30:00,26387,956,602,0,0
2025-04-02T19:30:00,26989,811,603,0,0
2025-04-02T20:30:00,26657,806,603,0,0
2025-04-02T21:30:00,25385,977,605,0,0
2025-04-02T22:30:00,21726,1258,604,0,0
2025-04-02T23:30:00,20088,1123,613,0,0
2025-04-03T00:30:00,19406,1083,613,0,0
2025-04-03T01:30:00,19445,1008,612,0,0
2025-04-03T02:30:00,19292,1262,611,0,0
2025-04-03T03:30:00,19139,1560,613,0,0
2025-04-03T04:30:00,19570,1826,612,0,0
2025-04-03T05:30:00,20508,1911,611,0,0
2025-04-03T06:30:00,22326,2144,612,0,0
2025-04-03T07:30:00,25342,2349,612,0,0
2025-04-03T08:30:00,25377,2259,613,0,0
2025-04-03T09:30:00,24983,2361,612,0,0
2025-04-03T10:30:00,23880,2419,613,1,0
2025-04-03T11:30:00,22728,2459,613,2,0
2025-04-03T12:30:00,21378,2417,603,4,0
2025-04-03T13:30:00,20379,2630,607,1,0
2025-04-03T14:30:00,18883,2829,607,4,0
2025-04-03T15:30:00,17815,2929,607,5,0
2025-04-03T16:30:00,18058,3076,604,5,0
2025-04-03T17:30:00,19426,3123,602,3,0
2025-04-03T18:30:00,19878,2860,606,1,0
2025-04-03T19:30:00,20678,2528,604,0,0
2025-04-03T20:30:00,20907,2481,603,0,0
2025-04-03T21:30:00,19122,2396,604,0,0
2025-04-03T22:30:00,17511,2151,602,0,0
2025-04-03T23:30:00,16149,2058,604,0,0
2025-04-04T00:30:00,15393,1946,601,0,0
2025-04-04T01:30:00,15258,1807,601,0,0
2025-04-04T02:30:00,15306,1807,600,0,0
2025-04-04T03:30:00,15308,1764,600,0,0
2025-04-04T04:30:00,15686,1848,599,0,0
2025-04-04T05:30:00,16991,1817,599,0,0
2025-04-04T06:30:00,19342,1751,599,0,0
2025-04-04T07:30:00,22813,1676,600,0,0
2025-04-04T08:30:00,21863,1720,602,3,0
2025-04-04T09:30:00,21213,1693,600,5,0
2025-04-04T10:30:00,19116,1776,600,5,0
2025-04-04T11:30:00,18097,1713,601,9,0
2025-04-04T12:30:00,17085,1856,593,9,0
2025-04-04T13:30:00,16639,1872,596,8,0
2025-04-04T14:30:00,15837,2082,593,9,0
2025-04-04T15:30:00,15322,2157,590,8,0
2025-04-04T16:30:00,15731,2244,591,6,0
2025-04-04T17:30:00,17006,2244,593,4,0
2025-04-04T18:30:00,18567,2214,592,1,0
2025-04-04T19:30:00,19926,2005,591,0,0
2025-04-04T20:30:00,20203,2000,591,0,0
2025-04-04T21:30:00,18895,2047,591,0,0
2025-04-04T22:30:00,17776,1501,591,0,0
2025-04-04T23:30:00,16386,1283,594,0,0
2025-04-05T00:30:00,17141,1052,594,0,0
2025-04-05T01:30:00,17458,787,591,0,0
2025-04-05T02:30:00,17827,571,589,0,0
2025-04-05T03:30:00,18406,431,589,0,0
2025-04-05T04:30:00,18656,428,589,0,0
2025-04-05T05:30:00,19278,447,588,0,0
2025-04-05T06:30:00,20390,482,590,0,0
2025-04-05T07:30:00,21422,501,590,0,0
2025-04-05T08:30:00,22348,404,592,1,0
2025-04-05T09:30:00,22468,395,588,1,0
2025-04-05T10:30:00,22626,401,588,1,0
2025-04-05T11:30:00,22367,501,584,1,0
2025-04-05T12:30:00,21955,738,597,1,0
2025-04-05T13:30:00,21306,998,599,1,0
2025-04-05T14:30:00,21290,1283,600,1,0
2025-04-05T15:30:00,20622,1728,598,0,0
2025-04-05T16:30:00,20676,2183,600,0,0
2025-04-05T17:30:00,21070,2429,601,0,0
2025-04-05T18:30:00,21285,2411,596,0,0
2025-04-05T19:30:00,21946,2134,599,0,0
2025-04-05T20:30:00,20984,2352,597,0,0
2025-04-05T21:30:00,19470,2638,596,0,0
2025-04-05T22:30:00,18640,2806,600,0,0
2025-04-05T23:30:00,17593,2905,601,0,0
2025-04-06T00:30:00,16178,2772,601,0,0
2025-04-06T01:30:00,15591,2598,598,0,0
2025-04-06T02:30:00,15396,2453,598,0,0
2025-04-06T03:30:00,15231,2412,598,0,0
2025-04-06T04:30:00,15475,2355,598,0,0
2025-04-06T05:30:00,16733,2386,599,0,0
2025-04-06T06:30:00,17867,2029,599,0,0
2025-04-06T07:30:00,18959,1953,601,0,0
2025-04-06T08:30:00,19617,1859,602,1,0
2025-04-06T09:30:00,20060,1687,601,1,0
2025-04-06T10:30:00,19839,1452,602,2,0
2025-04-06T11:30:00,19055,1442,600,5,0
2025-04-06T12:30:00,18878,1280,599,8,0
2025-04-06T13:30:00,18003,1374,598,7,0
2025-04-06T14:30:00,16976,1816,602,7,0
2025-04-06T15:30:00,16505,2017,602,7,0
2025-04-06T16:30:00,16968,2118,601,5,0
2025-04-06T17:30:00,17571,2333,603,2,0
2025-04-06T18:30:00,18300,2432,605,1,0
2025-04-06T19:30:00,19071,2262,610,0,0
2025-04-06T20:30:00,19389,2186,609,0,0
2025-04-06T21:30:00,18755,2182,613,0,0
2025-04-06T22:30:00,17745,2153,611,0,0
2025-04-06T23:30:00,17099,1991,607,0,0
2025-04-07T00:30:00,16986,1962,612,0,0
2025-04-07T01:30:00,17050,1978,611,0,0
2025-04-07T02:30:00,17205,1935,611,0,0
2025-04-07T03:30:00,17978,1567,611,0,0
2025-04-07T04:30:00,18924,1374,611,0,0
2025-04-07T05:30:00,20495,1262,608,0,0
2025-04-07T06:30:00,22999,1274,612,0,0
2025-04-07T07:30:00,24320,1155,613,1,0
2025-04-07T08:30:00,22521,1463,612,4,0
2025-04-07T09:30:00,21379,1603,609,6,0
2025-04-07T10:30:00,20351,1576,604,7,0
2025-04-07T11:30:00,19671,1636,605,9,0
2025-04-07T12:30:00,19357,1547,606,9,0
2025-04-07T13:30:00,19055,1340,606,9,0
2025-04-07T14:30:00,18599,1205,606,9,0
2025-04-07T15:30:00,18588,1020,601,8,0
2025-04-07T16:30:00,19006,896,603,6,0
2025-04-07T17:30:00,20079,639,607,4,0
2025-04-07T18:30:00,20681,442,605,0,0
2025-04-07T19:30:00,21365,338,613,0,0
2025-04-07T20:30:00,21618,337,612,0,0
2025-04-07T21:30:00,20996,396,615,0,0
2025-04-07T22:30:00,19620,549,614,0,0
2025-04-07T23:30:00,18984,511,616,0,0
2025-04-08T00:30:00,19027,509,614,0,0
2025-04-08T01:30:00,18885,492,614,0,0
2025-04-08T02:30:00,18679,592,615,0,0
2025-04-08T03:30:00,18879,635,614,0,0
2025-04-08T04:30:00,19879,512,614,0,0
2025-04-08T05:30:00,20994,514,614,0,0
2025-04-08T06:30:00,23079,641,614,0,0
2025-04-08T07:30:00,24710,601,616,0,0
2025-04-08T08:30:00,24582,472,617,0,0
2025-04-08T09:30:00,24303,399,616,0,0
2025-04-08T10:30:00,23795,419,617,1,0
2025-04-08T11:30:00,23441,449,612,1,0
2025-04-08T12:30:00,22990,421,611,2,0
2025-04-08T13:30:00,22889,464,604,2,0
2025-04-08T14:30:00,22710,494,605,1,0
2025-04-08T15:30:00,22914,436,610,1,0
2025-04-08T16:30:00,23765,361,607,0,0
2025-04-08T17:30:00,24844,441,609,0,0
2025-04-08T18:30:00,25374,562,609,0,0
2025-04-08T19:30:00,26138,664,610,0,0
2025-04-08T20:30:00,25922,890,612,0,0
2025-04-08T21:30:00,24371,1062,618,0,0
2025-04-08T22:30:00,23446,1174,616,0,0
2025-04-08T23:30:00,22518,1317,619,0,0
2025-04-09T00:30:00,21751,1509,617,0,0
2025-04-09T01:30:00,21525,1502,616,0,0
2025-04-09T02:30:00,21556,1585,617,0,0
2025-04-09T03:30:00,21697,1615,616,0,0
2025-04-09T04:30:00,22378,1723,615,0,0
2025-04-09T05:30:00,24441,1779,615,0,0
2025-04-09T06:30:00,26572,1736,614,0,0
2025-04-09T07:30:00,26257,1897,616,0,0
2025-04-09T08:30:00,24494,2100,616,1,0
2025-04-09T09:30:00,22870,2189,615,1,0
2025-04-09T10:30:00,21415,2379,615,1,103
2025-04-09T11:30:00,21606,2548,608,1,26
2025-04-09T12:30:00,20921,2588,613,1,0
2025-04-09T13:30:00,20266,2696,606,1,0
2025-04-09T14:30:00,19569,2753,608,1,0
2025-04-09T15:30:00,19309,2921,604,1,0
2025-04-09T16:30:00,19740,3060,605,1,0
2025-04-09T17:30:00,21008,3050,606,1,0
2025-04-09T18:30:00,22334,2866,607,0,0
2025-04-09T19:30:00,25018,2436,609,0,0
2025-04-09T20:30:00,25565,2496,613,0,0
2025-04-09T21:30:00,24145,2650,612,0,0
2025-04-09T22:30:00,22365,2656,613,0,0
2025-04-09T23:30:00,19980,2710,614,0,0
2025-04-10T00:30:00,18850,2944,613,0,0
2025-04-10T01:30:00,18775,3041,610,0,0
2025-04-10T02:30:00,18805,3089,613,0,0
2025-04-10T03:30:00,19020,3139,610,0,0
2025-04-10T04:30:00,19639,3172,607,0,0
2025-04-10T05:30:00,21090,3215,608,0,0
2025-04-10T06:30:00,24264,3125,608,0,0
2025-04-10T07:30:00,24252,3027,607,0,0
2025-04-10T08:30:00,21541,2941,606,1,0
2025-04-10T09:30:00,20023,2968,610,1,0
2025-04-10T10:30:00,19206,3002,613,1,0
2025-04-10T11:30:00,18639,2905,612,1,0
2025-04-10T12:30:00,18203,2714,610,1,0
2025-04-10T13:30:00,17898,2534,589,1,0
2025-04-10T14:30:00,17420,2394,587,1,0
2025-04-10T15:30:00,17468,2193,587,1,0
2025-04-10T16:30:00,18270,1977,587,1,0
2025-04-10T17:30:00,19210,1887,586,1,0
2025-04-10T18:30:00,21141,1485,588,0,0
2025-04-10T19:30:00,23303,1205,587,0,0
2025-04-10T20:30:00,22946,1354,589,0,0
2025-04-10T21:30:00,20693,1493,590,0,0
2025-04-10T22:30:00,19670,1338,592,0,0
2025-04-10T23:30:00,18288,1099,587,0,0
2025-04-11T00:30:00,18162,735,590,0,0
2025-04-11T01:30:00,18065,653,590,0,0
2025-04-11T02:30:00,18129,465,590,0,0
2025-04-11T03:30:00,18674,357,588,0,0
2025-04-11T04:30:00,19282,326,587,0,0
2025-04-11T05:30:00,20855,189,587,0,0
2025-04-11T06:30:00,23254,146,584,0,0
2025-04-11T07:30:00,25410,115,582,0,0
2025-04-11T08:30:00,25373,84,586,0,0
2025-04-11T09:30:00,24186,91,586,0,0
2025-04-11T10:30:00,22961,128,588,0,0
2025-04-11T11:30:00,22414,120,589,0,0
2025-04-11T12:30:00,21965,138,590,0,0
2025-04-11T13:30:00,20946,126,584,0,0
2025-04-11T14:30:00,20386,149,586,0,0
2025-04-11T15:30:00,20192,174,586,0,0
2025-04-11T16:30:00,20661,212,580,0,0
2025-04-11T17:30:00,21373,173,583,0,0
2025-04-11T18:30:00,21903,161,590,0,0
2025-04-11T19:30:00,22807,166,589,0,0
2025-04-11T20:30:00,23082,138,588,0,0
2025-04-11T21:30:00,20878,98,590,0,0
2025-04-11T22:30:00,20076,92,590,0,0
2025-04-11T23:30:00,19425,71,589,0,0
2025-04-12T00:30:00,19238,81,590,0,0
2025-04-12T01:30:00,18889,98,587,0,0
2025-04-12T02:30:00,18860,84,588,0,0
2025-04-12T03:30:00,18877,55,588,0,0
2025-04-12T04:30:00,19269,52,589,0,0
2025-04-12T05:30:00,19860,130,587,0,0
2025-04-12T06:30:00,20603,212,586,0,0
2025-04-12T07:30:00,21751,242,586,0,0
2025-04-12T08:30:00,22864,219,587,0,0
2025-04-12T09:30:00,22947,216,591,0,0
2025-04-12T10:30:00,22468,181,591,0,0
2025-04-12T11:30:00,22506,112,585,1,0
2025-04-12T12:30:00,21531,131,603,1,0
2025-04-12T13:30:00,20518,142,607,1,0
2025-04-12T14:30:00,19965,208,608,0,0
2025-04-12T15:30:00,19996,238,606,0,0
2025-04-12T16:30:00,20459,267,603,0,0
2025-04-12T17:30:00,20263,291,600,0,0
2025-04-12T18:30:00,20559,278,606,0,0
2025-04-12T19:30:00,21296,400,609,0,0
2025-04-12T20:30:00,21247,499,607,0,0
2025-04-12T21:30:00,19092,687,610,0,0
2025-04-12T22:30:00,18802,720,610,0,0
2025-04-12T23:30:00,18222,730,610,0,0
2025-04-13T00:30:00,17499,585,607,0,0
2025-04-13T01:30:00,17175,367,607,0,0
2025-04-13T02:30:00,17040,317,606,0,0
2025-04-13T03:30:00,17229,319,610,0,0
2025-04-13T04:30:00,17283,247,609,0,0
2025-04-13T05:30:00,17862,251,604,0,0
2025-04-13T06:30:00,18846,300,599,0,0
2025-04-13T07:30:00,19312,390,599,0,0
2025-04-13T08:30:00,19858,418,600,0,0
2025-04-13T09:30:00,20068,504,604,0,0
2025-04-13T10:30:00,19286,606,594,1,0
2025-04-13T11:30:00,18913,641,596,1,0
2025-04-13T12:30:00,18361,730,606,1,0
2025-04-13T13:30:00,17584,837,609,1,0
2025-04-13T14:30:00,17165,807,610,1,0
2025-04-13T15:30:00,16734,786,614,1,0
2025-04-13T16:30:00,16932,860,607,6,0
2025-04-13T17:30:00,17559,988,609,4,0
2025-04-13T18:30:00,17768,998,611,1,0
2025-04-13T19:30:00,18954,1133,611,0,0
2025-04-13T20:30:00,19230,1162,609,0,0
2025-04-13T21:30:00,17430,1129,612,0,0
2025-04-13T22:30:00,16341,1153,614,0,0
2025-04-13T23:30:00,14756,1407,615,0,0
2025-04-14T00:30:00,14178,1479,616,0,0
2025-04-14T01:30:00,14088,1476,618,0,0
2025-04-14T02:30:00,14314,1560,621,0,0
2025-04-14T03:30:00,14946,1627,619,0,0
2025-04-14T04:30:00,15513,1652,618,0,0
2025-04-14T05:30:00,17211,1717,619,0,0
2025-04-14T06:30:00,21623,1579,619,0,0
2025-04-14T07:30:00,22231,1287,617,1,0
2025-04-14T08:30:00,19835,1095,619,4,0
2025-04-14T09:30:00,18474,884,616,6,0
2025-04-14T10:30:00,17870,911,622,8,0
2025-04-14T11:30:00,17503,1130,619,9,0
2025-04-14T12:30:00,16978,970,618,9,0
2025-04-14T13:30:00,16397,943,630,8,0
2025-04-14T14:30:00,15911,813,633,7,0
2025-04-14T15:30:00,16018,777,633,6,0
2025-04-14T16:30:00,16663,536,634,4,0
2025-04-14T17:30:00,17975,324,632,3,0
2025-04-14T18:30:00,18883,193,632,1,0
2025-04-14T19:30:00,20100,275,638,0,0
2025-04-14T20:30:00,19355,386,639,0,0
2025-04-14T21:30:00,16973,544,640,0,0
2025-04-14T22:30:00,15770,601,639,0,0
2025-04-14T23:30:00,14597,725,640,0,0
2025-04-15T00:30:00,13912,756,641,0,0
2025-04-15T01:30:00,13627,747,638,0,0
2025-04-15T02:30:00,13569,771,631,0,0
2025-04-15T03:30:00,13650,694,631,0,0
2025-04-15T04:30:00,13974,762,630,0,0
2025-04-15T05:30:00,15370,655,631,0,0
2025-04-15T06:30:00,17742,618,631,0,0
2025-04-15T07:30:00,18783,565,631,0,0
2025-04-15T08:30:00,18555,430,629,3,0
2025-04-15T09:30:00,17893,433,632,6,0
2025-04-15T10:30:00,17087,453,630,7,0
2025-04-15T11:30:00,16978,499,629,3,0
2025-04-15T12:30:00,16505,612,619,1,0
2025-04-15T13:30:00,16069,863,629,4,0
2025-04-15T14:30:00,15835,1135,629,0,0
2025-04-15T15:30:00,15695,1251,635,0,0
2025-04-15T16:30:00,16219,1376,635,0,0
2025-04-15T17:30:00,17259,1437,636,2,0
2025-04-15T18:30:00,17631,1240,639,1,0
2025-04-15T19:30:00,17936,1448,637,0,0
2025-04-15T20:30:00,18446,1259,637,0,0
2025-04-15T21:30:00,17119,1441,636,0,0
2025-04-15T22:30:00,15572,1626,638,0,0
2025-04-15T23:30:00,14607,1789,638,0,0
2025-04-16T00:30:00,14036,1873,638,0,0
2025-04-16T01:30:00,14176,1891,641,0,0
2025-04-16T02:30:00,14119,1892,640,0,0
2025-04-16T03:30:00,14188,1977,639,0,0
2025-04-16T04:30:00,15014,1751,638,0,0
2025-04-16T05:30:00,16519,1489,639,0,0
2025-04-16T06:30:00,19161,1499,639,0,0
2025-04-16T07:30:00,20853,1344,639,0,0
2025-04-16T08:30:00,20785,1343,638,1,0
2025-04-16T09:30:00,20434,1232,641,2,0
2025-04-16T10:30:00,20129,1233,641,4,0
2025-04-16T11:30:00,20073,1073,637,3,0
2025-04-16T12:30:00,19583,992,644,2,0
2025-04-16T13:30:00,19463,893,644,3,0
2025-04-16T14:30:00,19403,841,641,1,0
2025-04-16T15:30:00,19429,926,644,3,0
2025-04-16T16:30:00,19923,1052,645,2,0
2025-04-16T17:30:00,20720,1312,648,2,0
2025-04-16T18:30:00,21228,1451,647,0,0
2025-04-16T19:30:00,21264,1442,647,0,0
2025-04-16T20:30:00,21309,1584,647,0,0
2025-04-16T21:30:00,19750,1763,647,0,0
2025-04-16T22:30:00,17920,2025,649,0,0
2025-04-16T23:30:00,16830,2084,651,0,0
2025-04-17T00:30:00,16410,2140,649,0,0
2025-04-17T01:30:00,16128,2117,647,0,0
2025-04-17T02:30:00,15914,2279,646,0,0
2025-04-17T03:30:00,15937,2410,645,0,0
2025-04-17T04:30:00,16237,2628,644,0,0
2025-04-17T05:30:00,17363,2709,644,0,0
2025-04-17T06:30:00,20326,2754,644,0,0
2025-04-17T07:30:00,21643,2753,641,0,0
2025-04-17T08:30:00,19896,2881,641,1,0
2025-04-17T09:30:00,18576,2846,641,6,0
2025-04-17T10:30:00,17842,2786,637,8,0
2025-04-17T11:30:00,17340,2739,640,9,0
2025-04-17T12:30:00,16660,2883,641,9,0
2025-04-17T13:30:00,15946,2913,649,9,0
2025-04-17T14:30:00,15368,2956,649,9,0
2025-04-17T15:30:00,15194,2974,650,8,0
2025-04-17T16:30:00,15124,3028,652,6,0
2025-04-17T17:30:00,15318,3079,649,4,0
2025-04-17T18:30:00,16130,2944,652,1,0
2025-04-17T19:30:00,16667,2879,652,0,0
2025-04-17T20:30:00,16969,3032,652,0,0
2025-04-17T21:30:00,16595,3075,651,0,0
2025-04-17T22:30:00,16024,3027,651,0,0
2025-04-17T23:30:00,15124,3073,651,0,0
2025-04-18T00:30:00,14814,2826,650,0,0
2025-04-18T01:30:00,14880,2805,658,0,0
2025-04-18T02:30:00,15056,2686,656,0,0
2025-04-18T03:30:00,15724,2396,656,0,0
2025-04-18T04:30:00,16425,2163,657,0,0
2025-04-18T05:30:00,17556,2085,657,0,0
2025-04-18T06:30:00,19435,1895,657,0,0
2025-04-18T07:30:00,19009,1853,656,1,0
2025-04-18T08:30:00,18903,1585,661,3,0
2025-04-18T09:30:00,18726,1281,659,6,0
2025-04-18T10:30:00,18496,980,656,7,0
2025-04-18T11:30:00,18098,791,653,6,0
2025-04-18T12:30:00,17960,773,655,4,0
2025-04-18T13:30:00,17941,825,651,1,0
2025-04-18T14:30:00,17581,878,652,1,0
2025-04-18T15:30:00,17216,1166,648,1,0
2025-04-18T16:30:00,17257,1251,649,1,0
2025-04-18T17:30:00,17633,1275,652,0,0
2025-04-18T18:30:00,17622,1477,654,0,0
2025-04-18T19:30:00,17585,1474,654,0,0
2025-04-18T20:30:00,17550,1447,655,0,0
2025-04-18T21:30:00,16597,1411,655,0,0
2025-04-18T22:30:00,15473,1513,655,0,0
2025-04-18T23:30:00,14137,1685,656,0,0
2025-04-19T00:30:00,13899,1689,652,0,0
2025-04-19T01:30:00,13273,1800,652,0,0
2025-04-19T02:30:00,13098,1782,649,0,0
2025-04-19T03:30:00,12980,1859,650,0,0
2025-04-19T04:30:00,13245,1773,650,0,0
2025-04-19T05:30:00,13618,1681,649,0,0
2025-04-19T06:30:00,14263,1574,648,0,0
2025-04-19T07:30:00,15522,1245,644,0,0
2025-04-19T08:30:00,16386,1050,639,1,0
2025-04-19T09:30:00,16997,1129,638,1,0
2025-04-19T10:30:00,16952,1046,640,2,0
2025-04-19T11:30:00,16768,1297,641,3,0
2025-04-19T12:30:00,16626,1584,674,2,0
2025-04-19T13:30:00,15951,1782,678,0,0
2025-04-19T14:30:00,15191,1805,676,1,0
2025-04-19T15:30:00,15461,1487,675,1,0
2025-04-19T16:30:00,15498,1388,672,0,0
2025-04-19T17:30:00,15776,1433,681,1,0
2025-04-19T18:30:00,15417,1407,680,0,0
2025-04-19T19:30:00,16459,1358,681,0,0
2025-04-19T20:30:00,15467,1377,684,0,0
2025-04-19T21:30:00,14427,1445,684,0,0
2025-04-19T22:30:00,13947,1399,682,0,0
2025-04-19T23:30:00,13367,1242,681,0,0
2025-04-20T00:30:00,12398,1727,680,0,0
2025-04-20T01:30:00,11989,2127,675,0,0
2025-04-20T02:30:00,11769,2428,675,0,0
2025-04-20T03:30:00,11776,2817,675,0,0
2025-04-20T04:30:00,11699,3143,673,0,0
2025-04-20T05:30:00,12415,3266,675,0,0
2025-04-20T06:30:00,13189,3328,676,0,0
2025-04-20T07:30:00,13554,3479,675,1,0
2025-04-20T08:30:00,14091,3494,675,3,0
2025-04-20T09:30:00,14689,3532,679,6,0
2025-04-20T10:30:00,14869,3448,680,8,0
2025-04-20T11:30:00,14475,3378,681,9,0
2025-04-20T12:30:00,14218,3314,690,9,0
2025-04-20T13:30:00,13431,3226,692,9,0
2025-04-20T14:30:00,12928,3180,690,9,0
2025-04-20T15:30:00,12627,3114,690,8,0
2025-04-20T16:30:00,12656,3075,688,6,0
2025-04-20T17:30:00,12915,3035,690,4,0
2025-04-20T18:30:00,13228,2980,687,1,0
2025-04-20T19:30:00,14012,2840,690,0,0
2025-04-20T20:30:00,14885,2885,696,0,0
2025-04-20T21:30:00,14219,2769,695,0,0
2025-04-20T22:30:00,13839,2824,694,0,0
2025-04-20T23:30:00,13467,2702,696,0,0
2025-04-21T00:30:00,13485,2454,693,0,0
2025-04-21T01:30:00,13489,2317,693,0,0
2025-04-21T02:30:00,14247,2111,692,0,0
2025-04-21T03:30:00,14574,1730,692,0,0
2025-04-21T04:30:00,15416,1559,692,0,0
2025-04-21T05:30:00,16445,1539,694,0,0
2025-04-21T06:30:00,17913,1381,695,0,0
2025-04-21T07:30:00,18149,1066,692,1,0
2025-04-21T08:30:00,17544,896,692,4,0
2025-04-21T09:30:00,17706,780,690,6,0
2025-04-21T10:30:00,17521,623,688,8,0
2025-04-21T11:30:00,17296,602,689,9,0
2025-04-21T12:30:00,16773,618,693,8,0
2025-04-21T13:30:00,16313,733,700,8,0
2025-04-21T14:30:00,15985,647,701,5,0
2025-04-21T15:30:00,15865,494,698,3,0
2025-04-21T16:30:00,16535,423,696,1,0
2025-04-21T17:30:00,18151,400,698,0,0
2025-04-21T18:30:00,18510,429,698,0,0
2025-04-21T19:30:00,18060,544,700,0,0
2025-04-21T20:30:00,17546,848,701,0,0
2025-04-21T21:30:00,16569,985,703,0,0
2025-04-21T22:30:00,15160,1131,705,0,0
2025-04-21T23:30:00,13764,1433,706,0,0
2025-04-22T00:30:00,13137,1658,704,0,0
2025-04-22T01:30:00,12780,1731,701,0,0
2025-04-22T02:30:00,12701,1823,701,0,0
2025-04-22T03:30:00,12696,1796,699,0,0
2025-04-22T04:30:00,13348,1778,699,0,0
2025-04-22T05:30:00,14501,1633,699,0,0
2025-04-22T06:30:00,16426,1697,697,0,0
2025-04-22T07:30:00,18231,1700,696,0,0
2025-04-22T08:30:00,18278,1763,696,0,0
2025-04-22T09:30:00,17677,1837,694,0,0
2025-04-22T10:30:00,17569,1943,693,2,0
2025-04-22T11:30:00,17407,2023,692,1,0
2025-04-22T12:30:00,17015,2106,702,1,0
2025-04-22T13:30:00,16889,2113,703,2,0
2025-04-22T14:30:00,16567,2048,707,3,0
2025-04-22T15:30:00,16517,2057,707,1,0
2025-04-22T16:30:00,16876,2275,704,1,0
2025-04-22T17:30:00,17816,2177,707,2,0
2025-04-22T18:30:00,18251,2178,708,0,0
2025-04-22T19:30:00,18263,2050,710,0,0
2025-04-22T20:30:00,18222,1913,711,0,0
2025-04-22T21:30:00,17240,1784,711,0,0
2025-04-22T22:30:00,15960,1684,709,0,0
2025-04-22T23:30:00,15155,1516,708,0,0
2025-04-23T00:30:00,14570,1350,710,0,0
2025-04-23T01:30:00,14514,1223,714,0,0
2025-04-23T02:30:00,14680,1136,713,0,0
2025-04-23T03:30:00,15012,888,713,0,0
2025-04-23T04:30:00,15301,885,713,0,0
2025-04-23T05:30:00,16671,1006,713,0,0
2025-04-23T06:30:00,18570,973,711,0,0
2025-04-23T07:30:00,19323,902,711,1,0
2025-04-23T08:30:00,18745,960,713,4,0
2025-04-23T09:30:00,18171,837,716,5,26
2025-04-23T10:30:00,17598,772,718,8,0
2025-04-23T11:30:00,17175,738,718,9,0
2025-04-23T12:30:00,16622,804,696,9,0
2025-04-23T13:30:00,16217,855,696,9,0
2025-04-23T14:30:00,15693,901,697,9,0
2025-04-23T15:30:00,15822,998,693,8,0
2025-04-23T16:30:00,15894,1020,696,6,0
2025-04-23T17:30:00,16590,958,697,2,0
2025-04-23T18:30:00,17086,897,699,1,0
2025-04-23T19:30:00,17941,847,703,0,0
2025-04-23T20:30:00,17969,772,701,0,0
2025-04-23T21:30:00,16780,710,700,0,0
2025-04-23T22:30:00,15591,604,701,0,0
2025-04-23T23:30:00,15044,536,701,0,0
2025-04-24T00:30:00,14784,429,703,0,0
2025-04-24T01:30:00,14561,359,695,0,0
2025-04-24T02:30:00,14861,305,691,0,0
2025-04-24T03:30:00,15081,282,691,0,0
2025-04-24T04:30:00,15741,208,694,0,0
2025-04-24T05:30:00,17256,207,693,0,0
2025-04-24T06:30:00,19181,185,694,0,0
2025-04-24T07:30:00,19589,92,693,1,0
2025-04-24T08:30:00,18930,46,694,4,0
2025-04-24T09:30:00,18146,47,692,4,0
2025-04-24T10:30:00,18064,37,692,7,0
2025-04-24T11:30:00,17813,16,692,6,0
2025-04-24T12:30:00,17363,22,681,4,0
2025-04-24T13:30:00,16963,50,684,5,0
2025-04-24T14:30:00,16469,98,682,9,0
2025-04-24T15:30:00,16577,68,682,7,0
2025-04-24T16:30:00,16999,7,679,3,0
2025-04-24T17:30:00,17396,29,682,1,0
2025-04-24T18:30:00,18061,62,682,1,0
2025-04-24T19:30:00,18902,56,681,0,0
2025-04-24T20:30:00,18109,62,683,0,0
2025-04-24T21:30:00,17084,88,686,0,0
2025-04-24T22:30:00,16041,43,687,0,0
2025-04-24T23:30:00,14976,24,688,0,0
2025-04-25T00:30:00,14284,50,691,0,0
2025-04-25T01:30:00,13979,110,689,0,0
2025-04-25T02:30:00,13742,167,689,0,0
2025-04-25T03:30:00,13944,149,690,0,0
2025-04-25T04:30:00,14260,173,690,0,0
2025-04-25T05:30:00,15336,182,689,0,0
2025-04-25T06:30:00,17327,216,689,0,0
2025-04-25T07:30:00,18498,166,690,1,0
2025-04-25T08:30:00,18213,119,688,4,0
2025-04-25T09:30:00,17730,106,689,6,0
2025-04-25T10:30:00,17176,90,689,6,0
2025-04-25T11:30:00,16950,90,687,8,0
2025-04-25T12:30:00,16451,56,718,8,0
2025-04-25T13:30:00,16032,62,719,8,0
2025-04-25T14:30:00,15559,57,720,6,0
2025-04-25T15:30:00,15543,73,716,2,0
2025-04-25T16:30:00,16144,101,715,2,0
2025-04-25T17:30:00,16338,122,719,2,0
2025-04-25T18:30:00,16813,136,720,1,0
2025-04-25T19:30:00,16481,188,722,0,0
2025-04-25T20:30:00,16457,423,720,0,0
2025-04-25T21:30:00,15539,629,720,0,0
2025-04-25T22:30:00,14604,795,720,0,0
2025-04-25T23:30:00,13381,978,721,0,0
2025-04-26T00:30:00,12772,1098,721,0,0
2025-04-26T01:30:00,12174,1326,717,0,0
2025-04-26T02:30:00,11887,1559,717,0,0
2025-04-26T03:30:00,11688,1647,715,0,0
2025-04-26T04:30:00,11828,1742,713,0,0
2025-04-26T05:30:00,12141,1771,714,0,0
2025-04-26T06:30:00,12978,1789,713,0,0
2025-04-26T07:30:00,13691,1996,717,0,0
2025-04-26T08:30:00,14716,2062,716,0,0
2025-04-26T09:30:00,15507,2028,718,0,0
2025-04-26T10:30:00,16060,1893,717,1,0
2025-04-26T11:30:00,16304,1947,716,1,0
2025-04-26T12:30:00,16421,1944,716,1,0
2025-04-26T13:30:00,16232,1785,701,1,0
2025-04-26T14:30:00,15560,1979,691,1,0
2025-04-26T15:30:00,15501,2025,682,1,0
2025-04-26T16:30:00,15798,2074,682,1,0
2025-04-26T17:30:00,16095,2059,683,0,0
2025-04-26T18:30:00,16018,2085,683,0,0
2025-04-26T19:30:00,15958,2022,685,0,0
2025-04-26T20:30:00,15656,2009,685,0,0
2025-04-26T21:30:00,15103,1994,687,0,0
2025-04-26T22:30:00,14494,1883,687,0,0
2025-04-26T23:30:00,14415,1573,688,0,0
2025-04-27T00:30:00,14239,1435,685,0,0
2025-04-27T01:30:00,13916,1367,687,0,0
2025-04-27T02:30:00,13970,1258,685,0,0
2025-04-27T03:30:00,13926,1395,683,0,0
2025-04-27T04:30:00,14414,1383,684,0,0
2025-04-27T05:30:00,15502,1362,682,0,0
2025-04-27T06:30:00,16007,1498,683,0,0
2025-04-27T07:30:00,16781,1741,683,0,0
2025-04-27T08:30:00,17612,1861,686,0,0
2025-04-27T09:30:00,18329,1860,683,0,0
2025-04-27T10:30:00,18338,1954,678,2,0
2025-04-27T11:30:00,18161,2084,675,1,0
2025-04-27T12:30:00,17605,2310,674,1,0
2025-04-27T13:30:00,16927,2239,671,3,0
2025-04-27T14:30:00,16573,2029,672,3,0
2025-04-27T15:30:00,16272,1873,675,6,0
2025-04-27T16:30:00,16291,1696,672,4,0
2025-04-27T17:30:00,16842,1370,673,3,0
2025-04-27T18:30:00,16802,1424,677,3,0
2025-04-27T19:30:00,16464,1616,678,0,0
2025-04-27T20:30:00,16302,1927,682,0,0
2025-04-27T21:30:00,15106,2344,685,0,0
2025-04-27T22:30:00,14381,2518,688,0,0
2025-04-27T23:30:00,13162,2603,686,0,0
2025-04-28T00:30:00,12864,2493,685,0,0
2025-04-28T01:30:00,12753,2356,685,0,0
2025-04-28T02:30:00,12776,2197,683,0,0
2025-04-28T03:30:00,13118,1991,683,0,0
2025-04-28T04:30:00,14000,1777,683,0,0
2025-04-28T05:30:00,15482,1614,685,0,0
2025-04-28T06:30:00,17424,1342,686,0,0
2025-04-28T07:30:00,18646,888,686,1,0
2025-04-28T08:30:00,18107,437,683,4,0
2025-04-28T09:30:00,17630,299,683,6,0
2025-04-28T10:30:00,17207,296,679,8,0
2025-04-28T11:30:00,17043,248,681,9,0
2025-04-28T12:30:00,16435,419,678,9,0
2025-04-28T13:30:00,16123,464,674,8,0
2025-04-28T14:30:00,15600,481,664,9,0
2025-04-28T15:30:00,15358,476,664,8,0
2025-04-28T16:30:00,15695,449,666,6,0
2025-04-28T17:30:00,16330,433,663,4,0
2025-04-28T18:30:00,16731,432,666,1,0
2025-04-28T19:30:00,17708,521,669,0,0
2025-04-28T20:30:00,17187,796,673,0,0
2025-04-28T21:30:00,15671,1263,677,0,0
2025-04-28T22:30:00,13666,1752,680,0,0
2025-04-28T23:30:00,12226,2231,679,0,0
2025-04-29T00:30:00,11987,2468,678,0,0
2025-04-29T01:30:00,11498,2582,678,0,0
2025-04-29T02:30:00,11311,2697,677,0,0
2025-04-29T03:30:00,11434,2816,678,0,0
2025-04-29T04:30:00,11865,2827,679,0,0
2025-04-29T05:30:00,12061,2906,680,0,0
2025-04-29T06:30:00,13506,2926,680,0,0
2025-04-29T07:30:00,14748,2825,679,1,0
2025-04-29T08:30:00,14796,2677,677,2,0
2025-04-29T09:30:00,14375,2626,671,5,0
2025-04-29T10:30:00,13964,2624,671,6,0
2025-04-29T11:30:00,13993,2726,671,8,0
2025-04-29T12:30:00,13555,2903,662,7,0
2025-04-29T13:30:00,13199,3131,662,0,0
2025-04-29T14:30:00,12971,3134,658,4,0
2025-04-29T15:30:00,13247,2961,657,0,0
2025-04-29T16:30:00,14037,2885,657,1,0
2025-04-29T17:30:00,15057,2889,657,0,0
2025-04-29T18:30:00,15315,2739,659,0,0
2025-04-29T19:30:00,14982,3027,662,0,0
2025-04-29T20:30:00,14298,3074,670,0,0
2025-04-29T21:30:00,13629,2920,672,0,0
2025-04-29T22:30:00,12710,2562,675,0,0
2025-04-29T23:30:00,11610,3063,674,0,0
2025-04-30T00:30:00,10966,3146,671,0,0
2025-04-30T01:30:00,10679,3020,671,0,0
2025-04-30T02:30:00,10907,2880,671,0,0
2025-04-30T03:30:00,11305,2701,670,0,0
2025-04-30T04:30:00,11558,2913,668,0,0
2025-04-30T05:30:00,12042,3018,668,0,0
2025-04-30T06:30:00,14104,2958,669,0,0
2025-04-30T07:30:00,15305,3017,669,1,0
2025-04-30T08:30:00,15808,2841,665,2,0
2025-04-30T09:30:00,15642,2932,659,3,0
2025-04-30T10:30:00,15144,2978,660,7,0
2025-04-30T11:30:00,15339,2981,659,9,0
2025-04-30T12:30:00,15392,2709,632,9,0
2025-04-30T13:30:00,15294,2578,629,9,0
2025-04-30T14:30:00,14767,2498,627,9,0
2025-04-30T15:30:00,14557,2510,626,8,0
2025-04-30T16:30:00,14904,2504,629,7,0
2025-04-30T17:30:00,15838,2385,628,4,0
2025-04-30T18:30:00,16663,2405,627,1,0
2025-04-30T19:30:00,16921,2260,629,0,0
2025-04-30T20:30:00,17371,2203,629,0,0
2025-04-30T21:30:00,16439,2099,632,0,0
2025-04-30T22:30:00,15551,1998,637,0,0
2025-04-30T23:30:00,14829,1830,639,0,0
2025-05-01T00:30:00,15174,1595,636,0,0
2025-05-01T01:30:00,15286,1505,631,0,0
2025-05-01T02:30:00,15545,1414,627,0,0
2025-05-01T03:30:00,15912,1398,628,0,0
2025-05-01T04:30:00,16587,1335,626,0,0
2025-05-01T05:30:00,17356,1214,625,0,0
2025-05-01T06:30:00,19517,1069,628,0,0
2025-05-01T07:30:00,20017,976,626,1,0
2025-05-01T08:30:00,19234,868,622,4,0
2025-05-01T09:30:00,18523,640,622,6,0
2025-05-01T10:30:00,18164,599,623,7,0
2025-05-01T11:30:00,17967,501,619,9,0
2025-05-01T12:30:00,17029,505,603,9,0
2025-05-01T13:30:00,16756,500,600,9,0
2025-05-01T14:30:00,16675,470,598,8,0
2025-05-01T15:30:00,16773,478,595,8,0
2025-05-01T16:30:00,16968,448,595,5,0
2025-05-01T17:30:00,17456,363,595,2,0
2025-05-01T18:30:00,17407,380,595,1,0
2025-05-01T19:30:00,18063,331,599,0,0
2025-05-01T20:30:00,18246,301,606,0,0
2025-05-01T21:30:00,17213,267,608,0,0
2025-05-01T22:30:00,16115,309,609,0,0
2025-05-01T23:30:00,14965,358,611,0,0
2025-05-02T00:30:00,13932,421,611,0,0
2025-05-02T01:30:00,13673,389,606,0,0
2025-05-02T02:30:00,13174,573,606,0,0
2025-05-02T03:30:00,13244,713,603,0,0
2025-05-02T04:30:00,13144,1148,604,0,0
2025-05-02T05:30:00,14011,1502,602,0,0
2025-05-02T06:30:00,15411,1845,601,0,0
2025-05-02T07:30:00,16829,1906,601,0,0
2025-05-02T08:30:00,17289,1905,597,0,0
2025-05-02T09:30:00,17365,1805,600,0,0
2025-05-02T10:30:00,16979,1805,598,2,0
2025-05-02T11:30:00,16455,2035,594,5,0
2025-05-02T12:30:00,16462,2207,628,1,0
2025-05-02T13:30:00,16050,2326,633,1,0
2025-05-02T14:30:00,15317,2420,632,5,0
2025-05-02T15:30:00,15089,2617,631,7,0
2025-05-02T16:30:00,15418,2600,633,4,0
2025-05-02T17:30:00,16023,2532,632,3,0
2025-05-02T18:30:00,15982,2514,639,1,0
2025-05-02T19:30:00,15459,2611,640,0,0
2025-05-02T20:30:00,15196,2681,643,0,0
2025-05-02T21:30:00,14344,2768,641,0,0
2025-05-02T22:30:00,13277,2771,641,0,0
2025-05-02T23:30:00,12875,2725,641,0,0
2025-05-03T00:30:00,13008,2689,640,0,0
2025-05-03T01:30:00,12677,2371,640,0,0
2025-05-03T02:30:00,12491,2205,639,0,0
2025-05-03T03:30:00,12319,2175,639,0,0
2025-05-03T04:30:00,12648,1976,639,0,0
2025-05-03T05:30:00,12921,1901,637,0,0
2025-05-03T06:30:00,12903,1761,639,0,0
2025-05-03T07:30:00,13759,1635,638,0,0
2025-05-03T08:30:00,15058,1386,637,0,0
2025-05-03T09:30:00,15707,1137,635,1,0
2025-05-03T10:30:00,15931,1041,635,2,0
2025-05-03T11:30:00,15999,901,633,4,0
2025-05-03T12:30:00,15671,954,661,2,0
2025-05-03T13:30:00,15401,844,654,4,0
2025-05-03T14:30:00,14666,701,659,4,0
2025-05-03T15:30:00,14519,635,649,2,0
2025-05-03T16:30:00,14812,473,653,5,0
2025-05-03T17:30:00,15994,316,658,4,0
2025-05-03T18:30:00,16181,234,661,1,0
2025-05-03T19:30:00,15891,239,663,0,0
2025-05-03T20:30:00,16364,372,663,0,0
2025-05-03T21:30:00,15223,490,665,0,0
2025-05-03T22:30:00,14589,516,667,0,0
2025-05-03T23:30:00,13722,494,673,0,0
2025-05-04T00:30:00,13211,520,673,0,0
2025-05-04T01:30:00,13307,540,673,0,0
2025-05-04T02:30:00,13031,478,673,0,0
2025-05-04T03:30:00,13108,471,671,0,0
2025-05-04T04:30:00,13396,412,673,0,0
2025-05-04T05:30:00,13758,265,672,0,0
2025-05-04T06:30:00,14607,206,672,0,0
2025-05-04T07:30:00,15140,172,672,1,0
2025-05-04T08:30:00,15197,230,672,2,0
2025-05-04T09:30:00,15462,448,663,3,0
2025-05-04T10:30:00,14781,616,658,6,0
2025-05-04T11:30:00,14802,912,653,7,0
2025-05-04T12:30:00,14248,1324,650,6,0
2025-05-04T13:30:00,13664,1773,647,7,0
2025-05-04T14:30:00,12724,2027,650,8,0
2025-05-04T15:30:00,12900,2215,651,4,0
2025-05-04T16:30:00,12865,2241,652,6,0
2025-05-04T17:30:00,13721,2054,654,4,0
2025-05-04T18:30:00,15190,2009,658,1,0
2025-05-04T19:30:00,15068,1829,654,0,0
2025-05-04T20:30:00,14812,1982,656,0,0
2025-05-04T21:30:00,14635,2204,661,0,0
2025-05-04T22:30:00,13044,2100,665,0,0
2025-05-04T23:30:00,12035,1939,661,0,0
2025-05-05T00:30:00,12370,1645,659,0,0
2025-05-05T01:30:00,12701,1453,661,0,0
2025-05-05T02:30:00,12674,1435,661,0,0
2025-05-05T03:30:00,12345,1513,659,0,0
2025-05-05T04:30:00,12743,1539,656,0,0
2025-05-05T05:30:00,13682,1447,655,0,0
2025-05-05T06:30:00,15345,1257,656,0,0
2025-05-05T07:30:00,17222,1037,659,1,0
2025-05-05T08:30:00,17421,818,653,2,0
2025-05-05T09:30:00,16959,691,647,4,0
2025-05-05T10:30:00,17032,539,645,6,0
2025-05-05T11:30:00,17070,440,642,8,0
2025-05-05T12:30:00,16884,401,648,8,0
2025-05-05T13:30:00,16656,333,649,8,0
2025-05-05T14:30:00,16472,314,650,4,0
2025-05-05T15:30:00,16308,255,651,5,0
2025-05-05T16:30:00,16933,244,650,4,0
2025-05-05T17:30:00,17583,243,653,1,0
2025-05-05T18:30:00,17778,269,654,1,0
2025-05-05T19:30:00,18016,462,659,0,0
2025-05-05T20:30:00,17112,956,662,0,0
2025-05-05T21:30:00,15324,1557,663,0,0
2025-05-05T22:30:00,13300,1852,665,0,0
2025-05-05T23:30:00,11692,2013,667,0,0
2025-05-06T00:30:00,11808,2105,672,0,0
2025-05-06T01:30:00,11595,2036,671,0,0
2025-05-06T02:30:00,11321,2237,670,0,0
2025-05-06T03:30:00,11115,2331,672,0,0
2025-05-06T04:30:00,10829,2424,671,0,0
2025-05-06T05:30:00,11369,2418,672,0,0
2025-05-06T06:30:00,13136,2211,673,0,0
2025-05-06T07:30:00,15111,1965,672,0,0
2025-05-06T08:30:00,15484,1748,668,1,0
2025-05-06T09:30:00,15622,1452,659,1,0
2025-05-06T10:30:00,15814,1427,659,3,0
2025-05-06T11:30:00,15255,1393,664,4,0
2025-05-06T12:30:00,15247,1548,674,6,0
2025-05-06T13:30:00,15277,1699,675,5,0
2025-05-06T14:30:00,14439,1962,676,2,0
2025-05-06T15:30:00,14478,2083,677,5,0
2025-05-06T16:30:00,15019,2180,673,6,0
2025-05-06T17:30:00,15533,2406,682,5,0
2025-05-06T18:30:00,15484,2446,685,0,0
2025-05-06T19:30:00,15099,2600,683,0,0
2025-05-06T20:30:00,14859,2559,680,0,0
2025-05-06T21:30:00,14064,2437,683,0,0
2025-05-06T22:30:00,13413,2306,690,0,0
2025-05-06T23:30:00,12076,2274,691,0,0
2025-05-07T00:30:00,11653,2095,691,0,0
2025-05-07T01:30:00,11594,1940,688,0,0
2025-05-07T02:30:00,11444,1802,688,0,0
2025-05-07T03:30:00,11377,1706,687,0,0
2025-05-07T04:30:00,10652,1686,686,0,0
2025-05-07T05:30:00,11035,1789,683,0,0
2025-05-07T06:30:00,12708,1792,683,0,0
2025-05-07T07:30:00,14893,1412,682,1,0
2025-05-07T08:30:00,15550,1141,681,3,0
2025-05-07T09:30:00,15502,868,673,5,0
2025-05-07T10:30:00,15797,561,672,1,0
2025-05-07T11:30:00,15952,387,671,1,0
2025-05-07T12:30:00,15960,305,659,2,0
2025-05-07T13:30:00,15475,310,657,1,0
2025-05-07T14:30:00,15417,323,656,3,0
2025-05-07T15:30:00,15173,356,658,8,0
2025-05-07T16:30:00,15473,398,659,6,0
2025-05-07T17:30:00,16242,327,657,3,0
2025-05-07T18:30:00,16757,392,666,1,0
2025-05-07T19:30:00,16724,799,669,0,0
2025-05-07T20:30:00,16618,1122,668,0,0
2025-05-07T21:30:00,14883,1071,670,0,0
2025-05-07T22:30:00,13652,1082,671,0,0
2025-05-07T23:30:00,12642,1028,676,0,0
2025-05-08T00:30:00,12032,1019,678,0,0
2025-05-08T01:30:00,11916,1048,678,0,0
2025-05-08T02:30:00,11495,1207,677,0,0
2025-05-08T03:30:00,11683,1124,675,0,0
2025-05-08T04:30:00,11936,1095,675,0,0
2025-05-08T05:30:00,12826,977,676,0,0
2025-05-08T06:30:00,15271,986,675,0,0
2025-05-08T07:30:00,17778,1020,677,0,0
2025-05-08T08:30:00,17738,1003,675,1,0
2025-05-08T09:30:00,17605,944,672,1,0
2025-05-08T10:30:00,17702,893,669,2,0
2025-05-08T11:30:00,17745,884,667,2,0
2025-05-08T12:30:00,17518,914,673,4,0
2025-05-08T13:30:00,17290,914,669,4,0
2025-05-08T14:30:00,17401,812,668,4,0
2025-05-08T15:30:00,17536,731,669,2,0
2025-05-08T16:30:00,17661,788,666,1,0
2025-05-08T17:30:00,17822,743,671,1,0
2025-05-08T18:30:00,17386,644,670,0,0
2025-05-08T19:30:00,17849,685,669,0,0
2025-05-08T20:30:00,17420,728,670,0,0
2025-05-08T21:30:00,16571,833,671,0,0
2025-05-08T22:30:00,14902,840,675,0,0
2025-05-08T23:30:00,13881,822,674,0,0
2025-05-09T00:30:00,13695,782,674,0,0
2025-05-09T01:30:00,13397,707,672,0,0
2025-05-09T02:30:00,13409,640,672,0,0
2025-05-09T03:30:00,13600,622,670,0,0
2025-05-09T04:30:00,13968,619,670,0,0
2025-05-09T05:30:00,14575,618,670,0,0
2025-05-09T06:30:00,16402,587,671,0,0
2025-05-09T07:30:00,17869,542,674,0,0
2025-05-09T08:30:00,18496,578,673,0,0
2025-05-09T09:30:00,18155,581,669,1,0
2025-05-09T10:30:00,17982,575,667,1,0
2025-05-09T11:30:00,18016,522,661,1,0
2025-05-09T12:30:00,17806,563,664,1,0
2025-05-09T13:30:00,17685,394,672,1,0
2025-05-09T14:30:00,17129,365,672,1,0
2025-05-09T15:30:00,17212,344,669,1,0
2025-05-09T16:30:00,17505,310,660,1,0
2025-05-09T17:30:00,18069,391,665,1,0
2025-05-09T18:30:00,17883,495,668,0,0
2025-05-09T19:30:00,17792,655,669,0,0
2025-05-09T20:30:00,17399,946,669,0,0
2025-05-09T21:30:00,16340,1094,672,0,0
2025-05-09T22:30:00,15441,1188,674,0,0
2025-05-09T23:30:00,14651,1074,673,0,0
2025-05-10T00:30:00,13719,1136,672,0,0
2025-05-10T01:30:00,13595,949,671,0,0
2025-05-10T02:30:00,13502,801,671,0,0
2025-05-10T03:30:00,13671,606,672,0,0
2025-05-10T04:30:00,13863,525,674,0,0
2025-05-10T05:30:00,14143,433,673,0,0
2025-05-10T06:30:00,14908,307,670,0,0
2025-05-10T07:30:00,15699,318,674,0,0
2025-05-10T08:30:00,16519,303,670,0,0
2025-05-10T09:30:00,17333,181,668,1,0
2025-05-10T10:30:00,17619,129,670,1,0
2025-05-10T11:30:00,17569,122,667,1,0
2025-05-10T12:30:00,17420,232,670,1,0
2025-05-10T13:30:00,16421,413,670,3,0
2025-05-10T14:30:00,15748,545,669,5,0
2025-05-10T15:30:00,15507,642,668,6,0
2025-05-10T16:30:00,15321,767,668,3,0
2025-05-10T17:30:00,14957,1015,669,4,0
2025-05-10T18:30:00,14562,1296,668,2,0
2025-05-10T19:30:00,14397,1492,669,0,0
2025-05-10T20:30:00,14552,1670,672,0,0
2025-05-10T21:30:00,13733,1776,673,0,0
2025-05-10T22:30:00,13033,1892,676,0,0
2025-05-10T23:30:00,12191,2169,675,0,0
2025-05-11T00:30:00,12331,2468,673,0,0
2025-05-11T01:30:00,12383,2807,676,0,0
2025-05-11T02:30:00,12715,2665,677,0,0
2025-05-11T03:30:00,13029,2468,674,0,0
2025-05-11T04:30:00,12940,2434,674,0,0
2025-05-11T05:30:00,13007,2641,672,0,0
2025-05-11T06:30:00,13145,2619,671,0,0
2025-05-11T07:30:00,13587,2536,672,2,0
2025-05-11T08:30:00,13601,2580,671,4,0
2025-05-11T09:30:00,13751,2796,673,6,0
2025-05-11T10:30:00,14081,2876,667,8,0
2025-05-11T11:30:00,13920,2888,666,9,0
2025-05-11T12:30:00,13879,2944,666,9,0
2025-05-11T13:30:00,13467,2895,669,9,0
2025-05-11T14:30:00,13574,2981,672,9,0
2025-05-11T15:30:00,13714,2977,668,8,0
2025-05-11T16:30:00,13420,3016,668,6,0
2025-05-11T17:30:00,13483,2992,675,4,0
2025-05-11T18:30:00,13518,2806,671,2,0
2025-05-11T19:30:00,13932,2489,672,0,0
2025-05-11T20:30:00,13959,2537,671,0,0
2025-05-11T21:30:00,13738,2499,676,0,0
2025-05-11T22:30:00,12961,2235,678,0,0
2025-05-11T23:30:00,11962,2147,679,0,0
2025-05-12T00:30:00,12274,2009,678,0,0
2025-05-12T01:30:00,12832,1838,678,0,0
2025-05-12T02:30:00,12665,1738,677,0,0
2025-05-12T03:30:00,12600,1582,677,0,0
2025-05-12T04:30:00,12248,1531,677,0,0
2025-05-12T05:30:00,12871,1348,676,0,0
2025-05-12T06:30:00,14910,1158,675,0,0
2025-05-12T07:30:00,16449,848,672,1,0
2025-05-12T08:30:00,15994,952,672,3,0
2025-05-12T09:30:00,15389,1105,671,5,0
2025-05-12T10:30:00,14906,1787,671,3,0
2025-05-12T11:30:00,14883,1711,670,5,0
2025-05-12T12:30:00,14640,1768,672,3,0
2025-05-12T13:30:00,14623,1708,673,1,0
2025-05-12T14:30:00,14746,1658,673,0,0
2025-05-12T15:30:00,14844,1677,675,2,0
2025-05-12T16:30:00,14534,1680,671,2,0
2025-05-12T17:30:00,15139,1616,670,1,0
2025-05-12T18:30:00,15165,1647,668,1,0
2025-05-12T19:30:00,15564,1507,671,0,0
2025-05-12T20:30:00,15249,1713,672,0,0
2025-05-12T21:30:00,14065,2031,676,0,0
2025-05-12T22:30:00,13191,2042,680,0,0
2025-05-12T23:30:00,12392,2110,679,0,0
2025-05-13T00:30:00,12269,2057,679,0,0
2025-05-13T01:30:00,12114,2038,681,0,0
2025-05-13T02:30:00,12034,1946,683,0,0
2025-05-13T03:30:00,12083,1798,683,0,0
2025-05-13T04:30:00,11688,1823,680,0,0
2025-05-13T05:30:00,12449,1650,680,0,0
2025-05-13T06:30:00,14334,1220,681,0,0
2025-05-13T07:30:00,15537,828,679,1,0
2025-05-13T08:30:00,15561,524,677,4,26
2025-05-13T09:30:00,15580,401,675,6,0
2025-05-13T10:30:00,15388,295,678,7,0
2025-05-13T11:30:00,15546,245,679,8,0
2025-05-13T12:30:00,15363,229,698,9,0
2025-05-13T13:30:00,15427,153,694,8,0
2025-05-13T14:30:00,15521,133,694,8,0
2025-05-13T15:30:00,15477,132,692,7,0
2025-05-13T16:30:00,15920,131,691,6,0
2025-05-13T17:30:00,16617,182,686,4,0
2025-05-13T18:30:00,16771,250,695,2,0
2025-05-13T19:30:00,16387,412,696,0,0
2025-05-13T20:30:00,16309,536,695,0,0
2025-05-13T21:30:00,15125,692,697,0,0
2025-05-13T22:30:00,13721,795,702,0,0
2025-05-13T23:30:00,12684,1142,701,0,0
2025-05-14T00:30:00,11757,1385,700,0,0
2025-05-14T01:30:00,11346,1643,700,0,0
2025-05-14T02:30:00,10808,1890,700,0,0
2025-05-14T03:30:00,10644,2072,698,0,0
2025-05-14T04:30:00,10607,2205,700,0,0
2025-05-14T05:30:00,11158,2165,700,0,0
2025-05-14T06:30:00,12131,2073,697,0,0
2025-05-14T07:30:00,13536,1827,698,1,0
2025-05-14T08:30:00,14200,1345,694,4,0
2025-05-14T09:30:00,14181,961,695,6,0
2025-05-14T10:30:00,14530,787,693,7,0
2025-05-14T11:30:00,15019,744,695,8,0
2025-05-14T12:30:00,14501,877,676,9,0
2025-05-14T13:30:00,14767,960,675,9,0
2025-05-14T14:30:00,14157,1209,674,8,0
2025-05-14T15:30:00,14053,1542,674,7,0
2025-05-14T16:30:00,14258,1812,673,6,0
2025-05-14T17:30:00,14956,1848,673,4,0
2025-05-14T18:30:00,15073,1787,674,3,0
2025-05-14T19:30:00,14573,1758,673,0,0
2025-05-14T20:30:00,14291,1981,673,0,0
2025-05-14T21:30:00,13923,2068,673,0,0
2025-05-14T22:30:00,13235,2093,674,0,0
2025-05-14T23:30:00,12579,2142,676,0,0
2025-05-15T00:30:00,12706,2040,677,0,0
2025-05-15T01:30:00,12683,1941,680,0,0
2025-05-15T02:30:00,12346,1893,680,0,0
2025-05-15T03:30:00,12168,1828,680,0,0
2025-05-15T04:30:00,12085,1738,680,0,0
2025-05-15T05:30:00,11670,1659,679,0,0
2025-05-15T06:30:00,12731,1351,677,0,0
2025-05-15T07:30:00,13924,1123,676,2,0
2025-05-15T08:30:00,14752,776,676,5,0
2025-05-15T09:30:00,15161,448,675,5,0
2025-05-15T10:30:00,15471,298,671,7,0
2025-05-15T11:30:00,15521,345,667,4,0
2025-05-15T12:30:00,15422,385,669,6,0
2025-05-15T13:30:00,15651,371,679,9,0
2025-05-15T14:30:00,15377,473,679,9,0
2025-05-15T15:30:00,15476,582,680,7,0
2025-05-15T16:30:00,15843,425,681,5,0
2025-05-15T17:30:00,16852,343,679,4,0
2025-05-15T18:30:00,16947,276,684,2,0
2025-05-15T19:30:00,16978,267,683,0,0
2025-05-15T20:30:00,16698,346,683,0,0
2025-05-15T21:30:00,16079,316,683,0,0
2025-05-15T22:30:00,14871,243,686,0,0
2025-05-15T23:30:00,14067,180,680,0,0
2025-05-16T00:30:00,14067,180,684,0,0
2025-05-16T01:30:00,14067,180,688,0,0
2025-05-16T02:30:00,14067,180,687,0,0
2025-05-16T03:30:00,14067,180,688,0,0
2025-05-16T04:30:00,14067,180,685,0,0
2025-05-16T05:30:00,14067,180,688,0,0
2025-05-16T06:30:00,14067,180,687,0,0
2025-05-16T07:30:00,14067,180,687,0,0
2025-05-16T08:30:00,14067,180,685,0,0
2025-05-16T09:30:00,14067,180,685,0,0
2025-05-16T10:30:00,14067,180,679,0,0
2025-05-16T11:30:00,15781,414,679,7,0
2025-05-16T12:30:00,15907,470,678,6,0
2025-05-16T13:30:00,15936,436,675,1,0
2025-05-16T14:30:00,15596,519,675,1,0
2025-05-16T15:30:00,15698,582,679,7,0
2025-05-16T16:30:00,15233,783,679,0,0
2025-05-16T17:30:00,16007,868,682,0,0
2025-05-16T18:30:00,16033,1122,684,0,0
2025-05-16T19:30:00,15355,1645,686,0,0
2025-05-16T20:30:00,14145,1941,688,0,0
2025-05-16T21:30:00,13593,2108,689,0,0
2025-05-16T22:30:00,12813,2085,692,0,0
2025-05-16T23:30:00,12368,1914,692,0,0
2025-05-17T00:30:00,11196,2122,691,0,0
2025-05-17T01:30:00,11717,2150,693,0,0
2025-05-17T02:30:00,11717,2150,695,0,0
2025-05-17T03:30:00,11717,2150,697,0,0
2025-05-17T04:30:00,11717,2150,698,0,0
2025-05-17T05:30:00,11717,2150,699,0,0
2025-05-17T06:30:00,11759,2080,699,0,0
2025-05-17T07:30:00,13288,1870,701,1,0
2025-05-17T08:30:00,13765,1652,703,2,0
2025-05-17T09:30:00,15401,1503,702,2,0
2025-05-17T10:30:00,15017,1385,701,1,0
2025-05-17T11:30:00,15708,1321,701,0,0
2025-05-17T12:30:00,15200,1300,700,0,0
2025-05-17T13:30:00,14621,1306,702,1,0
2025-05-17T14:30:00,15134,1226,701,1,0
2025-05-17T15:30:00,14655,1207,694,0,0
2025-05-17T16:30:00,14719,1166,695,0,0
2025-05-17T17:30:00,14534,1363,697,3,0
2025-05-17T18:30:00,14274,1469,701,0,0
2025-05-17T19:30:00,14577,1629,701,0,0
2025-05-17T20:30:00,14565,1758,704,0,0
2025-05-17T21:30:00,13138,1853,704,0,0
2025-05-17T22:30:00,12179,1984,706,0,0
2025-05-17T23:30:00,11607,1952,705,0,0
2025-05-18T00:30:00,11775,1725,699,0,0
2025-05-18T01:30:00,11730,1665,700,0,0
2025-05-18T02:30:00,11950,1545,701,0,0
2025-05-18T03:30:00,11887,1448,703,0,0
2025-05-18T04:30:00,10854,1416,701,0,0
2025-05-18T05:30:00,11951,1440,702,0,0
2025-05-18T06:30:00,12102,1374,704,0,0
2025-05-18T07:30:00,13744,1210,703,1,0
2025-05-18T08:30:00,14438,963,702,2,0
2025-05-18T09:30:00,14284,1005,700,2,0
2025-05-18T10:30:00,15121,924,698,2,0
2025-05-18T11:30:00,14762,944,705,2,0
2025-05-18T12:30:00,14871,1092,705,3,0
2025-05-18T13:30:00,14186,1022,702,2,0
2025-05-18T14:30:00,14018,970,701,1,0
2025-05-18T15:30:00,14265,1022,700,0,0
2025-05-18T16:30:00,14561,892,700,0,0
2025-05-18T17:30:00,15770,930,702,1,0
2025-05-18T18:30:00,15754,986,705,0,0
2025-05-18T19:30:00,16314,1038,706,0,0
2025-05-18T20:30:00,16168,1215,704,0,0
2025-05-18T21:30:00,14927,1309,704,0,0
2025-05-18T22:30:00,13250,1350,706,0,0
2025-05-18T23:30:00,12651,1421,705,0,0
2025-05-19T00:30:00,12476,1447,705,0,0
2025-05-19T01:30:00,12135,1569,707,0,0
2025-05-19T02:30:00,11713,1748,707,0,0
2025-05-19T03:30:00,11529,1813,706,0,0
2025-05-19T04:30:00,11865,1620,707,0,0
2025-05-19T05:30:00,12020,1579,707,0,0
2025-05-19T06:30:00,12821,1524,708,0,0
2025-05-19T07:30:00,14089,1436,707,0,0
2025-05-19T08:30:00,14677,1424,706,1,0
2025-05-19T09:30:00,15087,1441,705,1,0
2025-05-19T10:30:00,15126,1516,703,1,0
2025-05-19T11:30:00,15247,1544,701,3,0
2025-05-19T12:30:00,15236,1564,698,3,0
2025-05-19T13:30:00,15144,1635,699,3,0
2025-05-19T14:30:00,15101,1750,698,2,0
2025-05-19T15:30:00,15024,1761,694,2,0
2025-05-19T16:30:00,15109,1898,696,1,0
2025-05-19T17:30:00,16086,1850,695,2,0
2025-05-19T18:30:00,16468,1714,695,1,0
2025-05-19T19:30:00,16149,1745,698,0,0
2025-05-19T20:30:00,15711,1709,704,0,0
2025-05-19T21:30:00,15071,1589,704,0,0
2025-05-19T22:30:00,13875,1719,704,0,0
2025-05-19T23:30:00,12765,1576,709,0,0
2025-05-20T00:30:00,12377,1617,707,0,0
2025-05-20T01:30:00,12296,1561,709,0,0
2025-05-20T02:30:00,12492,1524,711,0,0
2025-05-20T03:30:00,12447,1520,716,0,0
2025-05-20T04:30:00,12826,1427,718,0,0
2025-05-20T05:30:00,13455,1475,720,0,0
2025-05-20T06:30:00,15120,1554,718,0,0
2025-05-20T07:30:00,16787,1378,720,1,0
2025-05-20T08:30:00,17231,1166,717,1,0
2025-05-20T09:30:00,16650,1027,714,4,0
2025-05-20T10:30:00,16284,908,711,3,0
2025-05-20T11:30:00,16112,855,713,1,0
2025-05-20T12:30:00,15843,761,712,3,0
2025-05-20T13:30:00,15740,687,710,5,0
2025-05-20T14:30:00,15482,725,707,3,0
2025-05-20T15:30:00,15155,740,706,1,0
2025-05-20T16:30:00,15829,760,709,2,0
2025-05-20T17:30:00,16906,827,708,1,0
2025-05-20T18:30:00,17143,667,708,1,0
2025-05-20T19:30:00,16832,616,707,0,0
2025-05-20T20:30:00,16623,736,710,0,0
2025-05-20T21:30:00,15881,872,713,0,0
2025-05-20T22:30:00,14661,1036,718,0,0
2025-05-20T23:30:00,13798,925,716,0,0
2025-05-21T00:30:00,13692,758,715,0,0
2025-05-21T01:30:00,12946,635,715,0,0
2025-05-21T02:30:00,12504,709,716,0,0
2025-05-21T03:30:00,12515,724,717,0,0
2025-05-21T04:30:00,12656,755,717,0,0
2025-05-21T05:30:00,13800,856,715,0,0
2025-05-21T06:30:00,15832,704,714,0,0
2025-05-21T07:30:00,16958,582,715,1,0
2025-05-21T08:30:00,16919,544,713,1,0
2025-05-21T09:30:00,16103,591,708,0,0
2025-05-21T10:30:00,16118,659,710,0,0
2025-05-21T11:30:00,15674,679,705,0,0
2025-05-21T12:30:00,15324,839,703,1,0
2025-05-21T13:30:00,15617,850,707,1,0
2025-05-21T14:30:00,15669,901,707,4,0
2025-05-21T15:30:00,15553,842,706,5,0
2025-05-21T16:30:00,15303,822,703,4,0
2025-05-21T17:30:00,15851,754,705,3,0
2025-05-21T18:30:00,16358,765,700,1,0
2025-05-21T19:30:00,16309,770,698,0,0
2025-05-21T20:30:00,16538,867,699,0,0
2025-05-21T21:30:00,15770,960,698,0,0
2025-05-21T22:30:00,14206,1126,706,0,0
2025-05-21T23:30:00,13347,1186,707,0,0
2025-05-22T00:30:00,12945,1145,705,0,0
2025-05-22T01:30:00,13116,1167,707,0,0
2025-05-22T02:30:00,13209,1291,707,0,0
2025-05-22T03:30:00,13004,1281,706,0,0
2025-05-22T04:30:00,12698,1285,707,0,0
2025-05-22T05:30:00,13101,1148,703,0,0
2025-05-22T06:30:00,14985,1074,701,0,0
2025-05-22T07:30:00,16729,1006,704,1,0
2025-05-22T08:30:00,16642,1005,702,1,0
2025-05-22T09:30:00,16258,1162,701,2,0
2025-05-22T10:30:00,15751,1299,697,2,6
2025-05-22T11:30:00,15484,1418,696,1,0
2025-05-22T12:30:00,15115,1503,696,3,0
2025-05-22T13:30:00,14575,1536,671,4,0
2025-05-22T14:30:00,14269,1563,668,2,0
2025-05-22T15:30:00,14657,1537,673,2,0
2025-05-22T16:30:00,15168,1561,673,2,0
2025-05-22T17:30:00,15521,1625,672,1,0
2025-05-22T18:30:00,16538,1532,671,1,0
2025-05-22T19:30:00,16125,1655,674,0,0
2025-05-22T20:30:00,16077,1752,675,0,0
2025-05-22T21:30:00,15181,1956,679,0,0
2025-05-22T22:30:00,13954,1919,686,0,0
2025-05-22T23:30:00,13039,1684,680,0,0
2025-05-23T00:30:00,13018,1649,683,0,0
2025-05-23T01:30:00,12862,1687,682,0,0
2025-05-23T02:30:00,12703,1656,679,0,0
2025-05-23T03:30:00,12812,1624,679,0,0
2025-05-23T04:30:00,12891,1812,681,0,0
2025-05-23T05:30:00,13113,1814,681,0,0
2025-05-23T06:30:00,14856,1796,681,0,0
2025-05-23T07:30:00,16478,1839,681,0,0
2025-05-23T08:30:00,16143,2017,682,1,0
2025-05-23T09:30:00,15929,2135,681,1,0
2025-05-23T10:30:00,16307,2093,679,2,0
2025-05-23T11:30:00,16096,2099,679,2,0
2025-05-23T12:30:00,15604,2292,692,2,0
2025-05-23T13:30:00,15343,2252,694,2,0
2025-05-23T14:30:00,15156,2193,697,2,0
2025-05-23T15:30:00,15354,2076,695,1,0
2025-05-23T16:30:00,16057,1867,693,1,0
2025-05-23T17:30:00,17155,1673,693,1,0
2025-05-23T18:30:00,16957,1825,695,0,0
2025-05-23T19:30:00,16739,1740,697,0,0
2025-05-23T20:30:00,16588,1772,700,0,0
2025-05-23T21:30:00,15874,1873,702,0,0
2025-05-23T22:30:00,14932,1793,703,0,0
2025-05-23T23:30:00,13876,1745,700,0,0
2025-05-24T00:30:00,13238,1629,699,0,0
2025-05-24T01:30:00,12894,1485,698,0,0
2025-05-24T02:30:00,13153,1333,700,0,0
2025-05-24T03:30:00,12977,1390,699,0,0
2025-05-24T04:30:00,13040,1234,700,0,0
2025-05-24T05:30:00,13515,1159,700,0,0
2025-05-24T06:30:00,14112,1036,700,0,0
2025-05-24T07:30:00,14868,1075,699,1,0
2025-05-24T08:30:00,15750,1051,698,1,0
2025-05-24T09:30:00,16332,1026,698,1,0
2025-05-24T10:30:00,16565,1002,693,1,0
2025-05-24T11:30:00,16543,1006,696,2,0
2025-05-24T12:30:00,16427,1095,740,3,0
2025-05-24T13:30:00,15841,1113,737,4,0
2025-05-24T14:30:00,15428,1116,735,7,0
2025-05-24T15:30:00,15317,1008,736,2,0
2025-05-24T16:30:00,15805,987,734,1,0
2025-05-24T17:30:00,16352,1024,732,1,0
2025-05-24T18:30:00,16444,908,735,0,0
2025-05-24T19:30:00,16161,765,736,0,0
2025-05-24T20:30:00,16034,825,739,0,0
2025-05-24T21:30:00,15729,771,740,0,0
2025-05-24T22:30:00,15023,806,743,0,0
2025-05-24T23:30:00,14216,810,739,0,0
2025-05-25T00:30:00,13521,803,737,0,0
2025-05-25T01:30:00,13175,831,737,0,0
2025-05-25T02:30:00,12806,854,735,0,0
2025-05-25T03:30:00,12857,922,735,0,0
2025-05-25T04:30:00,12929,864,734,0,0
2025-05-25T05:30:00,13076,900,733,0,0
2025-05-25T06:30:00,13575,752,733,1,0
2025-05-25T07:30:00,14213,669,735,3,0
2025-05-25T08:30:00,14878,655,734,5,0
2025-05-25T09:30:00,15531,667,729,7,0
2025-05-25T10:30:00,15395,679,722,7,0
2025-05-25T11:30:00,15323,593,722,7,0
2025-05-25T12:30:00,14953,587,706,8,0
2025-05-25T13:30:00,14745,533,706,8,0
2025-05-25T14:30:00,14411,482,712,2,0
2025-05-25T15:30:00,14557,551,713,6,0
2025-05-25T16:30:00,14973,428,711,3,0
2025-05-25T17:30:00,15728,320,712,3,0
2025-05-25T18:30:00,16020,339,712,1,0
2025-05-25T19:30:00,15958,304,712,1,0
2025-05-25T20:30:00,15783,448,716,0,0
2025-05-25T21:30:00,15619,383,716,0,0
2025-05-25T22:30:00,14532,301,721,0,0
2025-05-25T23:30:00,13531,271,722,0,0
2025-05-26T00:30:00,13134,248,719,0,0
2025-05-26T01:30:00,12978,259,720,0,0
2025-05-26T02:30:00,12776,284,716,0,0
2025-05-26T03:30:00,12631,369,715,0,0
2025-05-26T04:30:00,13064,442,716,0,0
2025-05-26T05:30:00,13494,535,715,0,0
2025-05-26T06:30:00,15030,646,717,0,0
2025-05-26T07:30:00,16274,499,715,2,0
2025-05-26T08:30:00,16044,442,715,4,0
2025-05-26T09:30:00,15973,367,712,6,0
2025-05-26T10:30:00,15991,353,709,7,0
2025-05-26T11:30:00,15834,287,705,8,0
2025-05-26T12:30:00,15597,371,711,9,0
2025-05-26T13:30:00,15293,504,695,9,0
2025-05-26T14:30:00,14959,646,693,9,0
2025-05-26T15:30:00,15040,660,696,7,0
2025-05-26T16:30:00,15381,601,695,2,0
2025-05-26T17:30:00,16339,544,693,3,0
2025-05-26T18:30:00,16680,510,696,2,0
2025-05-26T19:30:00,16894,377,698,0,0
2025-05-26T20:30:00,16375,476,699,0,0
2025-05-26T21:30:00,15594,668,698,0,0
2025-05-26T22:30:00,14058,761,701,0,0
2025-05-26T23:30:00,12596,759,700,0,0
2025-05-27T00:30:00,12938,761,703,0,0
2025-05-27T01:30:00,12824,780,704,0,0
2025-05-27T02:30:00,12991,757,704,0,0
2025-05-27T03:30:00,12749,684,700,0,0
2025-05-27T04:30:00,12950,531,701,0,0
2025-05-27T05:30:00,12952,420,701,0,0
2025-05-27T06:30:00,14410,312,701,0,0
2025-05-27T07:30:00,15873,133,701,2,0
2025-05-27T08:30:00,15852,79,697,4,0
2025-05-27T09:30:00,15525,83,696,6,0
2025-05-27T10:30:00,15357,174,689,7,0
2025-05-27T11:30:00,15361,272,690,8,0
2025-05-27T12:30:00,15200,398,702,9,0
2025-05-27T13:30:00,14964,433,701,9,0
2025-05-27T14:30:00,15083,450,696,8,0
2025-05-27T15:30:00,15243,531,700,8,0
2025-05-27T16:30:00,15439,633,696,6,0
2025-05-27T17:30:00,16280,585,698,4,0
2025-05-27T18:30:00,16882,589,699,2,0
2025-05-27T19:30:00,16798,535,701,0,0
2025-05-27T20:30:00,16335,847,707,0,0
2025-05-27T21:30:00,15022,1122,709,0,0
2025-05-27T22:30:00,13645,1365,710,0,0
2025-05-27T23:30:00,12954,1568,711,0,0
2025-05-28T00:30:00,12137,1495,712,0,0
2025-05-28T01:30:00,11650,1483,712,0,0
2025-05-28T02:30:00,11863,1314,712,0,0
2025-05-28T03:30:00,12438,980,712,0,0
2025-05-28T04:30:00,12534,844,709,0,0
2025-05-28T05:30:00,12147,705,705,0,0
2025-05-28T06:30:00,13484,641,702,0,0
2025-05-28T07:30:00,14980,506,703,2,0
2025-05-28T08:30:00,15094,548,697,4,0
2025-05-28T09:30:00,14892,733,696,6,0
2025-05-28T10:30:00,14910,822,695,7,0
2025-05-28T11:30:00,15032,924,692,8,0
2025-05-28T12:30:00,14844,1116,699,9,0
2025-05-28T13:30:00,14781,1208,697,9,0
2025-05-28T14:30:00,14614,1318,694,8,0
2025-05-28T15:30:00,14526,1394,695,7,0
2025-05-28T16:30:00,14688,1420,698,5,0
2025-05-28T17:30:00,16074,1345,698,4,0
2025-05-28T18:30:00,16102,1148,697,3,0
2025-05-28T19:30:00,15950,1176,701,0,0
2025-05-28T20:30:00,15421,1299,698,0,0
2025-05-28T21:30:00,14564,1496,701,0,0
2025-05-28T22:30:00,13377,1475,705,0,0
2025-05-28T23:30:00,12354,1496,709,0,0
2025-05-29T00:30:00,11758,1634,709,0,0
2025-05-29T01:30:00,11788,1579,709,0,0
2025-05-29T02:30:00,12117,1346,707,0,0
2025-05-29T03:30:00,12585,1096,708,0,0
2025-05-29T04:30:00,12334,976,708,0,0
2025-05-29T05:30:00,12891,822,709,0,0
2025-05-29T06:30:00,13228,609,707,0,0
2025-05-29T07:30:00,14596,406,705,1,0
2025-05-29T08:30:00,15290,320,702,1,0
2025-05-29T09:30:00,15275,378,701,1,0
2025-05-29T10:30:00,15635,651,698,4,0
2025-05-29T11:30:00,15410,896,692,2,0
2025-05-29T12:30:00,15407,926,698,3,0
2025-05-29T13:30:00,15072,1079,693,3,0
2025-05-29T14:30:00,14796,1225,695,5,0
2025-05-29T15:30:00,14525,1407,697,4,0
2025-05-29T16:30:00,14646,1284,698,1,0
2025-05-29T17:30:00,15328,1308,700,1,0
2025-05-29T18:30:00,15569,1168,700,1,0
2025-05-29T19:30:00,15475,1181,704,0,0
2025-05-29T20:30:00,15305,1264,704,0,0
2025-05-29T21:30:00,14594,1629,703,0,0
2025-05-29T22:30:00,13390,1848,709,0,0
2025-05-29T23:30:00,11932,2068,708,0,0
2025-05-30T00:30:00,11753,2138,706,0,0
2025-05-30T01:30:00,12054,1948,706,0,0
2025-05-30T02:30:00,12405,1698,706,0,0
2025-05-30T03:30:00,12447,1485,704,0,0
2025-05-30T04:30:00,12130,1452,704,0,0
2025-05-30T05:30:00,12435,1402,707,0,0
2025-05-30T06:30:00,13120,1085,705,0,0
2025-05-30T07:30:00,14725,803,705,1,0
2025-05-30T08:30:00,15507,596,700,1,0
2025-05-30T09:30:00,15568,484,699,3,0
2025-05-30T10:30:00,15560,437,701,3,0
2025-05-30T11:30:00,15683,481,699,3,0
2025-05-30T12:30:00,15723,448,697,4,0
2025-05-30T13:30:00,15511,495,699,6,0
2025-05-30T14:30:00,15210,528,698,4,0
2025-05-30T15:30:00,15132,614,697,6,0
2025-05-30T16:30:00,15240,566,701,3,0
2025-05-30T17:30:00,15642,702,700,5,0
2025-05-30T18:30:00,15819,602,703,2,0
2025-05-30T19:30:00,14766,777,705,0,0
2025-05-30T20:30:00,15410,511,706,0,0
2025-05-30T21:30:00,14892,487,707,0,0
2025-05-30T22:30:00,13923,420,712,0,0
2025-05-30T23:30:00,12687,379,713,0,0
2025-05-31T00:30:00,13254,358,707,0,0
2025-05-31T01:30:00,13373,297,709,0,0
2025-05-31T02:30:00,12963,246,708,0,0
2025-05-31T03:30:00,12963,192,709,0,0
2025-05-31T04:30:00,12804,204,709,0,0
2025-05-31T05:30:00,13554,162,708,0,0
2025-05-31T06:30:00,13681,151,709,0,0
2025-05-31T07:30:00,13942,160,708,1,0
2025-05-31T08:30:00,14397,167,708,2,0
2025-05-31T09:30:00,14785,276,705,1,0
2025-05-31T10:30:00,15000,448,705,1,0
2025-05-31T11:30:00,15415,620,703,1,0
2025-05-31T12:30:00,15146,914,687,1,0
2025-05-31T13:30:00,15421,1060,686,1,0
2025-05-31T14:30:00,14428,1582,689,1,0
2025-05-31T15:30:00,15034,1717,687,0,0
2025-05-31T16:30:00,15315,1748,687,0,0
2025-05-31T17:30:00,14926,1940,685,1,0
2025-05-31T18:30:00,14598,2050,691,0,0
2025-05-31T19:30:00,14229,2171,692,0,0
2025-05-31T20:30:00,13844,2088,691,0,0
2025-05-31T21:30:00,13204,2004,692,0,0
2025-05-31T22:30:00,12831,1823,693,0,0
2025-05-31T23:30:00,12429,1797,692,0,0
2025-06-01T00:30:00,12411,1817,688,0,0
2025-06-01T01:30:00,12307,1835,689,0,0
2025-06-01T02:30:00,12145,1754,691,0,0
2025-06-01T03:30:00,12490,1675,689,0,0
2025-06-01T04:30:00,12628,1748,690,0,0
2025-06-01T05:30:00,12657,1910,689,0,0
2025-06-01T06:30:00,12996,1964,690,0,0
2025-06-01T07:30:00,13394,1920,690,1,0
2025-06-01T08:30:00,14130,2064,690,1,0
2025-06-01T09:30:00,14418,1986,679,1,0
2025-06-01T10:30:00,14723,1844,672,2,0
2025-06-01T11:30:00,15099,1977,675,2,0
2025-06-01T12:30:00,15065,1967,669,2,0
2025-06-01T13:30:00,14485,2177,670,2,0
2025-06-01T14:30:00,14405,2198,666,3,0
2025-06-01T15:30:00,14038,2289,668,2,0
2025-06-01T16:30:00,13939,2457,671,1,0
2025-06-01T17:30:00,14563,2444,669,1,0
2025-06-01T18:30:00,14456,2636,670,0,0
2025-06-01T19:30:00,14274,2620,672,0,0
2025-06-01T20:30:00,13828,2645,672,0,0
2025-06-01T21:30:00,14068,2579,676,0,0
2025-06-01T22:30:00,13280,2615,685,0,0
2025-06-01T23:30:00,12857,2549,687,0,0
2025-06-02T00:30:00,12930,2320,686,0,0
2025-06-02T01:30:00,12635,2242,687,0,0
2025-06-02T02:30:00,12644,2071,687,0,0
2025-06-02T03:30:00,12666,2001,687,0,0
2025-06-02T04:30:00,12532,1930,688,0,0
2025-06-02T05:30:00,13062,1942,688,0,0
2025-06-02T06:30:00,14169,1593,688,0,0
2025-06-02T07:30:00,15138,1523,688,2,0
2025-06-02T08:30:00,15473,1354,686,3,0
2025-06-02T09:30:00,15226,1218,684,6,0
2025-06-02T10:30:00,15064,1171,680,8,0
2025-06-02T11:30:00,15124,1251,681,9,0
2025-06-02T12:30:00,14772,1333,681,9,0
2025-06-02T13:30:00,14815,1210,686,6,0
2025-06-02T14:30:00,14628,1100,686,7,0
2025-06-02T15:30:00,14617,1023,690,4,0
2025-06-02T16:30:00,14997,937,689,3,0
2025-06-02T17:30:00,15565,930,688,5,0
2025-06-02T18:30:00,15937,667,691,3,0
2025-06-02T19:30:00,16138,520,689,0,0
2025-06-02T20:30:00,15990,663,692,0,0
2025-06-02T21:30:00,15169,816,688,0,0
2025-06-02T22:30:00,13729,988,693,0,0
2025-06-02T23:30:00,12577,1074,694,0,0
2025-06-03T00:30:00,11911,1060,691,0,0
2025-06-03T01:30:00,12010,1104,695,0,0
2025-06-03T02:30:00,12073,1172,696,0,0
2025-06-03T03:30:00,11967,1115,693,0,0
2025-06-03T04:30:00,12207,1091,691,0,0
2025-06-03T05:30:00,12379,1103,686,0,0
2025-06-03T06:30:00,14018,999,684,0,0
2025-06-03T07:30:00,15329,670,685,2,0
2025-06-03T08:30:00,15658,500,685,4,0
2025-06-03T09:30:00,15392,557,684,6,0
2025-06-03T10:30:00,15158,632,682,7,0
2025-06-03T11:30:00,15134,874,680,7,0
2025-06-03T12:30:00,14981,1007,680,8,0
2025-06-03T13:30:00,14872,966,718,8,0
2025-06-03T14:30:00,14702,922,715,6,0
2025-06-03T15:30:00,14931,800,724,6,0
2025-06-03T16:30:00,15099,781,723,5,0
2025-06-03T17:30:00,16133,714,728,4,0
2025-06-03T18:30:00,16316,754,726,1,0
2025-06-03T19:30:00,15985,894,725,1,0
2025-06-03T20:30:00,14997,1216,730,0,0
2025-06-03T21:30:00,14430,1551,729,0,0
2025-06-03T22:30:00,12874,1810,734,0,0
2025-06-03T23:30:00,11650,2049,732,0,0
2025-06-04T00:30:00,11066,2247,731,0,0
2025-06-04T01:30:00,11121,2367,735,0,0
2025-06-04T02:30:00,11419,2282,736,0,0
2025-06-04T03:30:00,11386,2175,734,0,0
2025-06-04T04:30:00,11371,2015,733,0,0
2025-06-04T05:30:00,11658,1771,732,0,0
2025-06-04T06:30:00,13202,1843,734,0,0
2025-06-04T07:30:00,14065,1667,733,1,0
2025-06-04T08:30:00,14739,1247,733,4,0
2025-06-04T09:30:00,14862,1079,727,5,3
2025-06-04T10:30:00,15025,1063,730,7,26
2025-06-04T11:30:00,15406,1102,728,8,0
2025-06-04T12:30:00,15177,1272,723,8,0
2025-06-04T13:30:00,15322,1471,727,8,0
2025-06-04T14:30:00,15086,1686,728,7,0
2025-06-04T15:30:00,15331,1865,725,6,0
2025-06-04T16:30:00,15624,2031,726,4,0
2025-06-04T17:30:00,16655,2144,724,4,0
2025-06-04T18:30:00,17665,2098,728,2,0
2025-06-04T19:30:00,17992,2091,730,0,0
2025-06-04T20:30:00,17063,2332,734,0,0
2025-06-04T21:30:00,15252,2579,733,0,0
2025-06-04T22:30:00,13500,2758,735,0,0
2025-06-04T23:30:00,12877,2600,736,0,0
2025-06-05T00:30:00,12248,2501,730,0,0
2025-06-05T01:30:00,12075,2259,733,0,0
2025-06-05T02:30:00,12151,1922,732,0,0
2025-06-05T03:30:00,12420,1551,731,0,0
2025-06-05T04:30:00,12138,1200,732,0,0
2025-06-05T05:30:00,12161,1052,732,0,0
2025-06-05T06:30:00,13376,659,729,0,0
2025-06-05T07:30:00,15099,484,731,1,0
2025-06-05T08:30:00,15969,319,724,3,0
2025-06-05T09:30:00,16324,388,725,2,0
2025-06-05T10:30:00,16831,359,726,5,0
2025-06-05T11:30:00,16647,399,725,4,0
2025-06-05T12:30:00,16550,546,726,8,0
2025-06-05T13:30:00,16893,549,724,4,0
2025-06-05T14:30:00,16778,506,722,1,0
2025-06-05T15:30:00,17116,568,721,4,0
2025-06-05T16:30:00,17733,530,723,4,0
2025-06-05T17:30:00,19088,484,724,3,0
2025-06-05T18:30:00,19234,390,728,1,0
2025-06-05T19:30:00,18193,413,728,1,0
2025-06-05T20:30:00,17034,532,732,0,0
2025-06-05T21:30:00,16710,565,734,0,0
2025-06-05T22:30:00,15483,588,733,0,0
2025-06-05T23:30:00,13842,699,733,0,0
2025-06-06T00:30:00,12880,771,733,0,0
2025-06-06T01:30:00,13182,822,734,0,0
2025-06-06T02:30:00,13134,905,732,0,0
2025-06-06T03:30:00,13071,1061,732,0,0
2025-06-06T04:30:00,13004,1090,732,0,0
2025-06-06T05:30:00,12784,993,732,0,0
2025-06-06T06:30:00,13766,727,731,0,0
2025-06-06T07:30:00,14732,469,729,1,0
2025-06-06T08:30:00,16565,360,724,2,0
2025-06-06T09:30:00,15688,295,727,5,0
2025-06-06T10:30:00,16000,248,725,5,0
2025-06-06T11:30:00,16134,193,726,5,0
2025-06-06T12:30:00,16503,126,706,5,0
2025-06-06T13:30:00,16749,111,708,6,0
2025-06-06T14:30:00,16350,72,705,4,0
2025-06-06T15:30:00,16248,33,706,3,0
2025-06-06T16:30:00,16302,30,706,1,0
2025-06-06T17:30:00,17808,48,703,3,0
2025-06-06T18:30:00,17236,47,701,2,0
2025-06-06T19:30:00,16175,125,702,1,0
2025-06-06T20:30:00,15658,187,704,0,0
2025-06-06T21:30:00,14858,299,706,0,0
2025-06-06T22:30:00,14378,385,712,0,0
2025-06-06T23:30:00,12994,605,710,0,0
2025-06-07T00:30:00,12622,743,710,0,0
2025-06-07T01:30:00,11966,666,711,0,0
2025-06-07T02:30:00,11867,600,711,0,0
2025-06-07T03:30:00,11986,626,712,0,0
2025-06-07T04:30:00,11756,744,714,0,0
2025-06-07T05:30:00,12556,748,712,0,0
2025-06-07T06:30:00,12752,566,711,0,0
2025-06-07T07:30:00,13581,358,711,1,0
2025-06-07T08:30:00,14428,354,710,2,0
2025-06-07T09:30:00,15084,326,709,2,0
2025-06-07T10:30:00,15509,150,707,4,0
2025-06-07T11:30:00,15342,106,704,3,0
2025-06-07T12:30:00,15637,172,700,5,0
2025-06-07T13:30:00,15702,209,700,9,0
2025-06-07T14:30:00,15359,288,703,8,0
2025-06-07T15:30:00,15459,535,702,7,0
2025-06-07T16:30:00,15135,619,703,6,0
2025-06-07T17:30:00,15268,637,701,3,0
2025-06-07T18:30:00,15688,644,704,1,0
2025-06-07T19:30:00,15305,661,707,1,0
2025-06-07T20:30:00,14886,764,707,0,0
2025-06-07T21:30:00,13746,907,709,0,0
2025-06-07T22:30:00,12796,1041,710,0,0
2025-06-07T23:30:00,12143,961,710,0,0
2025-06-08T00:30:00,11918,920,709,0,0
2025-06-08T01:30:00,11872,800,708,0,0
2025-06-08T02:30:00,12430,731,707,0,0
2025-06-08T03:30:00,12065,682,708,0,0
2025-06-08T04:30:00,12258,687,708,0,0
2025-06-08T05:30:00,12375,538,708,0,0
2025-06-08T06:30:00,12472,444,700,0,0
2025-06-08T07:30:00,13052,396,702,1,0
2025-06-08T08:30:00,13832,472,701,4,0
2025-06-08T09:30:00,14043,576,703,6,0
2025-06-08T10:30:00,14011,681,700,7,0
2025-06-08T11:30:00,14339,596,703,8,0
2025-06-08T12:30:00,14854,573,704,7,0
2025-06-08T13:30:00,14715,480,707,8,0
2025-06-08T14:30:00,14549,428,703,8,0
2025-06-08T15:30:00,14980,361,706,7,0
2025-06-08T16:30:00,15152,266,705,5,0
2025-06-08T17:30:00,16200,219,704,4,0
2025-06-08T18:30:00,16437,179,705,1,0
2025-06-08T19:30:00,16149,140,707,1,0
2025-06-08T20:30:00,15693,212,709,0,0
2025-06-08T21:30:00,15164,430,711,0,0
2025-06-08T22:30:00,13991,570,716,0,0
2025-06-08T23:30:00,12736,725,715,0,0
2025-06-09T00:30:00,11845,757,712,0,0
2025-06-09T01:30:00,11853,837,712,0,0
2025-06-09T02:30:00,11884,887,709,0,0
2025-06-09T03:30:00,12101,999,708,0,0
2025-06-09T04:30:00,12086,1015,711,0,0
2025-06-09T05:30:00,11793,1062,710,0,0
2025-06-09T06:30:00,13316,1047,709,0,0
2025-06-09T07:30:00,14671,909,710,2,0
2025-06-09T08:30:00,15839,733,705,3,0
2025-06-09T09:30:00,15894,841,706,3,0
2025-06-09T10:30:00,15804,809,707,2,0
2025-06-09T11:30:00,15678,754,705,3,0
2025-06-09T12:30:00,15477,759,696,2,0
2025-06-09T13:30:00,15092,916,690,3,0
2025-06-09T14:30:00,14851,1023,690,2,0
2025-06-09T15:30:00,15058,1196,695,1,0
2025-06-09T16:30:00,15657,1443,697,1,0
2025-06-09T17:30:00,16326,1692,694,1,0
2025-06-09T18:30:00,15976,1903,693,0,0
2025-06-09T19:30:00,15618,1854,693,0,0
2025-06-09T20:30:00,15223,1930,703,0,0
2025-06-09T21:30:00,14602,2104,705,0,0
2025-06-09T22:30:00,13671,2073,708,0,0
2025-06-09T23:30:00,12881,2006,707,0,0
2025-06-10T00:30:00,12147,2072,680,0,0
2025-06-10T01:30:00,11931,1942,679,0,0
2025-06-10T02:30:00,12088,1876,680,0,0
2025-06-10T03:30:00,12343,1759,680,0,0
2025-06-10T04:30:00,12009,1721,678,0,0
2025-06-10T05:30:00,12254,1667,677,0,0
2025-06-10T06:30:00,13827,1649,672,0,0
2025-06-10T07:30:00,14883,1823,671,0,0
2025-06-10T08:30:00,15548,1665,671,0,0
2025-06-10T09:30:00,15619,1501,669,2,0
2025-06-10T10:30:00,15932,1370,661,0,0
2025-06-10T11:30:00,16126,1448,666,7,0
2025-06-10T12:30:00,15981,1429,667,9,0
2025-06-10T13:30:00,16195,1313,644,9,1
2025-06-10T14:30:00,15641,1184,646,8,0
2025-06-10T15:30:00,15012,1220,650,5,0
2025-06-10T16:30:00,15291,1251,649,3,0
2025-06-10T17:30:00,15593,1316,647,4,0
2025-06-10T18:30:00,15754,1346,645,3,0
2025-06-10T19:30:00,15584,1363,646,0,0
2025-06-10T20:30:00,15612,1316,650,0,0
2025-06-10T21:30:00,15216,1356,653,0,0
2025-06-10T22:30:00,14096,1321,655,0,0
2025-06-10T23:30:00,12829,1508,655,0,0
2025-06-11T00:30:00,11947,1617,656,0,0
2025-06-11T01:30:00,12248,1465,655,0,0
2025-06-11T02:30:00,11913,1585,657,0,0
2025-06-11T03:30:00,12080,1493,655,0,0
2025-06-11T04:30:00,12174,1591,656,0,0
2025-06-11T05:30:00,11923,1626,658,0,0
2025-06-11T06:30:00,13281,1534,658,0,0
2025-06-11T07:30:00,14357,1560,658,1,0
2025-06-11T08:30:00,14582,1681,658,4,0
2025-06-11T09:30:00,14469,1707,655,4,0
2025-06-11T10:30:00,14149,1896,654,7,0
2025-06-11T11:30:00,14066,2069,650,8,0
2025-06-11T12:30:00,14105,2245,618,8,0
2025-06-11T13:30:00,14445,2395,620,8,0
2025-06-11T14:30:00,14459,2380,617,8,0
2025-06-11T15:30:00,14110,2506,617,7,0
2025-06-11T16:30:00,13646,2626,619,5,0
2025-06-11T17:30:00,14585,2777,618,4,0
2025-06-11T18:30:00,14550,2709,620,3,0
2025-06-11T19:30:00,14769,2575,622,0,0
2025-06-11T20:30:00,14265,2398,626,0,0
2025-06-11T21:30:00,14708,2528,633,0,0
2025-06-11T22:30:00,12570,2728,636,0,0
2025-06-11T23:30:00,12231,2315,635,0,0
2025-06-12T00:30:00,11597,2181,636,0,0
2025-06-12T01:30:00,11392,2050,636,0,0
2025-06-12T02:30:00,11072,1938,636,0,0
2025-06-12T03:30:00,11094,1996,636,0,0
2025-06-12T04:30:00,11512,1772,634,0,0
2025-06-12T05:30:00,11280,1817,634,0,0
2025-06-12T06:30:00,12556,1842,633,0,0
2025-06-12T07:30:00,13928,1856,631,1,0
2025-06-12T08:30:00,14325,1785,630,4,0
2025-06-12T09:30:00,14334,2031,628,5,0
2025-06-12T10:30:00,14234,2082,624,7,0
2025-06-12T11:30:00,13810,2446,623,2,0
2025-06-12T12:30:00,13721,2681,628,4,0
2025-06-12T13:30:00,14078,2715,628,5,0
2025-06-12T14:30:00,14034,2758,630,5,0
2025-06-12T15:30:00,14332,2742,630,6,0
2025-06-12T16:30:00,14170,2785,628,6,0
2025-06-12T17:30:00,14668,2771,626,4,0
2025-06-12T18:30:00,14554,2740,627,2,0
2025-06-12T19:30:00,14514,2752,627,1,0
2025-06-12T20:30:00,14368,2804,630,0,0
2025-06-12T21:30:00,13170,2721,628,0,0
2025-06-12T22:30:00,12741,2831,628,0,0
2025-06-12T23:30:00,11907,2761,628,0,0
2025-06-13T00:30:00,11359,2639,629,0,0
2025-06-13T01:30:00,11447,2220,630,0,0
2025-06-13T02:30:00,11603,2011,631,0,0
2025-06-13T03:30:00,11481,1836,632,0,0
2025-06-13T04:30:00,11466,1802,629,0,0
2025-06-13T05:30:00,11796,1678,629,0,0
2025-06-13T06:30:00,13433,1475,627,0,0
2025-06-13T07:30:00,15222,1261,627,2,0
2025-06-13T08:30:00,15311,1145,626,4,0
2025-06-13T09:30:00,15721,973,626,6,0
2025-06-13T10:30:00,15518,951,621,6,0
2025-06-13T11:30:00,15451,1050,616,4,0
2025-06-13T12:30:00,15294,1135,643,9,0
2025-06-13T13:30:00,15099,1106,643,9,0
2025-06-13T14:30:00,15009,1002,644,9,0
2025-06-13T15:30:00,15040,744,643,7,0
2025-06-13T16:30:00,14945,618,643,6,0
2025-06-13T17:30:00,15563,535,644,4,0
2025-06-13T18:30:00,15786,408,645,3,0
2025-06-13T19:30:00,15451,311,645,0,0
2025-06-13T20:30:00,15138,430,649,0,0
2025-06-13T21:30:00,15070,494,646,0,0
2025-06-13T22:30:00,14378,471,646,0,0
2025-06-13T23:30:00,13452,444,647,0,0
2025-06-14T00:30:00,13070,409,647,0,0
2025-06-14T01:30:00,13029,343,646,0,0
2025-06-14T02:30:00,13284,273,643,0,0
2025-06-14T03:30:00,13507,189,644,0,0
2025-06-14T04:30:00,12547,179,644,0,0
2025-06-14T05:30:00,12711,144,645,0,0
2025-06-14T06:30:00,13487,95,645,0,0
2025-06-14T07:30:00,14848,31,646,2,0
2025-06-14T08:30:00,15412,37,647,4,0
2025-06-14T09:30:00,15412,61,640,1,0
2025-06-14T10:30:00,15606,76,643,1,0
2025-06-14T11:30:00,15620,101,641,1,0
2025-06-14T12:30:00,15523,123,655,1,0
2025-06-14T13:30:00,15265,114,649,9,0
2025-06-14T14:30:00,14879,98,653,8,0
2025-06-14T15:30:00,14886,72,652,7,0
2025-06-14T16:30:00,14811,64,654,6,0
2025-06-14T17:30:00,15434,51,649,5,0
2025-06-14T18:30:00,15233,33,653,3,0
2025-06-14T19:30:00,15158,41,659,0,0
2025-06-14T20:30:00,14936,81,655,0,0
2025-06-14T21:30:00,14785,80,656,0,0
2025-06-14T22:30:00,14224,91,657,0,0
2025-06-14T23:30:00,13451,155,659,0,0
2025-06-15T00:30:00,13132,228,659,0,0
2025-06-15T01:30:00,13319,261,662,0,0
2025-06-15T02:30:00,13176,327,659,0,0
2025-06-15T03:30:00,13180,358,659,0,0
2025-06-15T04:30:00,13301,470,658,0,0
2025-06-15T05:30:00,13429,571,659,0,0
2025-06-15T06:30:00,14116,536,659,0,0
2025-06-15T07:30:00,14768,415,658,2,0
2025-06-15T08:30:00,15251,298,657,4,0
2025-06-15T09:30:00,15836,315,657,5,0
2025-06-15T10:30:00,16324,333,654,7,0
2025-06-15T11:30:00,16159,440,655,8,0
2025-06-15T12:30:00,15923,554,658,9,0
2025-06-15T13:30:00,15640,631,657,9,0
2025-06-15T14:30:00,15489,640,654,8,0
2025-06-15T15:30:00,15464,635,655,7,0
2025-06-15T16:30:00,16067,588,654,6,0
2025-06-15T17:30:00,16495,556,655,4,0
2025-06-15T18:30:00,16593,421,659,3,0
2025-06-15T19:30:00,16604,299,660,0,0
2025-06-15T20:30:00,15772,389,658,0,0
2025-06-15T21:30:00,15041,493,660,0,0
2025-06-15T22:30:00,13826,701,661,0,0
2025-06-15T23:30:00,13158,737,664,0,0
2025-06-16T00:30:00,12800,745,662,0,0
2025-06-16T01:30:00,12556,766,664,0,0
2025-06-16T02:30:00,12836,715,661,0,0
2025-06-16T03:30:00,12790,728,664,0,0
2025-06-16T04:30:00,12799,732,664,0,0
2025-06-16T05:30:00,12902,719,666,0,0
2025-06-16T06:30:00,13911,563,662,0,0
2025-06-16T07:30:00,15595,352,662,2,0
2025-06-16T08:30:00,16349,283,663,4,0
2025-06-16T09:30:00,16558,377,658,6,0
2025-06-16T10:30:00,16409,675,653,7,0
2025-06-16T11:30:00,16481,781,653,8,0
2025-06-16T12:30:00,16325,868,655,8,0
2025-06-16T13:30:00,16527,878,641,8,81
2025-06-16T14:30:00,16367,937,642,6,0
2025-06-16T15:30:00,16372,1031,645,3,0
2025-06-16T16:30:00,16659,1060,643,4,0
2025-06-16T17:30:00,17275,1171,642,4,0
2025-06-16T18:30:00,17513,1094,642,1,0
2025-06-16T19:30:00,17527,966,643,1,0
2025-06-16T20:30:00,16585,1100,647,0,0
2025-06-16T21:30:00,15790,1469,649,0,0
2025-06-16T22:30:00,13736,1676,650,0,0
2025-06-16T23:30:00,12875,1832,651,0,0
2025-06-17T00:30:00,12687,1946,650,0,0
2025-06-17T01:30:00,12932,1877,651,0,0
2025-06-17T02:30:00,12681,1720,651,0,0
2025-06-17T03:30:00,12637,1558,649,0,0
2025-06-17T04:30:00,12791,1535,650,0,0
2025-06-17T05:30:00,13178,1241,649,0,0
2025-06-17T06:30:00,13450,1125,647,0,0
2025-06-17T07:30:00,15164,900,652,1,0
2025-06-17T08:30:00,16009,576,650,4,0
2025-06-17T09:30:00,16198,359,645,6,0
2025-06-17T10:30:00,16559,233,645,5,0
2025-06-17T11:30:00,16985,252,645,8,0
2025-06-17T12:30:00,17023,347,642,8,0
2025-06-17T13:30:00,16980,513,628,8,0
2025-06-17T14:30:00,16783,694,628,4,0
2025-06-17T15:30:00,16806,783,626,4,0
2025-06-17T16:30:00,16620,1064,623,6,0
2025-06-17T17:30:00,16912,1260,628,4,0
2025-06-17T18:30:00,16622,1518,626,2,0
2025-06-17T19:30:00,16181,1661,625,0,0
2025-06-17T20:30:00,15151,1953,626,0,0
2025-06-17T21:30:00,14791,2172,628,0,0
2025-06-17T22:30:00,13284,2382,629,0,0
2025-06-17T23:30:00,11938,2450,633,0,0
2025-06-18T00:30:00,11709,2414,631,0,0
2025-06-18T01:30:00,11629,2475,627,0,0
2025-06-18T02:30:00,11188,2465,627,0,0
2025-06-18T03:30:00,11365,2426,628,0,0
2025-06-18T04:30:00,11269,2449,626,0,0
2025-06-18T05:30:00,11486,2292,626,0,0
2025-06-18T06:30:00,12458,2256,627,0,0
2025-06-18T07:30:00,14402,2133,627,0,0
2025-06-18T08:30:00,15114,1907,628,0,0
2025-06-18T09:30:00,15940,1826,625,5,0
2025-06-18T10:30:00,16417,1901,620,4,0
2025-06-18T11:30:00,16445,1823,623,1,0
2025-06-18T12:30:00,16733,1785,620,3,0
2025-06-18T13:30:00,17251,1684,620,2,0
2025-06-18T14:30:00,17608,1379,621,3,0
2025-06-18T15:30:00,17867,1234,621,3,0
2025-06-18T16:30:00,18321,978,620,6,0
2025-06-18T17:30:00,19943,911,618,4,0
2025-06-18T18:30:00,20574,833,620,3,0
2025-06-18T19:30:00,19960,697,622,0,0
2025-06-18T20:30:00,18624,694,621,0,0
2025-06-18T21:30:00,17877,624,623,0,0
2025-06-18T22:30:00,16337,576,624,0,0
2025-06-18T23:30:00,14877,403,625,0,0
2025-06-19T00:30:00,13879,233,619,0,0
2025-06-19T01:30:00,13605,144,618,0,0
2025-06-19T02:30:00,13252,68,620,0,0
2025-06-19T03:30:00,13068,69,621,0,0
2025-06-19T04:30:00,13054,97,623,0,0
2025-06-19T05:30:00,13327,141,622,0,0
2025-06-19T06:30:00,14724,169,621,0,0
2025-06-19T07:30:00,16341,191,620,0,0
2025-06-19T08:30:00,16727,139,620,1,0
2025-06-19T09:30:00,16908,79,622,1,0
2025-06-19T10:30:00,17340,85,620,2,0
2025-06-19T11:30:00,17730,133,622,3,0
2025-06-19T12:30:00,17604,154,620,2,0
2025-06-19T13:30:00,18331,197,616,4,0
2025-06-19T14:30:00,18752,340,617,2,0
2025-06-19T15:30:00,19980,463,619,8,0
2025-06-19T16:30:00,20392,515,615,6,0
2025-06-19T17:30:00,21762,575,616,2,0
2025-06-19T18:30:00,21456,877,618,0,0
2025-06-19T19:30:00,20839,739,620,0,0
2025-06-19T20:30:00,19658,815,619,0,0
2025-06-19T21:30:00,17506,1041,621,0,0
2025-06-19T22:30:00,15798,923,623,0,0
2025-06-19T23:30:00,13898,998,622,0,0
2025-06-20T00:30:00,13390,847,622,0,0
2025-06-20T01:30:00,12602,794,621,0,0
2025-06-20T02:30:00,12364,686,619,0,0
2025-06-20T03:30:00,12103,654,618,0,0
2025-06-20T04:30:00,12028,639,618,0,0
2025-06-20T05:30:00,12558,424,616,0,0
2025-06-20T06:30:00,14128,362,616,0,0
2025-06-20T07:30:00,14954,477,614,0,0
2025-06-20T08:30:00,15669,424,614,1,0
2025-06-20T09:30:00,15480,648,610,1,0
2025-06-20T10:30:00,15281,938,603,3,0
2025-06-20T11:30:00,15543,954,604,4,0
2025-06-20T12:30:00,14981,1248,612,3,0
2025-06-20T13:30:00,14163,1742,610,4,0
2025-06-20T14:30:00,13845,1876,617,4,0
2025-06-20T15:30:00,13333,2199,614,3,0
2025-06-20T16:30:00,13357,2353,608,4,0
2025-06-20T17:30:00,13167,2580,612,3,0
2025-06-20T18:30:00,13454,2562,613,1,0
2025-06-20T19:30:00,13355,2543,613,0,0
2025-06-20T20:30:00,13093,2370,612,0,0
2025-06-20T21:30:00,13103,2323,614,0,0
2025-06-20T22:30:00,12691,2328,614,0,0
2025-06-20T23:30:00,11977,2275,615,0,0