,time,temperature_2m,wind_speed_10m,location
5,2024-06-21 00:00:00+00:00,16.1,11.8,Baie-des-Sables wind farm
6,2024-06-21 01:00:00+00:00,16.5,14.3,Baie-des-Sables wind farm
7,2024-06-21 02:00:00+00:00,16.4,16.5,Baie-des-Sables wind farm
8,2024-06-21 03:00:00+00:00,15.4,15.7,Baie-des-Sables wind farm
9,2024-06-21 04:00:00+00:00,14.9,14.1,Baie-des-Sables wind farm
10,2024-06-21 05:00:00+00:00,15.5,14.7,Baie-des-Sables wind farm
11,2024-06-21 06:00:00+00:00,16.7,14.0,Baie-des-Sables wind farm
12,2024-06-21 07:00:00+00:00,17.7,16.9,Baie-des-Sables wind farm
13,2024-06-21 08:00:00+00:00,18.1,17.4,Baie-des-Sables wind farm
14,2024-06-21 09:00:00+00:00,18.4,15.7,Baie-des-Sables wind farm
15,2024-06-21 10:00:00+00:00,19.2,15.1,Baie-des-Sables wind farm
16,2024-06-21 11:00:00+00:00,20.4,16.2,Baie-des-Sables wind farm
17,2024-06-21 12:00:00+00:00,21.3,16.2,Baie-des-Sables wind farm
18,2024-06-21 13:00:00+00:00,22.0,16.7,Baie-des-Sables wind farm
19,2024-06-21 14:00:00+00:00,22.6,15.5,Baie-des-Sables wind farm
20,2024-06-21 15:00:00+00:00,22.7,15.5,Baie-des-Sables wind farm
21,2024-06-21 16:00:00+00:00,22.4,16.7,Baie-des-Sables wind farm
22,2024-06-21 17:00:00+00:00,21.4,12.3,Baie-des-Sables wind farm
23,2024-06-21 18:00:00+00:00,20.2,11.5,Baie-des-Sables wind farm
24,2024-06-21 19:00:00+00:00,19.1,11.0,Baie-des-Sables wind farm
25,2024-06-21 20:00:00+00:00,18.3,12.3,Baie-des-Sables wind farm
26,2024-06-21 21:00:00+00:00,17.7,12.5,Baie-des-Sables wind farm
27,2024-06-21 22:00:00+00:00,17.6,13.2,Baie-des-Sables wind farm
28,2024-06-21 23:00:00+00:00,17.2,14.0,Baie-des-Sables wind farm
29,2024-06-22 00:00:00+00:00,16.5,15.1,Baie-des-Sables wind farm
30,2024-06-22 01:00:00+00:00,16.5,15.1,Baie-des-Sables wind farm
31,2024-06-22 02:00:00+00:00,16.3,15.1,Baie-des-Sables wind farm
32,2024-06-22 03:00:00+00:00,15.1,9.4,Baie-des-Sables wind farm
33,2024-06-22 04:00:00+00:00,14.8,12.6,Baie-des-Sables wind farm
34,2024-06-22 05:00:00+00:00,16.2,13.3,Baie-des-Sables wind farm
35,2024-06-22 06:00:00+00:00,18.0,11.6,Baie-des-Sables wind farm
36,2024-06-22 07:00:00+00:00,18.9,13.3,Baie-des-Sables wind farm
37,2024-06-22 08:00:00+00:00,19.4,11.4,Baie-des-Sables wind farm
38,2024-06-22 09:00:00+00:00,20.4,10.4,Baie-des-Sables wind farm
39,2024-06-22 10:00:00+00:00,21.4,7.2,Baie-des-Sables wind farm
40,2024-06-22 11:00:00+00:00,23.1,5.4,Baie-des-Sables wind farm
41,2024-06-22 12:00:00+00:00,23.6,7.3,Baie-des-Sables wind farm
42,2024-06-22 13:00:00+00:00,24.0,6.5,Baie-des-Sables wind farm
43,2024-06-22 14:00:00+00:00,24.2,8.7,Baie-des-Sables wind farm
44,2024-06-22 15:00:00+00:00,24.4,9.2,Baie-des-Sables wind farm
45,2024-06-22 16:00:00+00:00,23.6,10.0,Baie-des-Sables wind farm
46,2024-06-22 17:00:00+00:00,22.7,9.1,Baie-des-Sables wind farm
47,2024-06-22 18:00:00+00:00,21.8,5.8,Baie-des-Sables wind farm
48,2024-06-22 19:00:00+00:00,20.3,4.1,Baie-des-Sables wind farm
49,2024-06-22 20:00:00+00:00,19.2,6.5,Baie-des-Sables wind farm
50,2024-06-22 21:00:00+00:00,17.8,8.4,Baie-des-Sables wind farm
51,2024-06-22 22:00:00+00:00,17.9,11.2,Baie-des-Sables wind farm
52,2024-06-22 23:00:00+00:00,18.4,12.1,Baie-des-Sables wind farm
53,2024-06-23 00:00:00+00:00,18.7,12.9,Baie-des-Sables wind farm
54,2024-06-23 01:00:00+00:00,18.4,11.2,Baie-des-Sables wind farm
55,2024-06-23 02:00:00+00:00,17.7,11.0,Baie-des-Sables wind farm
56,2024-06-23 03:00:00+00:00,17.0,11.2,Baie-des-Sables wind farm
57,2024-06-23 04:00:00+00:00,17.0,10.8,Baie-des-Sables wind farm
58,2024-06-23 05:00:00+00:00,17.8,9.2,Baie-des-Sables wind farm
59,2024-06-23 06:00:00+00:00,19.8,8.3,Baie-des-Sables wind farm
60,2024-06-23 07:00:00+00:00,21.9,5.4,Baie-des-Sables wind farm
61,2024-06-23 08:00:00+00:00,22.1,5.1,Baie-des-Sables wind farm
62,2024-06-23 09:00:00+00:00,22.9,3.4,Baie-des-Sables wind farm
63,2024-06-23 10:00:00+00:00,23.0,3.1,Baie-des-Sables wind farm
64,2024-06-23 11:00:00+00:00,23.5,3.0,Baie-des-Sables wind farm
65,2024-06-23 12:00:00+00:00,22.3,4.4,Baie-des-Sables wind farm
66,2024-06-23 13:00:00+00:00,20.9,6.9,Baie-des-Sables wind farm
67,2024-06-23 14:00:00+00:00,19.5,9.1,Baie-des-Sables wind farm
68,2024-06-23 15:00:00+00:00,17.1,6.5,Baie-des-Sables wind farm
69,2024-06-23 16:00:00+00:00,16.4,8.2,Baie-des-Sables wind farm
70,2024-06-23 17:00:00+00:00,15.7,9.0,Baie-des-Sables wind farm
71,2024-06-23 18:00:00+00:00,14.8,12.3,Baie-des-Sables wind farm
72,2024-06-23 19:00:00+00:00,14.3,10.2,Baie-des-Sables wind farm
73,2024-06-23 20:00:00+00:00,14.0,6.7,Baie-des-Sables wind farm
74,2024-06-23 21:00:00+00:00,13.8,8.8,Baie-des-Sables wind farm
75,2024-06-23 22:00:00+00:00,13.4,8.1,Baie-des-Sables wind farm
76,2024-06-23 23:00:00+00:00,13.7,8.3,Baie-des-Sables wind farm
77,2024-06-24 00:00:00+00:00,13.8,6.7,Baie-des-Sables wind farm
78,2024-06-24 01:00:00+00:00,13.8,7.3,Baie-des-Sables wind farm
79,2024-06-24 02:00:00+00:00,13.8,5.4,Baie-des-Sables wind farm
80,2024-06-24 03:00:00+00:00,13.4,7.7,Baie-des-Sables wind farm
81,2024-06-24 04:00:00+00:00,12.7,6.0,Baie-des-Sables wind farm
82,2024-06-24 05:00:00+00:00,13.6,4.7,Baie-des-Sables wind farm
83,2024-06-24 06:00:00+00:00,15.0,1.8,Baie-des-Sables wind farm
84,2024-06-24 07:00:00+00:00,15.4,2.2,Baie-des-Sables wind farm
85,2024-06-24 08:00:00+00:00,18.1,4.3,Baie-des-Sables wind farm
86,2024-06-24 09:00:00+00:00,19.3,5.5,Baie-des-Sables wind farm
87,2024-06-24 10:00:00+00:00,20.9,6.8,Baie-des-Sables wind farm
88,2024-06-24 11:00:00+00:00,21.8,6.2,Baie-des-Sables wind farm
89,2024-06-24 12:00:00+00:00,22.6,4.9,Baie-des-Sables wind farm
90,2024-06-24 13:00:00+00:00,23.2,6.7,Baie-des-Sables wind farm
91,2024-06-24 14:00:00+00:00,24.3,4.3,Baie-des-Sables wind farm
92,2024-06-24 15:00:00+00:00,25.0,1.8,Baie-des-Sables wind farm
93,2024-06-24 16:00:00+00:00,24.8,2.5,Baie-des-Sables wind farm
94,2024-06-24 17:00:00+00:00,24.2,2.3,Baie-des-Sables wind farm
95,2024-06-24 18:00:00+00:00,20.4,5.2,Baie-des-Sables wind farm
96,2024-06-24 19:00:00+00:00,18.8,5.8,Baie-des-Sables wind farm
97,2024-06-24 20:00:00+00:00,18.0,12.6,Baie-des-Sables wind farm
98,2024-06-24 21:00:00+00:00,18.2,12.4,Baie-des-Sables wind farm
99,2024-06-24 22:00:00+00:00,18.1,11.6,Baie-des-Sables wind farm
100,2024-06-24 23:00:00+00:00,17.9,11.7,Baie-des-Sables wind farm
101,2024-06-25 00:00:00+00:00,17.5,10.8,Baie-des-Sables wind farm
102,2024-06-25 01:00:00+00:00,16.0,9.4,Baie-des-Sables wind farm
103,2024-06-25 02:00:00+00:00,15.9,6.1,Baie-des-Sables wind farm
104,2024-06-25 03:00:00+00:00,14.7,3.4,Baie-des-Sables wind farm
105,2024-06-25 04:00:00+00:00,16.2,5.5,Baie-des-Sables wind farm
106,2024-06-25 05:00:00+00:00,16.0,8.4,Baie-des-Sables wind farm
107,2024-06-25 06:00:00+00:00,16.7,4.8,Baie-des-Sables wind farm
108,2024-06-25 07:00:00+00:00,18.3,3.6,Baie-des-Sables wind farm
109,2024-06-25 08:00:00+00:00,20.9,2.9,Baie-des-Sables wind farm
110,2024-06-25 09:00:00+00:00,22.1,5.9,Baie-des-Sables wind farm
111,2024-06-25 10:00:00+00:00,22.6,9.2,Baie-des-Sables wind farm
112,2024-06-25 11:00:00+00:00,22.8,8.9,Baie-des-Sables wind farm
113,2024-06-25 12:00:00+00:00,24.5,6.4,Baie-des-Sables wind farm
114,2024-06-25 13:00:00+00:00,26.7,4.7,Baie-des-Sables wind farm
115,2024-06-25 14:00:00+00:00,27.3,6.9,Baie-des-Sables wind farm
116,2024-06-25 15:00:00+00:00,26.7,6.6,Baie-des-Sables wind farm
117,2024-06-25 16:00:00+00:00,25.4,5.6,Baie-des-Sables wind farm
118,2024-06-25 17:00:00+00:00,24.7,4.3,Baie-des-Sables wind farm
119,2024-06-25 18:00:00+00:00,24.4,6.4,Baie-des-Sables wind farm
120,2024-06-25 19:00:00+00:00,23.0,14.5,Baie-des-Sables wind farm
121,2024-06-25 20:00:00+00:00,21.7,15.2,Baie-des-Sables wind farm
122,2024-06-25 21:00:00+00:00,21.1,16.5,Baie-des-Sables wind farm
123,2024-06-25 22:00:00+00:00,21.4,18.1,Baie-des-Sables wind farm
124,2024-06-25 23:00:00+00:00,21.1,18.3,Baie-des-Sables wind farm
125,2024-06-26 00:00:00+00:00,20.9,18.6,Baie-des-Sables wind farm
126,2024-06-26 01:00:00+00:00,20.9,19.9,Baie-des-Sables wind farm
127,2024-06-26 02:00:00+00:00,20.4,19.6,Baie-des-Sables wind farm
128,2024-06-26 03:00:00+00:00,19.7,18.4,Baie-des-Sables wind farm
129,2024-06-26 04:00:00+00:00,19.5,18.1,Baie-des-Sables wind farm
130,2024-06-26 05:00:00+00:00,19.9,18.7,Baie-des-Sables wind farm
131,2024-06-26 06:00:00+00:00,18.7,18.7,Baie-des-Sables wind farm
132,2024-06-26 07:00:00+00:00,17.8,20.9,Baie-des-Sables wind farm
133,2024-06-26 08:00:00+00:00,19.0,15.5,Baie-des-Sables wind farm
134,2024-06-26 09:00:00+00:00,18.4,14.0,Baie-des-Sables wind farm
135,2024-06-26 10:00:00+00:00,20.2,19.3,Baie-des-Sables wind farm
136,2024-06-26 11:00:00+00:00,22.2,22.0,Baie-des-Sables wind farm
137,2024-06-26 12:00:00+00:00,23.1,21.2,Baie-des-Sables wind farm
138,2024-06-26 13:00:00+00:00,23.8,21.1,Baie-des-Sables wind farm
139,2024-06-26 14:00:00+00:00,23.8,22.0,Baie-des-Sables wind farm
140,2024-06-26 15:00:00+00:00,22.8,23.1,Baie-des-Sables wind farm
141,2024-06-26 16:00:00+00:00,21.8,17.4,Baie-des-Sables wind farm
142,2024-06-26 17:00:00+00:00,21.4,14.4,Baie-des-Sables wind farm
143,2024-06-26 18:00:00+00:00,19.9,11.9,Baie-des-Sables wind farm
144,2024-06-26 19:00:00+00:00,18.2,11.0,Baie-des-Sables wind farm
145,2024-06-26 20:00:00+00:00,17.8,10.1,Baie-des-Sables wind farm
146,2024-06-26 21:00:00+00:00,17.1,9.5,Baie-des-Sables wind farm
147,2024-06-26 22:00:00+00:00,16.5,7.4,Baie-des-Sables wind farm
148,2024-06-26 23:00:00+00:00,15.9,6.6,Baie-des-Sables wind farm
149,2024-06-27 00:00:00+00:00,15.4,9.3,Baie-des-Sables wind farm
150,2024-06-27 01:00:00+00:00,15.2,7.6,Baie-des-Sables wind farm
151,2024-06-27 02:00:00+00:00,14.6,7.6,Baie-des-Sables wind farm
152,2024-06-27 03:00:00+00:00,14.1,6.9,Baie-des-Sables wind farm
153,2024-06-27 04:00:00+00:00,13.7,7.9,Baie-des-Sables wind farm
154,2024-06-27 05:00:00+00:00,13.4,9.4,Baie-des-Sables wind farm
155,2024-06-27 06:00:00+00:00,13.1,11.2,Baie-des-Sables wind farm
156,2024-06-27 07:00:00+00:00,13.1,10.7,Baie-des-Sables wind farm
157,2024-06-27 08:00:00+00:00,13.1,12.6,Baie-des-Sables wind farm
158,2024-06-27 09:00:00+00:00,12.7,12.7,Baie-des-Sables wind farm
159,2024-06-27 10:00:00+00:00,12.5,10.9,Baie-des-Sables wind farm
160,2024-06-27 11:00:00+00:00,13.5,10.4,Baie-des-Sables wind farm
161,2024-06-27 12:00:00+00:00,14.7,7.6,Baie-des-Sables wind farm
162,2024-06-27 13:00:00+00:00,16.2,4.5,Baie-des-Sables wind farm
163,2024-06-27 14:00:00+00:00,15.9,4.0,Baie-des-Sables wind farm
164,2024-06-27 15:00:00+00:00,16.7,3.6,Baie-des-Sables wind farm
165,2024-06-27 16:00:00+00:00,16.0,4.8,Baie-des-Sables wind farm
166,2024-06-27 17:00:00+00:00,15.6,5.2,Baie-des-Sables wind farm
167,2024-06-27 18:00:00+00:00,15.2,5.1,Baie-des-Sables wind farm
168,2024-06-27 19:00:00+00:00,14.0,5.8,Baie-des-Sables wind farm
169,2024-06-27 20:00:00+00:00,12.1,4.5,Baie-des-Sables wind farm
170,2024-06-27 21:00:00+00:00,12.2,2.2,Baie-des-Sables wind farm
171,2024-06-27 22:00:00+00:00,12.0,6.1,Baie-des-Sables wind farm
172,2024-06-27 23:00:00+00:00,11.5,7.6,Baie-des-Sables wind farm
173,2024-06-28 00:00:00+00:00,11.4,8.8,Baie-des-Sables wind farm
174,2024-06-28 01:00:00+00:00,11.6,11.2,Baie-des-Sables wind farm
175,2024-06-28 02:00:00+00:00,11.4,10.7,Baie-des-Sables wind farm
176,2024-06-28 03:00:00+00:00,10.8,13.0,Baie-des-Sables wind farm
177,2024-06-28 04:00:00+00:00,10.4,13.3,Baie-des-Sables wind farm
178,2024-06-28 05:00:00+00:00,11.1,13.9,Baie-des-Sables wind farm
179,2024-06-28 06:00:00+00:00,12.5,13.2,Baie-des-Sables wind farm
180,2024-06-28 07:00:00+00:00,13.5,13.7,Baie-des-Sables wind farm
181,2024-06-28 08:00:00+00:00,14.3,9.6,Baie-des-Sables wind farm
182,2024-06-28 09:00:00+00:00,15.5,11.8,Baie-des-Sables wind farm
183,2024-06-28 10:00:00+00:00,16.5,13.8,Baie-des-Sables wind farm
184,2024-06-28 11:00:00+00:00,17.3,14.8,Baie-des-Sables wind farm
185,2024-06-28 12:00:00+00:00,18.0,15.2,Baie-des-Sables wind farm
186,2024-06-28 13:00:00+00:00,18.6,16.0,Baie-des-Sables wind farm
187,2024-06-28 14:00:00+00:00,18.8,17.1,Baie-des-Sables wind farm
188,2024-06-28 15:00:00+00:00,19.2,14.9,Baie-des-Sables wind farm
189,2024-06-28 16:00:00+00:00,19.2,12.4,Baie-des-Sables wind farm
190,2024-06-28 17:00:00+00:00,18.6,13.1,Baie-des-Sables wind farm
191,2024-06-28 18:00:00+00:00,17.6,14.5,Baie-des-Sables wind farm
192,2024-06-28 19:00:00+00:00,16.1,14.7,Baie-des-Sables wind farm
193,2024-06-28 20:00:00+00:00,15.2,15.4,Baie-des-Sables wind farm
194,2024-06-28 21:00:00+00:00,14.6,15.7,Baie-des-Sables wind farm
195,2024-06-28 22:00:00+00:00,14.5,15.1,Baie-des-Sables wind farm
196,2024-06-28 23:00:00+00:00,14.3,13.6,Baie-des-Sables wind farm
197,2024-06-29 00:00:00+00:00,14.4,12.0,Baie-des-Sables wind farm
198,2024-06-29 01:00:00+00:00,14.7,13.3,Baie-des-Sables wind farm
199,2024-06-29 02:00:00+00:00,14.9,17.7,Baie-des-Sables wind farm
200,2024-06-29 03:00:00+00:00,15.0,18.3,Baie-des-Sables wind farm
201,2024-06-29 04:00:00+00:00,15.4,19.0,Baie-des-Sables wind farm
202,2024-06-29 05:00:00+00:00,15.9,19.5,Baie-des-Sables wind farm
203,2024-06-29 06:00:00+00:00,16.8,17.9,Baie-des-Sables wind farm
204,2024-06-29 07:00:00+00:00,18.5,16.5,Baie-des-Sables wind farm
205,2024-06-29 08:00:00+00:00,19.8,14.9,Baie-des-Sables wind farm
206,2024-06-29 09:00:00+00:00,20.2,12.3,Baie-des-Sables wind farm
207,2024-06-29 10:00:00+00:00,20.3,17.9,Baie-des-Sables wind farm
208,2024-06-29 11:00:00+00:00,20.7,16.3,Baie-des-Sables wind farm
209,2024-06-29 12:00:00+00:00,21.5,16.6,Baie-des-Sables wind farm
210,2024-06-29 13:00:00+00:00,21.5,14.0,Baie-des-Sables wind farm
211,2024-06-29 14:00:00+00:00,22.0,15.5,Baie-des-Sables wind farm
212,2024-06-29 15:00:00+00:00,21.8,19.6,Baie-des-Sables wind farm
213,2024-06-29 16:00:00+00:00,21.8,23.1,Baie-des-Sables wind farm
214,2024-06-29 17:00:00+00:00,20.4,21.9,Baie-des-Sables wind farm
215,2024-06-29 18:00:00+00:00,18.6,22.1,Baie-des-Sables wind farm
216,2024-06-29 19:00:00+00:00,16.4,22.0,Baie-des-Sables wind farm
217,2024-06-29 20:00:00+00:00,15.4,22.5,Baie-des-Sables wind farm
218,2024-06-29 21:00:00+00:00,14.0,21.7,Baie-des-Sables wind farm
219,2024-06-29 22:00:00+00:00,13.0,25.4,Baie-des-Sables wind farm
220,2024-06-29 23:00:00+00:00,13.1,25.6,Baie-des-Sables wind farm
221,2024-06-30 00:00:00+00:00,13.3,22.8,Baie-des-Sables wind farm
222,2024-06-30 01:00:00+00:00,14.0,22.0,Baie-des-Sables wind farm
223,2024-06-30 02:00:00+00:00,15.0,22.8,Baie-des-Sables wind farm
224,2024-06-30 03:00:00+00:00,15.7,21.1,Baie-des-Sables wind farm
225,2024-06-30 04:00:00+00:00,15.9,18.3,Baie-des-Sables wind farm
226,2024-06-30 05:00:00+00:00,16.9,16.9,Baie-des-Sables wind farm
227,2024-06-30 06:00:00+00:00,17.8,15.6,Baie-des-Sables wind farm
228,2024-06-30 07:00:00+00:00,19.6,15.2,Baie-des-Sables wind farm
229,2024-06-30 08:00:00+00:00,20.5,14.4,Baie-des-Sables wind farm
230,2024-06-30 09:00:00+00:00,20.8,14.8,Baie-des-Sables wind farm
231,2024-06-30 10:00:00+00:00,21.5,14.8,Baie-des-Sables wind farm
232,2024-06-30 11:00:00+00:00,22.6,12.6,Baie-des-Sables wind farm
233,2024-06-30 12:00:00+00:00,22.3,13.8,Baie-des-Sables wind farm
234,2024-06-30 13:00:00+00:00,20.6,15.1,Baie-des-Sables wind farm
235,2024-06-30 14:00:00+00:00,20.1,19.1,Baie-des-Sables wind farm
236,2024-06-30 15:00:00+00:00,20.1,14.5,Baie-des-Sables wind farm
237,2024-06-30 16:00:00+00:00,20.1,16.2,Baie-des-Sables wind farm
238,2024-06-30 17:00:00+00:00,19.6,16.6,Baie-des-Sables wind farm
239,2024-06-30 18:00:00+00:00,17.7,15.4,Baie-des-Sables wind farm
240,2024-06-30 19:00:00+00:00,16.4,14.4,Baie-des-Sables wind farm
241,2024-06-30 20:00:00+00:00,15.6,13.9,Baie-des-Sables wind farm
242,2024-06-30 21:00:00+00:00,15.1,12.8,Baie-des-Sables wind farm
243,2024-06-30 22:00:00+00:00,14.6,7.9,Baie-des-Sables wind farm
244,2024-06-30 23:00:00+00:00,14.1,7.5,Baie-des-Sables wind farm
245,2024-07-01 00:00:00+00:00,13.7,9.5,Baie-des-Sables wind farm
246,2024-07-01 01:00:00+00:00,13.6,10.6,Baie-des-Sables wind farm
247,2024-07-01 02:00:00+00:00,13.3,11.0,Baie-des-Sables wind farm
248,2024-07-01 03:00:00+00:00,12.9,11.8,Baie-des-Sables wind farm
249,2024-07-01 04:00:00+00:00,12.5,12.2,Baie-des-Sables wind farm
250,2024-07-01 05:00:00+00:00,13.3,10.7,Baie-des-Sables wind farm
251,2024-07-01 06:00:00+00:00,15.1,9.1,Baie-des-Sables wind farm
252,2024-07-01 07:00:00+00:00,16.5,9.1,Baie-des-Sables wind farm
253,2024-07-01 08:00:00+00:00,17.1,11.4,Baie-des-Sables wind farm
254,2024-07-01 09:00:00+00:00,18.6,10.5,Baie-des-Sables wind farm
255,2024-07-01 10:00:00+00:00,20.1,10.0,Baie-des-Sables wind farm
256,2024-07-01 11:00:00+00:00,21.2,11.4,Baie-des-Sables wind farm
257,2024-07-01 12:00:00+00:00,22.2,12.1,Baie-des-Sables wind farm
258,2024-07-01 13:00:00+00:00,23.1,12.3,Baie-des-Sables wind farm
259,2024-07-01 14:00:00+00:00,23.4,13.6,Baie-des-Sables wind farm
260,2024-07-01 15:00:00+00:00,23.4,13.0,Baie-des-Sables wind farm
261,2024-07-01 16:00:00+00:00,23.3,12.2,Baie-des-Sables wind farm
262,2024-07-01 17:00:00+00:00,22.5,12.0,Baie-des-Sables wind farm
263,2024-07-01 18:00:00+00:00,21.2,12.9,Baie-des-Sables wind farm
264,2024-07-01 19:00:00+00:00,19.7,13.2,Baie-des-Sables wind farm
265,2024-07-01 20:00:00+00:00,19.0,11.8,Baie-des-Sables wind farm
266,2024-07-01 21:00:00+00:00,18.4,12.5,Baie-des-Sables wind farm
267,2024-07-01 22:00:00+00:00,18.1,12.8,Baie-des-Sables wind farm
268,2024-07-01 23:00:00+00:00,17.3,12.2,Baie-des-Sables wind farm
269,2024-07-02 00:00:00+00:00,16.6,12.2,Baie-des-Sables wind farm
270,2024-07-02 01:00:00+00:00,16.2,12.1,Baie-des-Sables wind farm
271,2024-07-02 02:00:00+00:00,15.7,11.7,Baie-des-Sables wind farm
272,2024-07-02 03:00:00+00:00,15.2,11.2,Baie-des-Sables wind farm
273,2024-07-02 04:00:00+00:00,15.1,10.7,Baie-des-Sables wind farm
274,2024-07-02 05:00:00+00:00,16.1,11.2,Baie-des-Sables wind farm
275,2024-07-02 06:00:00+00:00,17.8,9.5,Baie-des-Sables wind farm
276,2024-07-02 07:00:00+00:00,19.6,8.0,Baie-des-Sables wind farm
277,2024-07-02 08:00:00+00:00,20.9,9.0,Baie-des-Sables wind farm
278,2024-07-02 09:00:00+00:00,21.7,10.5,Baie-des-Sables wind farm
279,2024-07-02 10:00:00+00:00,22.9,9.7,Baie-des-Sables wind farm
280,2024-07-02 11:00:00+00:00,24.3,9.2,Baie-des-Sables wind farm
281,2024-07-02 12:00:00+00:00,25.3,8.1,Baie-des-Sables wind farm
282,2024-07-02 13:00:00+00:00,26.1,8.1,Baie-des-Sables wind farm
283,2024-07-02 14:00:00+00:00,26.6,8.2,Baie-des-Sables wind farm
284,2024-07-02 15:00:00+00:00,26.0,7.4,Baie-des-Sables wind farm
285,2024-07-02 16:00:00+00:00,25.5,7.2,Baie-des-Sables wind farm
286,2024-07-02 17:00:00+00:00,24.6,6.6,Baie-des-Sables wind farm
287,2024-07-02 18:00:00+00:00,22.9,4.1,Baie-des-Sables wind farm
288,2024-07-02 19:00:00+00:00,21.1,7.8,Baie-des-Sables wind farm
289,2024-07-02 20:00:00+00:00,20.5,8.2,Baie-des-Sables wind farm
290,2024-07-02 21:00:00+00:00,19.7,8.7,Baie-des-Sables wind farm
291,2024-07-02 22:00:00+00:00,18.9,10.1,Baie-des-Sables wind farm
292,2024-07-02 23:00:00+00:00,17.6,10.5,Baie-des-Sables wind farm
293,2024-07-03 00:00:00+00:00,16.7,9.6,Baie-des-Sables wind farm
294,2024-07-03 01:00:00+00:00,16.0,10.2,Baie-des-Sables wind farm
295,2024-07-03 02:00:00+00:00,16.0,10.2,Baie-des-Sables wind farm
296,2024-07-03 03:00:00+00:00,16.0,11.1,Baie-des-Sables wind farm
297,2024-07-03 04:00:00+00:00,16.1,11.7,Baie-des-Sables wind farm
298,2024-07-03 05:00:00+00:00,17.8,11.9,Baie-des-Sables wind farm
299,2024-07-03 06:00:00+00:00,20.6,10.4,Baie-des-Sables wind farm
300,2024-07-03 07:00:00+00:00,23.8,8.1,Baie-des-Sables wind farm
301,2024-07-03 08:00:00+00:00,25.5,6.8,Baie-des-Sables wind farm
302,2024-07-03 09:00:00+00:00,26.5,6.4,Baie-des-Sables wind farm
303,2024-07-03 10:00:00+00:00,26.7,6.6,Baie-des-Sables wind farm
304,2024-07-03 11:00:00+00:00,27.1,6.1,Baie-des-Sables wind farm
305,2024-07-03 12:00:00+00:00,27.5,7.4,Baie-des-Sables wind farm
306,2024-07-03 13:00:00+00:00,27.4,7.1,Baie-des-Sables wind farm
307,2024-07-03 14:00:00+00:00,27.2,8.9,Baie-des-Sables wind farm
308,2024-07-03 15:00:00+00:00,26.6,14.7,Baie-des-Sables wind farm
309,2024-07-03 16:00:00+00:00,25.7,16.7,Baie-des-Sables wind farm
310,2024-07-03 17:00:00+00:00,23.8,13.9,Baie-des-Sables wind farm
311,2024-07-03 18:00:00+00:00,23.0,12.6,Baie-des-Sables wind farm
312,2024-07-03 19:00:00+00:00,23.4,16.8,Baie-des-Sables wind farm
313,2024-07-03 20:00:00+00:00,23.2,15.9,Baie-des-Sables wind farm
314,2024-07-03 21:00:00+00:00,23.3,19.9,Baie-des-Sables wind farm
315,2024-07-03 22:00:00+00:00,23.1,19.8,Baie-des-Sables wind farm
316,2024-07-03 23:00:00+00:00,22.2,20.9,Baie-des-Sables wind farm
317,2024-07-04 00:00:00+00:00,20.9,20.9,Baie-des-Sables wind farm
318,2024-07-04 01:00:00+00:00,18.8,20.6,Baie-des-Sables wind farm
319,2024-07-04 02:00:00+00:00,17.4,21.0,Baie-des-Sables wind farm
320,2024-07-04 03:00:00+00:00,17.4,24.5,Baie-des-Sables wind farm
321,2024-07-04 04:00:00+00:00,17.5,22.3,Baie-des-Sables wind farm
322,2024-07-04 05:00:00+00:00,18.1,22.0,Baie-des-Sables wind farm
323,2024-07-04 06:00:00+00:00,19.4,21.0,Baie-des-Sables wind farm
324,2024-07-04 07:00:00+00:00,20.8,17.3,Baie-des-Sables wind farm
325,2024-07-04 08:00:00+00:00,22.6,19.9,Baie-des-Sables wind farm
326,2024-07-04 09:00:00+00:00,23.8,18.7,Baie-des-Sables wind farm
327,2024-07-04 10:00:00+00:00,24.6,19.1,Baie-des-Sables wind farm
328,2024-07-04 11:00:00+00:00,25.2,16.8,Baie-des-Sables wind farm
329,2024-07-04 12:00:00+00:00,26.1,16.2,Baie-des-Sables wind farm
330,2024-07-04 13:00:00+00:00,26.1,17.9,Baie-des-Sables wind farm
331,2024-07-04 14:00:00+00:00,27.0,16.3,Baie-des-Sables wind farm
332,2024-07-04 15:00:00+00:00,27.1,17.3,Baie-des-Sables wind farm
333,2024-07-04 16:00:00+00:00,27.1,16.3,Baie-des-Sables wind farm
334,2024-07-04 17:00:00+00:00,26.5,15.8,Baie-des-Sables wind farm
335,2024-07-04 18:00:00+00:00,22.2,16.3,Baie-des-Sables wind farm
336,2024-07-04 19:00:00+00:00,21.0,12.0,Baie-des-Sables wind farm
337,2024-07-04 20:00:00+00:00,21.2,13.0,Baie-des-Sables wind farm
338,2024-07-04 21:00:00+00:00,21.0,13.7,Baie-des-Sables wind farm
339,2024-07-04 22:00:00+00:00,19.8,16.5,Baie-des-Sables wind farm
340,2024-07-04 23:00:00+00:00,18.0,12.2,Baie-des-Sables wind farm
341,2024-07-05 00:00:00+00:00,17.4,10.0,Baie-des-Sables wind farm
342,2024-07-05 01:00:00+00:00,16.9,10.1,Baie-des-Sables wind farm
343,2024-07-05 02:00:00+00:00,16.6,11.1,Baie-des-Sables wind farm
344,2024-07-05 03:00:00+00:00,16.2,11.5,Baie-des-Sables wind farm
345,2024-07-05 04:00:00+00:00,15.6,10.9,Baie-des-Sables wind farm
346,2024-07-05 05:00:00+00:00,16.0,10.0,Baie-des-Sables wind farm
347,2024-07-05 06:00:00+00:00,17.1,10.6,Baie-des-Sables wind farm
348,2024-07-05 07:00:00+00:00,18.0,10.1,Baie-des-Sables wind farm
349,2024-07-05 08:00:00+00:00,18.7,10.2,Baie-des-Sables wind farm
350,2024-07-05 09:00:00+00:00,19.5,10.7,Baie-des-Sables wind farm
351,2024-07-05 10:00:00+00:00,20.0,10.8,Baie-des-Sables wind farm
352,2024-07-05 11:00:00+00:00,20.8,12.2,Baie-des-Sables wind farm
353,2024-07-05 12:00:00+00:00,21.8,13.0,Baie-des-Sables wind farm
354,2024-07-05 13:00:00+00:00,21.9,12.1,Baie-des-Sables wind farm
355,2024-07-05 14:00:00+00:00,22.2,11.2,Baie-des-Sables wind farm
356,2024-07-05 15:00:00+00:00,22.0,9.6,Baie-des-Sables wind farm
357,2024-07-05 16:00:00+00:00,22.1,7.6,Baie-des-Sables wind farm
358,2024-07-05 17:00:00+00:00,22.0,3.9,Baie-des-Sables wind farm
359,2024-07-05 18:00:00+00:00,21.0,3.4,Baie-des-Sables wind farm
360,2024-07-05 19:00:00+00:00,20.1,2.9,Baie-des-Sables wind farm
361,2024-07-05 20:00:00+00:00,17.4,2.6,Baie-des-Sables wind farm
362,2024-07-05 21:00:00+00:00,17.2,2.9,Baie-des-Sables wind farm
363,2024-07-05 22:00:00+00:00,16.2,3.3,Baie-des-Sables wind farm
364,2024-07-05 23:00:00+00:00,15.5,3.2,Baie-des-Sables wind farm
365,2024-07-06 00:00:00+00:00,15.5,0.8,Baie-des-Sables wind farm
366,2024-07-06 01:00:00+00:00,16.2,2.8,Baie-des-Sables wind farm
367,2024-07-06 02:00:00+00:00,16.2,7.1,Baie-des-Sables wind farm
368,2024-07-06 03:00:00+00:00,16.4,9.0,Baie-des-Sables wind farm
369,2024-07-06 04:00:00+00:00,16.5,9.9,Baie-des-Sables wind farm
370,2024-07-06 05:00:00+00:00,17.0,10.6,Baie-des-Sables wind farm
371,2024-07-06 06:00:00+00:00,17.5,9.6,Baie-des-Sables wind farm
372,2024-07-06 07:00:00+00:00,17.8,9.2,Baie-des-Sables wind farm
373,2024-07-06 08:00:00+00:00,17.8,9.8,Baie-des-Sables wind farm
374,2024-07-06 09:00:00+00:00,17.5,4.9,Baie-des-Sables wind farm
375,2024-07-06 10:00:00+00:00,17.5,6.0,Baie-des-Sables wind farm
376,2024-07-06 11:00:00+00:00,17.5,7.1,Baie-des-Sables wind farm
377,2024-07-06 12:00:00+00:00,19.0,12.1,Baie-des-Sables wind farm
378,2024-07-06 13:00:00+00:00,19.6,10.6,Baie-des-Sables wind farm
379,2024-07-06 14:00:00+00:00,19.9,8.2,Baie-des-Sables wind farm
380,2024-07-06 15:00:00+00:00,19.3,7.7,Baie-des-Sables wind farm
381,2024-07-06 16:00:00+00:00,20.3,6.6,Baie-des-Sables wind farm
382,2024-07-06 17:00:00+00:00,20.5,5.9,Baie-des-Sables wind farm
383,2024-07-06 18:00:00+00:00,19.5,6.2,Baie-des-Sables wind farm
384,2024-07-06 19:00:00+00:00,18.6,1.9,Baie-des-Sables wind farm
385,2024-07-06 20:00:00+00:00,17.2,6.9,Baie-des-Sables wind farm
386,2024-07-06 21:00:00+00:00,17.0,6.6,Baie-des-Sables wind farm
387,2024-07-06 22:00:00+00:00,16.6,6.4,Baie-des-Sables wind farm
388,2024-07-06 23:00:00+00:00,17.6,8.2,Baie-des-Sables wind farm
389,2024-07-07 00:00:00+00:00,17.3,8.4,Baie-des-Sables wind farm
390,2024-07-07 01:00:00+00:00,17.1,7.6,Baie-des-Sables wind farm
391,2024-07-07 02:00:00+00:00,16.9,6.2,Baie-des-Sables wind farm
392,2024-07-07 03:00:00+00:00,16.7,4.1,Baie-des-Sables wind farm
393,2024-07-07 04:00:00+00:00,16.1,4.6,Baie-des-Sables wind farm
394,2024-07-07 05:00:00+00:00,17.4,4.3,Baie-des-Sables wind farm
395,2024-07-07 06:00:00+00:00,18.0,4.0,Baie-des-Sables wind farm
396,2024-07-07 07:00:00+00:00,18.5,4.3,Baie-des-Sables wind farm
397,2024-07-07 08:00:00+00:00,19.9,7.2,Baie-des-Sables wind farm
398,2024-07-07 09:00:00+00:00,20.9,8.3,Baie-des-Sables wind farm
399,2024-07-07 10:00:00+00:00,22.1,6.8,Baie-des-Sables wind farm
400,2024-07-07 11:00:00+00:00,23.8,5.6,Baie-des-Sables wind farm
401,2024-07-07 12:00:00+00:00,24.8,6.9,Baie-des-Sables wind farm
402,2024-07-07 13:00:00+00:00,24.5,9.4,Baie-des-Sables wind farm
403,2024-07-07 14:00:00+00:00,24.8,9.5,Baie-des-Sables wind farm
404,2024-07-07 15:00:00+00:00,25.3,8.7,Baie-des-Sables wind farm
405,2024-07-07 16:00:00+00:00,24.9,8.8,Baie-des-Sables wind farm
406,2024-07-07 17:00:00+00:00,24.5,8.7,Baie-des-Sables wind farm
407,2024-07-07 18:00:00+00:00,23.7,8.7,Baie-des-Sables wind farm
408,2024-07-07 19:00:00+00:00,22.0,7.7,Baie-des-Sables wind farm
409,2024-07-07 20:00:00+00:00,21.7,10.6,Baie-des-Sables wind farm
410,2024-07-07 21:00:00+00:00,21.3,12.6,Baie-des-Sables wind farm
411,2024-07-07 22:00:00+00:00,20.6,11.9,Baie-des-Sables wind farm
412,2024-07-07 23:00:00+00:00,20.4,13.7,Baie-des-Sables wind farm
413,2024-07-08 00:00:00+00:00,20.4,12.9,Baie-des-Sables wind farm
414,2024-07-08 01:00:00+00:00,20.1,12.8,Baie-des-Sables wind farm
415,2024-07-08 02:00:00+00:00,20.0,12.4,Baie-des-Sables wind farm
416,2024-07-08 03:00:00+00:00,19.7,11.6,Baie-des-Sables wind farm
417,2024-07-08 04:00:00+00:00,19.2,11.3,Baie-des-Sables wind farm
418,2024-07-08 05:00:00+00:00,19.8,10.2,Baie-des-Sables wind farm
419,2024-07-08 06:00:00+00:00,22.0,7.7,Baie-des-Sables wind farm
420,2024-07-08 07:00:00+00:00,23.7,7.1,Baie-des-Sables wind farm
421,2024-07-08 08:00:00+00:00,25.2,6.8,Baie-des-Sables wind farm
422,2024-07-08 09:00:00+00:00,26.6,6.6,Baie-des-Sables wind farm
423,2024-07-08 10:00:00+00:00,27.1,7.2,Baie-des-Sables wind farm
424,2024-07-08 11:00:00+00:00,27.2,8.0,Baie-des-Sables wind farm
425,2024-07-08 12:00:00+00:00,27.8,8.3,Baie-des-Sables wind farm
426,2024-07-08 13:00:00+00:00,28.0,9.2,Baie-des-Sables wind farm
427,2024-07-08 14:00:00+00:00,27.4,10.4,Baie-des-Sables wind farm
428,2024-07-08 15:00:00+00:00,27.6,8.6,Baie-des-Sables wind farm
429,2024-07-08 16:00:00+00:00,27.5,8.0,Baie-des-Sables wind farm
430,2024-07-08 17:00:00+00:00,26.6,7.0,Baie-des-Sables wind farm
431,2024-07-08 18:00:00+00:00,25.7,5.4,Baie-des-Sables wind farm
432,2024-07-08 19:00:00+00:00,24.4,8.4,Baie-des-Sables wind farm
433,2024-07-08 20:00:00+00:00,23.7,11.6,Baie-des-Sables wind farm
434,2024-07-08 21:00:00+00:00,23.4,12.9,Baie-des-Sables wind farm
435,2024-07-08 22:00:00+00:00,23.0,13.7,Baie-des-Sables wind farm
436,2024-07-08 23:00:00+00:00,22.8,14.2,Baie-des-Sables wind farm
437,2024-07-09 00:00:00+00:00,22.1,14.5,Baie-des-Sables wind farm
438,2024-07-09 01:00:00+00:00,21.8,15.7,Baie-des-Sables wind farm
439,2024-07-09 02:00:00+00:00,21.8,13.8,Baie-des-Sables wind farm
440,2024-07-09 03:00:00+00:00,21.2,14.5,Baie-des-Sables wind farm
441,2024-07-09 04:00:00+00:00,21.0,15.8,Baie-des-Sables wind farm
442,2024-07-09 05:00:00+00:00,21.5,15.5,Baie-des-Sables wind farm
443,2024-07-09 06:00:00+00:00,22.8,13.3,Baie-des-Sables wind farm
444,2024-07-09 07:00:00+00:00,23.7,12.0,Baie-des-Sables wind farm
445,2024-07-09 08:00:00+00:00,25.4,12.2,Baie-des-Sables wind farm
446,2024-07-09 09:00:00+00:00,25.9,11.2,Baie-des-Sables wind farm
447,2024-07-09 10:00:00+00:00,27.0,11.7,Baie-des-Sables wind farm
448,2024-07-09 11:00:00+00:00,27.2,12.7,Baie-des-Sables wind farm
449,2024-07-09 12:00:00+00:00,24.5,19.4,Baie-des-Sables wind farm
450,2024-07-09 13:00:00+00:00,25.3,13.2,Baie-des-Sables wind farm
451,2024-07-09 14:00:00+00:00,24.3,15.5,Baie-des-Sables wind farm
452,2024-07-09 15:00:00+00:00,22.9,13.9,Baie-des-Sables wind farm
453,2024-07-09 16:00:00+00:00,23.8,8.8,Baie-des-Sables wind farm
454,2024-07-09 17:00:00+00:00,24.2,9.5,Baie-des-Sables wind farm
455,2024-07-09 18:00:00+00:00,20.3,13.7,Baie-des-Sables wind farm
456,2024-07-09 19:00:00+00:00,20.7,16.3,Baie-des-Sables wind farm
457,2024-07-09 20:00:00+00:00,21.7,20.6,Baie-des-Sables wind farm
458,2024-07-09 21:00:00+00:00,21.4,21.0,Baie-des-Sables wind farm
459,2024-07-09 22:00:00+00:00,20.7,20.9,Baie-des-Sables wind farm
460,2024-07-09 23:00:00+00:00,19.8,19.2,Baie-des-Sables wind farm
461,2024-07-10 00:00:00+00:00,19.1,18.4,Baie-des-Sables wind farm
462,2024-07-10 01:00:00+00:00,18.9,17.3,Baie-des-Sables wind farm
463,2024-07-10 02:00:00+00:00,18.6,17.2,Baie-des-Sables wind farm
464,2024-07-10 03:00:00+00:00,18.0,16.3,Baie-des-Sables wind farm
465,2024-07-10 04:00:00+00:00,17.3,15.5,Baie-des-Sables wind farm
466,2024-07-10 05:00:00+00:00,17.5,13.4,Baie-des-Sables wind farm
467,2024-07-10 06:00:00+00:00,18.8,13.2,Baie-des-Sables wind farm
468,2024-07-10 07:00:00+00:00,19.9,14.8,Baie-des-Sables wind farm
469,2024-07-10 08:00:00+00:00,21.1,11.5,Baie-des-Sables wind farm
470,2024-07-10 09:00:00+00:00,22.3,11.5,Baie-des-Sables wind farm
471,2024-07-10 10:00:00+00:00,23.3,11.7,Baie-des-Sables wind farm
472,2024-07-10 11:00:00+00:00,24.0,11.5,Baie-des-Sables wind farm
473,2024-07-10 12:00:00+00:00,24.9,10.4,Baie-des-Sables wind farm
474,2024-07-10 13:00:00+00:00,24.7,10.1,Baie-des-Sables wind farm
475,2024-07-10 14:00:00+00:00,25.1,9.8,Baie-des-Sables wind farm
476,2024-07-10 15:00:00+00:00,24.8,9.1,Baie-des-Sables wind farm
477,2024-07-10 16:00:00+00:00,24.1,8.2,Baie-des-Sables wind farm
478,2024-07-10 17:00:00+00:00,23.6,8.3,Baie-des-Sables wind farm
479,2024-07-10 18:00:00+00:00,22.8,8.7,Baie-des-Sables wind farm
480,2024-07-10 19:00:00+00:00,21.9,8.7,Baie-des-Sables wind farm
481,2024-07-10 20:00:00+00:00,21.5,9.1,Baie-des-Sables wind farm
482,2024-07-10 21:00:00+00:00,20.9,9.6,Baie-des-Sables wind farm
483,2024-07-10 22:00:00+00:00,20.5,10.1,Baie-des-Sables wind farm
484,2024-07-10 23:00:00+00:00,20.2,7.3,Baie-des-Sables wind farm
485,2024-07-11 00:00:00+00:00,19.4,5.8,Baie-des-Sables wind farm
486,2024-07-11 01:00:00+00:00,18.7,2.3,Baie-des-Sables wind farm
487,2024-07-11 02:00:00+00:00,18.0,0.8,Baie-des-Sables wind farm
488,2024-07-11 03:00:00+00:00,17.7,8.0,Baie-des-Sables wind farm
489,2024-07-11 04:00:00+00:00,16.1,7.3,Baie-des-Sables wind farm
490,2024-07-11 05:00:00+00:00,16.7,6.4,Baie-des-Sables wind farm
491,2024-07-11 06:00:00+00:00,18.4,6.9,Baie-des-Sables wind farm
492,2024-07-11 07:00:00+00:00,20.1,10.0,Baie-des-Sables wind farm
493,2024-07-11 08:00:00+00:00,21.9,9.6,Baie-des-Sables wind farm
494,2024-07-11 09:00:00+00:00,22.3,12.9,Baie-des-Sables wind farm
495,2024-07-11 10:00:00+00:00,22.3,15.7,Baie-des-Sables wind farm
496,2024-07-11 11:00:00+00:00,22.6,16.6,Baie-des-Sables wind farm
497,2024-07-11 12:00:00+00:00,22.9,17.2,Baie-des-Sables wind farm
498,2024-07-11 13:00:00+00:00,23.1,17.4,Baie-des-Sables wind farm
499,2024-07-11 14:00:00+00:00,21.4,15.2,Baie-des-Sables wind farm
500,2024-07-11 15:00:00+00:00,22.8,13.7,Baie-des-Sables wind farm
501,2024-07-11 16:00:00+00:00,23.2,13.0,Baie-des-Sables wind farm
502,2024-07-11 17:00:00+00:00,22.9,9.4,Baie-des-Sables wind farm
503,2024-07-11 18:00:00+00:00,21.7,8.6,Baie-des-Sables wind farm
504,2024-07-11 19:00:00+00:00,20.0,8.5,Baie-des-Sables wind farm
505,2024-07-11 20:00:00+00:00,18.0,6.6,Baie-des-Sables wind farm
506,2024-07-11 21:00:00+00:00,18.9,8.2,Baie-des-Sables wind farm
507,2024-07-11 22:00:00+00:00,17.9,6.0,Baie-des-Sables wind farm
508,2024-07-11 23:00:00+00:00,18.4,1.0,Baie-des-Sables wind farm
509,2024-07-12 00:00:00+00:00,17.9,0.8,Baie-des-Sables wind farm
510,2024-07-12 01:00:00+00:00,15.5,1.4,Baie-des-Sables wind farm
511,2024-07-12 02:00:00+00:00,15.6,6.2,Baie-des-Sables wind farm
512,2024-07-12 03:00:00+00:00,15.0,7.3,Baie-des-Sables wind farm
513,2024-07-12 04:00:00+00:00,15.0,6.5,Baie-des-Sables wind farm
514,2024-07-12 05:00:00+00:00,16.4,4.7,Baie-des-Sables wind farm
515,2024-07-12 06:00:00+00:00,18.8,1.5,Baie-des-Sables wind farm
516,2024-07-12 07:00:00+00:00,20.6,1.8,Baie-des-Sables wind farm
517,2024-07-12 08:00:00+00:00,22.1,3.2,Baie-des-Sables wind farm
518,2024-07-12 09:00:00+00:00,22.9,4.6,Baie-des-Sables wind farm
519,2024-07-12 10:00:00+00:00,23.8,5.6,Baie-des-Sables wind farm
520,2024-07-12 11:00:00+00:00,24.7,6.1,Baie-des-Sables wind farm
521,2024-07-12 12:00:00+00:00,25.7,6.8,Baie-des-Sables wind farm
522,2024-07-12 13:00:00+00:00,26.0,9.2,Baie-des-Sables wind farm
523,2024-07-12 14:00:00+00:00,25.8,8.6,Baie-des-Sables wind farm
524,2024-07-12 15:00:00+00:00,25.5,8.5,Baie-des-Sables wind farm
525,2024-07-12 16:00:00+00:00,24.9,9.7,Baie-des-Sables wind farm
526,2024-07-12 17:00:00+00:00,24.0,9.4,Baie-des-Sables wind farm
527,2024-07-12 18:00:00+00:00,23.6,7.8,Baie-des-Sables wind farm
528,2024-07-12 19:00:00+00:00,23.0,10.0,Baie-des-Sables wind farm
529,2024-07-12 20:00:00+00:00,22.3,14.9,Baie-des-Sables wind farm
530,2024-07-12 21:00:00+00:00,22.0,16.8,Baie-des-Sables wind farm
531,2024-07-12 22:00:00+00:00,21.5,16.6,Baie-des-Sables wind farm
532,2024-07-12 23:00:00+00:00,21.1,15.8,Baie-des-Sables wind farm
533,2024-07-13 00:00:00+00:00,21.0,16.5,Baie-des-Sables wind farm
534,2024-07-13 01:00:00+00:00,20.9,17.5,Baie-des-Sables wind farm
535,2024-07-13 02:00:00+00:00,21.2,17.6,Baie-des-Sables wind farm
536,2024-07-13 03:00:00+00:00,21.1,16.4,Baie-des-Sables wind farm
537,2024-07-13 04:00:00+00:00,20.9,15.8,Baie-des-Sables wind farm
538,2024-07-13 05:00:00+00:00,21.1,15.0,Baie-des-Sables wind farm
539,2024-07-13 06:00:00+00:00,22.3,12.6,Baie-des-Sables wind farm
540,2024-07-13 07:00:00+00:00,23.6,13.4,Baie-des-Sables wind farm
541,2024-07-13 08:00:00+00:00,25.1,12.2,Baie-des-Sables wind farm
542,2024-07-13 09:00:00+00:00,25.9,11.3,Baie-des-Sables wind farm
543,2024-07-13 10:00:00+00:00,26.8,10.1,Baie-des-Sables wind farm
544,2024-07-13 11:00:00+00:00,27.7,10.1,Baie-des-Sables wind farm
545,2024-07-13 12:00:00+00:00,28.3,10.5,Baie-des-Sables wind farm
546,2024-07-13 13:00:00+00:00,28.0,11.4,Baie-des-Sables wind farm
547,2024-07-13 14:00:00+00:00,27.9,11.6,Baie-des-Sables wind farm
548,2024-07-13 15:00:00+00:00,27.7,11.2,Baie-des-Sables wind farm
549,2024-07-13 16:00:00+00:00,27.2,10.8,Baie-des-Sables wind farm
550,2024-07-13 17:00:00+00:00,27.0,12.1,Baie-des-Sables wind farm
551,2024-07-13 18:00:00+00:00,26.2,12.5,Baie-des-Sables wind farm
552,2024-07-13 19:00:00+00:00,24.3,10.4,Baie-des-Sables wind farm
553,2024-07-13 20:00:00+00:00,22.8,12.8,Baie-des-Sables wind farm
554,2024-07-13 21:00:00+00:00,22.7,14.8,Baie-des-Sables wind farm
555,2024-07-13 22:00:00+00:00,22.1,15.5,Baie-des-Sables wind farm
556,2024-07-13 23:00:00+00:00,22.0,15.8,Baie-des-Sables wind farm
557,2024-07-14 00:00:00+00:00,21.6,15.5,Baie-des-Sables wind farm
558,2024-07-14 01:00:00+00:00,21.1,15.1,Baie-des-Sables wind farm
559,2024-07-14 02:00:00+00:00,20.5,14.8,Baie-des-Sables wind farm
560,2024-07-14 03:00:00+00:00,20.2,14.1,Baie-des-Sables wind farm
561,2024-07-14 04:00:00+00:00,19.9,14.1,Baie-des-Sables wind farm
562,2024-07-14 05:00:00+00:00,20.5,13.6,Baie-des-Sables wind farm
563,2024-07-14 06:00:00+00:00,22.0,13.4,Baie-des-Sables wind farm
564,2024-07-14 07:00:00+00:00,23.0,14.1,Baie-des-Sables wind farm
565,2024-07-14 08:00:00+00:00,24.3,12.8,Baie-des-Sables wind farm
566,2024-07-14 09:00:00+00:00,25.5,11.3,Baie-des-Sables wind farm
567,2024-07-14 10:00:00+00:00,26.4,10.8,Baie-des-Sables wind farm
568,2024-07-14 11:00:00+00:00,27.1,11.9,Baie-des-Sables wind farm
569,2024-07-14 12:00:00+00:00,27.6,12.6,Baie-des-Sables wind farm
570,2024-07-14 13:00:00+00:00,28.0,13.7,Baie-des-Sables wind farm
571,2024-07-14 14:00:00+00:00,28.5,12.2,Baie-des-Sables wind farm
572,2024-07-14 15:00:00+00:00,28.8,11.9,Baie-des-Sables wind farm
573,2024-07-14 16:00:00+00:00,28.7,12.3,Baie-des-Sables wind farm
574,2024-07-14 17:00:00+00:00,28.1,14.2,Baie-des-Sables wind farm
575,2024-07-14 18:00:00+00:00,26.6,15.6,Baie-des-Sables wind farm
576,2024-07-14 19:00:00+00:00,25.5,16.1,Baie-des-Sables wind farm
577,2024-07-14 20:00:00+00:00,22.8,9.3,Baie-des-Sables wind farm
578,2024-07-14 21:00:00+00:00,23.2,8.9,Baie-des-Sables wind farm
579,2024-07-14 22:00:00+00:00,23.0,10.7,Baie-des-Sables wind farm
580,2024-07-14 23:00:00+00:00,22.7,11.5,Baie-des-Sables wind farm
581,2024-07-15 00:00:00+00:00,23.0,14.2,Baie-des-Sables wind farm
582,2024-07-15 01:00:00+00:00,22.5,10.5,Baie-des-Sables wind farm
583,2024-07-15 02:00:00+00:00,22.1,11.9,Baie-des-Sables wind farm
584,2024-07-15 03:00:00+00:00,22.4,13.7,Baie-des-Sables wind farm
585,2024-07-15 04:00:00+00:00,22.4,14.8,Baie-des-Sables wind farm
586,2024-07-15 05:00:00+00:00,22.8,14.3,Baie-des-Sables wind farm
587,2024-07-15 06:00:00+00:00,23.9,11.9,Baie-des-Sables wind farm
588,2024-07-15 07:00:00+00:00,24.9,13.1,Baie-des-Sables wind farm
589,2024-07-15 08:00:00+00:00,25.7,9.4,Baie-des-Sables wind farm
590,2024-07-15 09:00:00+00:00,26.5,7.3,Baie-des-Sables wind farm
591,2024-07-15 10:00:00+00:00,27.3,6.8,Baie-des-Sables wind farm
592,2024-07-15 11:00:00+00:00,21.1,13.8,Baie-des-Sables wind farm
593,2024-07-15 12:00:00+00:00,21.4,4.7,Baie-des-Sables wind farm
594,2024-07-15 13:00:00+00:00,24.3,9.4,Baie-des-Sables wind farm
595,2024-07-15 14:00:00+00:00,26.8,8.7,Baie-des-Sables wind farm
596,2024-07-15 15:00:00+00:00,27.1,9.5,Baie-des-Sables wind farm
597,2024-07-15 16:00:00+00:00,26.8,5.5,Baie-des-Sables wind farm
598,2024-07-15 17:00:00+00:00,26.3,4.3,Baie-des-Sables wind farm
599,2024-07-15 18:00:00+00:00,25.2,3.3,Baie-des-Sables wind farm
600,2024-07-15 19:00:00+00:00,23.7,3.7,Baie-des-Sables wind farm
601,2024-07-15 20:00:00+00:00,22.8,3.3,Baie-des-Sables wind farm
602,2024-07-15 21:00:00+00:00,22.6,8.5,Baie-des-Sables wind farm
603,2024-07-15 22:00:00+00:00,22.6,8.9,Baie-des-Sables wind farm
604,2024-07-15 23:00:00+00:00,21.9,9.4,Baie-des-Sables wind farm
605,2024-07-16 00:00:00+00:00,21.4,8.1,Baie-des-Sables wind farm
606,2024-07-16 01:00:00+00:00,20.7,5.7,Baie-des-Sables wind farm
607,2024-07-16 02:00:00+00:00,21.1,7.9,Baie-des-Sables wind farm
608,2024-07-16 03:00:00+00:00,21.4,7.2,Baie-des-Sables wind farm
609,2024-07-16 04:00:00+00:00,21.1,5.4,Baie-des-Sables wind farm
610,2024-07-16 05:00:00+00:00,21.0,3.2,Baie-des-Sables wind farm
611,2024-07-16 06:00:00+00:00,21.7,4.6,Baie-des-Sables wind farm
612,2024-07-16 07:00:00+00:00,22.9,4.6,Baie-des-Sables wind farm
613,2024-07-16 08:00:00+00:00,21.6,4.1,Baie-des-Sables wind farm
614,2024-07-16 09:00:00+00:00,22.9,6.1,Baie-des-Sables wind farm
615,2024-07-16 10:00:00+00:00,23.3,4.3,Baie-des-Sables wind farm
616,2024-07-16 11:00:00+00:00,24.6,6.9,Baie-des-Sables wind farm
617,2024-07-16 12:00:00+00:00,25.3,0.8,Baie-des-Sables wind farm
618,2024-07-16 13:00:00+00:00,26.1,5.1,Baie-des-Sables wind farm
619,2024-07-16 14:00:00+00:00,22.8,7.7,Baie-des-Sables wind farm
620,2024-07-16 15:00:00+00:00,23.9,0.8,Baie-des-Sables wind farm
621,2024-07-16 16:00:00+00:00,24.9,2.9,Baie-des-Sables wind farm
622,2024-07-16 17:00:00+00:00,24.7,2.9,Baie-des-Sables wind farm
623,2024-07-16 18:00:00+00:00,23.9,1.9,Baie-des-Sables wind farm
624,2024-07-16 19:00:00+00:00,22.7,2.5,Baie-des-Sables wind farm
625,2024-07-16 20:00:00+00:00,21.2,2.5,Baie-des-Sables wind farm
626,2024-07-16 21:00:00+00:00,21.1,2.2,Baie-des-Sables wind farm
627,2024-07-16 22:00:00+00:00,20.8,0.8,Baie-des-Sables wind farm
628,2024-07-16 23:00:00+00:00,20.7,2.8,Baie-des-Sables wind farm
629,2024-07-17 00:00:00+00:00,20.0,14.5,Baie-des-Sables wind farm
630,2024-07-17 01:00:00+00:00,19.5,6.1,Baie-des-Sables wind farm
631,2024-07-17 02:00:00+00:00,19.5,7.6,Baie-des-Sables wind farm
632,2024-07-17 03:00:00+00:00,18.8,7.2,Baie-des-Sables wind farm
633,2024-07-17 04:00:00+00:00,20.0,9.1,Baie-des-Sables wind farm
634,2024-07-17 05:00:00+00:00,20.7,8.9,Baie-des-Sables wind farm
635,2024-07-17 06:00:00+00:00,21.1,10.0,Baie-des-Sables wind farm
636,2024-07-17 07:00:00+00:00,21.6,9.7,Baie-des-Sables wind farm
637,2024-07-17 08:00:00+00:00,21.1,14.8,Baie-des-Sables wind farm
638,2024-07-17 09:00:00+00:00,22.3,15.9,Baie-des-Sables wind farm
639,2024-07-17 10:00:00+00:00,23.4,11.7,Baie-des-Sables wind farm
640,2024-07-17 11:00:00+00:00,24.3,10.4,Baie-des-Sables wind farm
641,2024-07-17 12:00:00+00:00,26.0,9.7,Baie-des-Sables wind farm
642,2024-07-17 13:00:00+00:00,26.3,9.8,Baie-des-Sables wind farm
643,2024-07-17 14:00:00+00:00,26.8,10.8,Baie-des-Sables wind farm
644,2024-07-17 15:00:00+00:00,24.9,12.2,Baie-des-Sables wind farm
645,2024-07-17 16:00:00+00:00,25.8,11.0,Baie-des-Sables wind farm
646,2024-07-17 17:00:00+00:00,25.6,10.3,Baie-des-Sables wind farm
647,2024-07-17 18:00:00+00:00,25.0,8.7,Baie-des-Sables wind farm
648,2024-07-17 19:00:00+00:00,24.4,12.8,Baie-des-Sables wind farm
649,2024-07-17 20:00:00+00:00,22.7,11.9,Baie-des-Sables wind farm
650,2024-07-17 21:00:00+00:00,22.1,11.6,Baie-des-Sables wind farm
651,2024-07-17 22:00:00+00:00,21.8,11.7,Baie-des-Sables wind farm
652,2024-07-17 23:00:00+00:00,22.0,13.8,Baie-des-Sables wind farm
653,2024-07-18 00:00:00+00:00,21.8,14.3,Baie-des-Sables wind farm
654,2024-07-18 01:00:00+00:00,21.7,14.9,Baie-des-Sables wind farm
655,2024-07-18 02:00:00+00:00,21.0,13.0,Baie-des-Sables wind farm
656,2024-07-18 03:00:00+00:00,20.8,12.7,Baie-des-Sables wind farm
657,2024-07-18 04:00:00+00:00,20.0,12.2,Baie-des-Sables wind farm
658,2024-07-18 05:00:00+00:00,19.8,12.8,Baie-des-Sables wind farm
659,2024-07-18 06:00:00+00:00,20.8,10.9,Baie-des-Sables wind farm
660,2024-07-18 07:00:00+00:00,22.3,9.7,Baie-des-Sables wind farm
661,2024-07-18 08:00:00+00:00,23.7,9.6,Baie-des-Sables wind farm
662,2024-07-18 09:00:00+00:00,24.8,8.2,Baie-des-Sables wind farm
663,2024-07-18 10:00:00+00:00,25.4,9.5,Baie-des-Sables wind farm
664,2024-07-18 11:00:00+00:00,25.0,12.3,Baie-des-Sables wind farm
665,2024-07-18 12:00:00+00:00,21.4,14.1,Baie-des-Sables wind farm
666,2024-07-18 13:00:00+00:00,22.6,12.9,Baie-des-Sables wind farm
667,2024-07-18 14:00:00+00:00,24.1,15.8,Baie-des-Sables wind farm
668,2024-07-18 15:00:00+00:00,23.5,18.6,Baie-des-Sables wind farm
669,2024-07-18 16:00:00+00:00,23.3,19.8,Baie-des-Sables wind farm
670,2024-07-18 17:00:00+00:00,22.4,20.1,Baie-des-Sables wind farm
671,2024-07-18 18:00:00+00:00,21.5,18.8,Baie-des-Sables wind farm
672,2024-07-18 19:00:00+00:00,19.9,20.2,Baie-des-Sables wind farm
673,2024-07-18 20:00:00+00:00,18.5,15.6,Baie-des-Sables wind farm
674,2024-07-18 21:00:00+00:00,17.7,17.6,Baie-des-Sables wind farm
675,2024-07-18 22:00:00+00:00,16.7,16.4,Baie-des-Sables wind farm
676,2024-07-18 23:00:00+00:00,16.6,16.9,Baie-des-Sables wind farm
677,2024-07-19 00:00:00+00:00,16.6,16.7,Baie-des-Sables wind farm
678,2024-07-19 01:00:00+00:00,16.5,16.1,Baie-des-Sables wind farm
679,2024-07-19 02:00:00+00:00,16.4,16.2,Baie-des-Sables wind farm
680,2024-07-19 03:00:00+00:00,16.2,16.6,Baie-des-Sables wind farm
681,2024-07-19 04:00:00+00:00,16.1,16.9,Baie-des-Sables wind farm
682,2024-07-19 05:00:00+00:00,16.5,17.2,Baie-des-Sables wind farm
683,2024-07-19 06:00:00+00:00,17.6,15.1,Baie-des-Sables wind farm
684,2024-07-19 07:00:00+00:00,18.7,16.2,Baie-des-Sables wind farm
685,2024-07-19 08:00:00+00:00,19.9,15.5,Baie-des-Sables wind farm
686,2024-07-19 09:00:00+00:00,20.8,16.2,Baie-des-Sables wind farm
687,2024-07-19 10:00:00+00:00,22.3,15.5,Baie-des-Sables wind farm
688,2024-07-19 11:00:00+00:00,23.2,17.7,Baie-des-Sables wind farm
689,2024-07-19 12:00:00+00:00,24.0,18.4,Baie-des-Sables wind farm
690,2024-07-19 13:00:00+00:00,24.6,17.4,Baie-des-Sables wind farm
691,2024-07-19 14:00:00+00:00,24.7,18.2,Baie-des-Sables wind farm
692,2024-07-19 15:00:00+00:00,24.8,16.5,Baie-des-Sables wind farm
693,2024-07-19 16:00:00+00:00,24.8,15.1,Baie-des-Sables wind farm
694,2024-07-19 17:00:00+00:00,24.1,15.1,Baie-des-Sables wind farm
695,2024-07-19 18:00:00+00:00,23.0,15.6,Baie-des-Sables wind farm
696,2024-07-19 19:00:00+00:00,21.9,15.9,Baie-des-Sables wind farm
697,2024-07-19 20:00:00+00:00,20.6,14.6,Baie-des-Sables wind farm
698,2024-07-19 21:00:00+00:00,19.8,14.2,Baie-des-Sables wind farm
699,2024-07-19 22:00:00+00:00,19.2,13.8,Baie-des-Sables wind farm
700,2024-07-19 23:00:00+00:00,18.8,14.2,Baie-des-Sables wind farm
701,2024-07-20 00:00:00+00:00,18.6,16.3,Baie-des-Sables wind farm
702,2024-07-20 01:00:00+00:00,18.5,17.6,Baie-des-Sables wind farm
703,2024-07-20 02:00:00+00:00,18.4,17.6,Baie-des-Sables wind farm
704,2024-07-20 03:00:00+00:00,18.2,17.2,Baie-des-Sables wind farm
705,2024-07-20 04:00:00+00:00,17.9,17.9,Baie-des-Sables wind farm
706,2024-07-20 05:00:00+00:00,18.3,18.3,Baie-des-Sables wind farm
707,2024-07-20 06:00:00+00:00,19.6,16.8,Baie-des-Sables wind farm
708,2024-07-20 07:00:00+00:00,21.0,16.1,Baie-des-Sables wind farm
709,2024-07-20 08:00:00+00:00,22.5,17.5,Baie-des-Sables wind farm
710,2024-07-20 09:00:00+00:00,24.0,17.1,Baie-des-Sables wind farm
711,2024-07-20 10:00:00+00:00,24.7,19.5,Baie-des-Sables wind farm
712,2024-07-20 11:00:00+00:00,25.4,21.5,Baie-des-Sables wind farm
713,2024-07-20 12:00:00+00:00,25.9,20.8,Baie-des-Sables wind farm
714,2024-07-20 13:00:00+00:00,25.2,20.4,Baie-des-Sables wind farm
715,2024-07-20 14:00:00+00:00,25.2,20.2,Baie-des-Sables wind farm
716,2024-07-20 15:00:00+00:00,24.4,19.8,Baie-des-Sables wind farm
717,2024-07-20 16:00:00+00:00,22.2,15.8,Baie-des-Sables wind farm
718,2024-07-20 17:00:00+00:00,18.6,19.4,Baie-des-Sables wind farm
719,2024-07-20 18:00:00+00:00,17.0,13.9,Baie-des-Sables wind farm
720,2024-07-20 19:00:00+00:00,17.0,15.6,Baie-des-Sables wind farm
721,2024-07-20 20:00:00+00:00,16.4,15.0,Baie-des-Sables wind farm
722,2024-07-20 21:00:00+00:00,15.7,15.5,Baie-des-Sables wind farm
723,2024-07-20 22:00:00+00:00,14.6,16.3,Baie-des-Sables wind farm
724,2024-07-20 23:00:00+00:00,13.5,15.8,Baie-des-Sables wind farm
725,2024-07-21 00:00:00+00:00,12.4,12.8,Baie-des-Sables wind farm
726,2024-07-21 01:00:00+00:00,11.5,12.3,Baie-des-Sables wind farm
727,2024-07-21 02:00:00+00:00,11.0,12.2,Baie-des-Sables wind farm
728,2024-07-21 03:00:00+00:00,10.5,12.8,Baie-des-Sables wind farm
729,2024-07-21 04:00:00+00:00,10.3,14.2,Baie-des-Sables wind farm
730,2024-07-21 05:00:00+00:00,11.0,14.6,Baie-des-Sables wind farm
731,2024-07-21 06:00:00+00:00,12.8,12.8,Baie-des-Sables wind farm
732,2024-07-21 07:00:00+00:00,14.3,17.3,Baie-des-Sables wind farm
733,2024-07-21 08:00:00+00:00,15.2,21.1,Baie-des-Sables wind farm
734,2024-07-21 09:00:00+00:00,16.0,22.8,Baie-des-Sables wind farm
735,2024-07-21 10:00:00+00:00,16.6,22.1,Baie-des-Sables wind farm
736,2024-07-21 11:00:00+00:00,17.3,23.1,Baie-des-Sables wind farm
737,2024-07-21 12:00:00+00:00,17.4,26.7,Baie-des-Sables wind farm
738,2024-07-21 13:00:00+00:00,18.3,26.5,Baie-des-Sables wind farm
739,2024-07-21 14:00:00+00:00,18.8,25.1,Baie-des-Sables wind farm
740,2024-07-21 15:00:00+00:00,19.3,23.1,Baie-des-Sables wind farm
741,2024-07-21 16:00:00+00:00,19.1,22.8,Baie-des-Sables wind farm
742,2024-07-21 17:00:00+00:00,18.8,20.8,Baie-des-Sables wind farm
743,2024-07-21 18:00:00+00:00,18.1,20.0,Baie-des-Sables wind farm
744,2024-07-21 19:00:00+00:00,17.1,19.7,Baie-des-Sables wind farm
745,2024-07-21 20:00:00+00:00,15.9,21.0,Baie-des-Sables wind farm
746,2024-07-21 21:00:00+00:00,15.4,21.5,Baie-des-Sables wind farm
747,2024-07-21 22:00:00+00:00,15.2,21.2,Baie-des-Sables wind farm
748,2024-07-21 23:00:00+00:00,14.8,21.3,Baie-des-Sables wind farm
749,2024-07-22 00:00:00+00:00,14.5,21.1,Baie-des-Sables wind farm
750,2024-07-22 01:00:00+00:00,14.2,20.0,Baie-des-Sables wind farm
751,2024-07-22 02:00:00+00:00,13.8,18.5,Baie-des-Sables wind farm
752,2024-07-22 03:00:00+00:00,13.5,18.7,Baie-des-Sables wind farm
753,2024-07-22 04:00:00+00:00,13.4,18.1,Baie-des-Sables wind farm
754,2024-07-22 05:00:00+00:00,14.0,18.4,Baie-des-Sables wind farm
755,2024-07-22 06:00:00+00:00,15.0,17.3,Baie-des-Sables wind farm
756,2024-07-22 07:00:00+00:00,16.0,20.9,Baie-des-Sables wind farm
757,2024-07-22 08:00:00+00:00,16.3,19.7,Baie-des-Sables wind farm
758,2024-07-22 09:00:00+00:00,16.8,21.0,Baie-des-Sables wind farm
759,2024-07-22 10:00:00+00:00,18.1,23.1,Baie-des-Sables wind farm
760,2024-07-22 11:00:00+00:00,18.8,22.8,Baie-des-Sables wind farm
761,2024-07-22 12:00:00+00:00,18.8,19.7,Baie-des-Sables wind farm
762,2024-07-22 13:00:00+00:00,19.8,20.2,Baie-des-Sables wind farm
763,2024-07-22 14:00:00+00:00,20.3,22.0,Baie-des-Sables wind farm
764,2024-07-22 15:00:00+00:00,20.2,20.5,Baie-des-Sables wind farm
765,2024-07-22 16:00:00+00:00,19.7,19.4,Baie-des-Sables wind farm
766,2024-07-22 17:00:00+00:00,19.1,16.9,Baie-des-Sables wind farm
767,2024-07-22 18:00:00+00:00,18.0,14.4,Baie-des-Sables wind farm
768,2024-07-22 19:00:00+00:00,16.7,12.6,Baie-des-Sables wind farm
769,2024-07-22 20:00:00+00:00,15.8,13.6,Baie-des-Sables wind farm
770,2024-07-22 21:00:00+00:00,15.1,13.2,Baie-des-Sables wind farm
771,2024-07-22 22:00:00+00:00,14.5,12.1,Baie-des-Sables wind farm
772,2024-07-22 23:00:00+00:00,13.8,11.1,Baie-des-Sables wind farm
773,2024-07-23 00:00:00+00:00,13.5,10.5,Baie-des-Sables wind farm
774,2024-07-23 01:00:00+00:00,13.4,11.3,Baie-des-Sables wind farm
775,2024-07-23 02:00:00+00:00,13.3,10.5,Baie-des-Sables wind farm
776,2024-07-23 03:00:00+00:00,12.9,10.5,Baie-des-Sables wind farm
777,2024-07-23 04:00:00+00:00,12.5,10.2,Baie-des-Sables wind farm
778,2024-07-23 05:00:00+00:00,13.2,9.5,Baie-des-Sables wind farm
779,2024-07-23 06:00:00+00:00,14.7,7.4,Baie-des-Sables wind farm
780,2024-07-23 07:00:00+00:00,15.8,6.3,Baie-des-Sables wind farm
781,2024-07-23 08:00:00+00:00,17.0,5.8,Baie-des-Sables wind farm
782,2024-07-23 09:00:00+00:00,17.1,6.0,Baie-des-Sables wind farm
783,2024-07-23 10:00:00+00:00,18.9,6.5,Baie-des-Sables wind farm
784,2024-07-23 11:00:00+00:00,20.0,6.4,Baie-des-Sables wind farm
785,2024-07-23 12:00:00+00:00,20.4,7.4,Baie-des-Sables wind farm
786,2024-07-23 13:00:00+00:00,20.5,8.4,Baie-des-Sables wind farm
787,2024-07-23 14:00:00+00:00,20.6,8.2,Baie-des-Sables wind farm
788,2024-07-23 15:00:00+00:00,20.7,7.1,Baie-des-Sables wind farm
789,2024-07-23 16:00:00+00:00,20.5,6.4,Baie-des-Sables wind farm
790,2024-07-23 17:00:00+00:00,19.2,6.6,Baie-des-Sables wind farm
791,2024-07-23 18:00:00+00:00,18.0,4.0,Baie-des-Sables wind farm
792,2024-07-23 19:00:00+00:00,16.7,4.2,Baie-des-Sables wind farm
793,2024-07-23 20:00:00+00:00,15.6,3.9,Baie-des-Sables wind farm
794,2024-07-23 21:00:00+00:00,14.7,4.0,Baie-des-Sables wind farm
795,2024-07-23 22:00:00+00:00,14.0,3.0,Baie-des-Sables wind farm
796,2024-07-23 23:00:00+00:00,12.8,4.0,Baie-des-Sables wind farm
797,2024-07-24 00:00:00+00:00,11.8,4.2,Baie-des-Sables wind farm
798,2024-07-24 01:00:00+00:00,12.2,4.6,Baie-des-Sables wind farm
799,2024-07-24 02:00:00+00:00,13.4,4.4,Baie-des-Sables wind farm
800,2024-07-24 03:00:00+00:00,12.3,2.1,Baie-des-Sables wind farm
801,2024-07-24 04:00:00+00:00,12.9,5.2,Baie-des-Sables wind farm
802,2024-07-24 05:00:00+00:00,13.5,6.2,Baie-des-Sables wind farm
803,2024-07-24 06:00:00+00:00,15.6,5.7,Baie-des-Sables wind farm
804,2024-07-24 07:00:00+00:00,18.5,3.3,Baie-des-Sables wind farm
805,2024-07-24 08:00:00+00:00,20.5,1.4,Baie-des-Sables wind farm
806,2024-07-24 09:00:00+00:00,21.6,1.9,Baie-des-Sables wind farm
807,2024-07-24 10:00:00+00:00,22.6,2.9,Baie-des-Sables wind farm
808,2024-07-24 11:00:00+00:00,23.2,4.3,Baie-des-Sables wind farm
809,2024-07-24 12:00:00+00:00,23.9,7.4,Baie-des-Sables wind farm
810,2024-07-24 13:00:00+00:00,23.4,11.5,Baie-des-Sables wind farm
811,2024-07-24 14:00:00+00:00,23.4,11.4,Baie-des-Sables wind farm
812,2024-07-24 15:00:00+00:00,23.4,10.1,Baie-des-Sables wind farm
813,2024-07-24 16:00:00+00:00,23.0,10.0,Baie-des-Sables wind farm
814,2024-07-24 17:00:00+00:00,22.0,10.2,Baie-des-Sables wind farm
815,2024-07-24 18:00:00+00:00,21.0,9.7,Baie-des-Sables wind farm
816,2024-07-24 19:00:00+00:00,19.6,11.6,Baie-des-Sables wind farm
817,2024-07-24 20:00:00+00:00,18.5,11.0,Baie-des-Sables wind farm
818,2024-07-24 21:00:00+00:00,18.0,11.3,Baie-des-Sables wind farm
819,2024-07-24 22:00:00+00:00,17.6,11.4,Baie-des-Sables wind farm
820,2024-07-24 23:00:00+00:00,17.5,11.4,Baie-des-Sables wind farm
821,2024-07-25 00:00:00+00:00,17.1,12.7,Baie-des-Sables wind farm
822,2024-07-25 01:00:00+00:00,17.1,14.2,Baie-des-Sables wind farm
823,2024-07-25 02:00:00+00:00,17.5,15.5,Baie-des-Sables wind farm
824,2024-07-25 03:00:00+00:00,17.8,15.5,Baie-des-Sables wind farm
825,2024-07-25 04:00:00+00:00,17.3,6.7,Baie-des-Sables wind farm
826,2024-07-25 05:00:00+00:00,16.7,13.4,Baie-des-Sables wind farm
827,2024-07-25 06:00:00+00:00,17.1,15.8,Baie-des-Sables wind farm
828,2024-07-25 07:00:00+00:00,17.7,16.9,Baie-des-Sables wind farm
829,2024-07-25 08:00:00+00:00,18.2,15.8,Baie-des-Sables wind farm
830,2024-07-25 09:00:00+00:00,18.9,16.3,Baie-des-Sables wind farm
831,2024-07-25 10:00:00+00:00,17.9,14.0,Baie-des-Sables wind farm
832,2024-07-25 11:00:00+00:00,19.8,16.0,Baie-des-Sables wind farm
833,2024-07-25 12:00:00+00:00,21.3,17.6,Baie-des-Sables wind farm
834,2024-07-25 13:00:00+00:00,21.9,15.6,Baie-des-Sables wind farm
835,2024-07-25 14:00:00+00:00,22.0,12.2,Baie-des-Sables wind farm
836,2024-07-25 15:00:00+00:00,19.9,6.3,Baie-des-Sables wind farm
837,2024-07-25 16:00:00+00:00,22.2,11.9,Baie-des-Sables wind farm
838,2024-07-25 17:00:00+00:00,20.3,8.7,Baie-des-Sables wind farm
839,2024-07-25 18:00:00+00:00,20.6,10.0,Baie-des-Sables wind farm
840,2024-07-25 19:00:00+00:00,18.3,7.0,Baie-des-Sables wind farm
841,2024-07-25 20:00:00+00:00,17.5,8.5,Baie-des-Sables wind farm
842,2024-07-25 21:00:00+00:00,17.2,11.3,Baie-des-Sables wind farm
843,2024-07-25 22:00:00+00:00,16.6,12.3,Baie-des-Sables wind farm
844,2024-07-25 23:00:00+00:00,16.2,12.8,Baie-des-Sables wind farm
845,2024-07-26 00:00:00+00:00,15.3,12.9,Baie-des-Sables wind farm
846,2024-07-26 01:00:00+00:00,14.9,11.0,Baie-des-Sables wind farm
847,2024-07-26 02:00:00+00:00,14.7,10.1,Baie-des-Sables wind farm
848,2024-07-26 03:00:00+00:00,14.4,9.4,Baie-des-Sables wind farm
849,2024-07-26 04:00:00+00:00,14.2,9.0,Baie-des-Sables wind farm
850,2024-07-26 05:00:00+00:00,14.2,10.1,Baie-des-Sables wind farm
851,2024-07-26 06:00:00+00:00,15.4,9.4,Baie-des-Sables wind farm
852,2024-07-26 07:00:00+00:00,16.6,8.6,Baie-des-Sables wind farm
853,2024-07-26 08:00:00+00:00,17.4,7.6,Baie-des-Sables wind farm
854,2024-07-26 09:00:00+00:00,18.7,7.7,Baie-des-Sables wind farm
855,2024-07-26 10:00:00+00:00,20.0,7.5,Baie-des-Sables wind farm
856,2024-07-26 11:00:00+00:00,20.6,10.1,Baie-des-Sables wind farm
857,2024-07-26 12:00:00+00:00,21.4,10.0,Baie-des-Sables wind farm
858,2024-07-26 13:00:00+00:00,22.1,9.3,Baie-des-Sables wind farm
859,2024-07-26 14:00:00+00:00,22.3,7.7,Baie-des-Sables wind farm
860,2024-07-26 15:00:00+00:00,22.8,8.4,Baie-des-Sables wind farm
861,2024-07-26 16:00:00+00:00,22.4,8.9,Baie-des-Sables wind farm
862,2024-07-26 17:00:00+00:00,21.6,8.8,Baie-des-Sables wind farm
863,2024-07-26 18:00:00+00:00,20.2,8.3,Baie-des-Sables wind farm
864,2024-07-26 19:00:00+00:00,18.2,9.0,Baie-des-Sables wind farm
865,2024-07-26 20:00:00+00:00,16.0,4.6,Baie-des-Sables wind farm
866,2024-07-26 21:00:00+00:00,15.7,5.7,Baie-des-Sables wind farm
867,2024-07-26 22:00:00+00:00,15.3,5.4,Baie-des-Sables wind farm
868,2024-07-26 23:00:00+00:00,15.2,4.8,Baie-des-Sables wind farm
869,2024-07-27 00:00:00+00:00,15.4,4.0,Baie-des-Sables wind farm
870,2024-07-27 01:00:00+00:00,14.8,4.8,Baie-des-Sables wind farm
871,2024-07-27 02:00:00+00:00,13.0,7.9,Baie-des-Sables wind farm
872,2024-07-27 03:00:00+00:00,12.2,8.3,Baie-des-Sables wind farm
873,2024-07-27 04:00:00+00:00,12.4,8.6,Baie-des-Sables wind farm
874,2024-07-27 05:00:00+00:00,13.5,8.3,Baie-des-Sables wind farm
875,2024-07-27 06:00:00+00:00,16.8,8.1,Baie-des-Sables wind farm
876,2024-07-27 07:00:00+00:00,19.8,6.6,Baie-des-Sables wind farm
877,2024-07-27 08:00:00+00:00,20.9,8.7,Baie-des-Sables wind farm
878,2024-07-27 09:00:00+00:00,22.3,9.1,Baie-des-Sables wind farm
879,2024-07-27 10:00:00+00:00,23.1,11.2,Baie-des-Sables wind farm
880,2024-07-27 11:00:00+00:00,24.0,12.1,Baie-des-Sables wind farm
881,2024-07-27 12:00:00+00:00,25.1,12.6,Baie-des-Sables wind farm
882,2024-07-27 13:00:00+00:00,25.6,13.1,Baie-des-Sables wind farm
883,2024-07-27 14:00:00+00:00,26.1,14.2,Baie-des-Sables wind farm
884,2024-07-27 15:00:00+00:00,26.7,12.5,Baie-des-Sables wind farm
885,2024-07-27 16:00:00+00:00,26.5,12.0,Baie-des-Sables wind farm
886,2024-07-27 17:00:00+00:00,25.4,11.8,Baie-des-Sables wind farm
887,2024-07-27 18:00:00+00:00,24.1,13.2,Baie-des-Sables wind farm
888,2024-07-27 19:00:00+00:00,22.9,15.5,Baie-des-Sables wind farm
889,2024-07-27 20:00:00+00:00,22.0,14.7,Baie-des-Sables wind farm
890,2024-07-27 21:00:00+00:00,21.8,15.3,Baie-des-Sables wind farm
891,2024-07-27 22:00:00+00:00,21.4,17.5,Baie-des-Sables wind farm
892,2024-07-27 23:00:00+00:00,21.6,18.6,Baie-des-Sables wind farm
893,2024-07-28 00:00:00+00:00,21.7,18.9,Baie-des-Sables wind farm
894,2024-07-28 01:00:00+00:00,21.8,18.7,Baie-des-Sables wind farm
895,2024-07-28 02:00:00+00:00,21.8,19.6,Baie-des-Sables wind farm
896,2024-07-28 03:00:00+00:00,21.5,19.3,Baie-des-Sables wind farm
897,2024-07-28 04:00:00+00:00,21.1,18.4,Baie-des-Sables wind farm
898,2024-07-28 05:00:00+00:00,21.0,18.2,Baie-des-Sables wind farm
899,2024-07-28 06:00:00+00:00,21.8,17.2,Baie-des-Sables wind farm
900,2024-07-28 07:00:00+00:00,23.1,16.0,Baie-des-Sables wind farm
901,2024-07-28 08:00:00+00:00,24.5,14.8,Baie-des-Sables wind farm
902,2024-07-28 09:00:00+00:00,25.8,14.8,Baie-des-Sables wind farm
903,2024-07-28 10:00:00+00:00,26.8,14.1,Baie-des-Sables wind farm
904,2024-07-28 11:00:00+00:00,27.7,13.7,Baie-des-Sables wind farm
905,2024-07-28 12:00:00+00:00,28.8,13.8,Baie-des-Sables wind farm
906,2024-07-28 13:00:00+00:00,29.9,13.8,Baie-des-Sables wind farm
907,2024-07-28 14:00:00+00:00,30.4,14.7,Baie-des-Sables wind farm
908,2024-07-28 15:00:00+00:00,30.7,15.3,Baie-des-Sables wind farm
909,2024-07-28 16:00:00+00:00,30.6,15.0,Baie-des-Sables wind farm
910,2024-07-28 17:00:00+00:00,29.7,13.7,Baie-des-Sables wind farm
911,2024-07-28 18:00:00+00:00,28.2,13.8,Baie-des-Sables wind farm
912,2024-07-28 19:00:00+00:00,26.7,14.2,Baie-des-Sables wind farm
913,2024-07-28 20:00:00+00:00,26.0,15.9,Baie-des-Sables wind farm
914,2024-07-28 21:00:00+00:00,25.3,15.9,Baie-des-Sables wind farm
915,2024-07-28 22:00:00+00:00,24.7,16.0,Baie-des-Sables wind farm
916,2024-07-28 23:00:00+00:00,24.1,15.8,Baie-des-Sables wind farm
917,2024-07-29 00:00:00+00:00,23.6,15.6,Baie-des-Sables wind farm
918,2024-07-29 01:00:00+00:00,23.2,16.9,Baie-des-Sables wind farm
919,2024-07-29 02:00:00+00:00,22.7,14.6,Baie-des-Sables wind farm
920,2024-07-29 03:00:00+00:00,22.2,12.9,Baie-des-Sables wind farm
921,2024-07-29 04:00:00+00:00,21.8,12.5,Baie-des-Sables wind farm
922,2024-07-29 05:00:00+00:00,21.7,14.9,Baie-des-Sables wind farm
923,2024-07-29 06:00:00+00:00,23.1,13.7,Baie-des-Sables wind farm
924,2024-07-29 07:00:00+00:00,24.9,9.3,Baie-des-Sables wind farm
925,2024-07-29 08:00:00+00:00,26.6,10.0,Baie-des-Sables wind farm
926,2024-07-29 09:00:00+00:00,27.4,8.9,Baie-des-Sables wind farm
927,2024-07-29 10:00:00+00:00,28.6,6.6,Baie-des-Sables wind farm
928,2024-07-29 11:00:00+00:00,29.5,6.1,Baie-des-Sables wind farm
929,2024-07-29 12:00:00+00:00,29.7,7.6,Baie-des-Sables wind farm
930,2024-07-29 13:00:00+00:00,30.1,8.0,Baie-des-Sables wind farm
931,2024-07-29 14:00:00+00:00,30.2,8.1,Baie-des-Sables wind farm
932,2024-07-29 15:00:00+00:00,29.5,6.2,Baie-des-Sables wind farm
933,2024-07-29 16:00:00+00:00,29.2,6.6,Baie-des-Sables wind farm
934,2024-07-29 17:00:00+00:00,28.7,5.9,Baie-des-Sables wind farm
935,2024-07-29 18:00:00+00:00,27.3,3.3,Baie-des-Sables wind farm
936,2024-07-29 19:00:00+00:00,26.5,13.6,Baie-des-Sables wind farm
937,2024-07-29 20:00:00+00:00,25.5,17.0,Baie-des-Sables wind farm
938,2024-07-29 21:00:00+00:00,24.3,16.6,Baie-des-Sables wind farm
939,2024-07-29 22:00:00+00:00,23.5,16.6,Baie-des-Sables wind farm
940,2024-07-29 23:00:00+00:00,22.5,16.2,Baie-des-Sables wind farm
941,2024-07-30 00:00:00+00:00,21.6,17.3,Baie-des-Sables wind farm
942,2024-07-30 01:00:00+00:00,20.7,16.2,Baie-des-Sables wind farm
943,2024-07-30 02:00:00+00:00,19.4,16.5,Baie-des-Sables wind farm
944,2024-07-30 03:00:00+00:00,18.2,14.2,Baie-des-Sables wind farm
945,2024-07-30 04:00:00+00:00,17.6,13.6,Baie-des-Sables wind farm
946,2024-07-30 05:00:00+00:00,18.2,14.0,Baie-des-Sables wind farm
947,2024-07-30 06:00:00+00:00,19.6,12.6,Baie-des-Sables wind farm
948,2024-07-30 07:00:00+00:00,21.5,13.7,Baie-des-Sables wind farm
949,2024-07-30 08:00:00+00:00,21.7,12.4,Baie-des-Sables wind farm
950,2024-07-30 09:00:00+00:00,21.9,11.2,Baie-des-Sables wind farm
951,2024-07-30 10:00:00+00:00,23.5,12.0,Baie-des-Sables wind farm
952,2024-07-30 11:00:00+00:00,23.7,5.8,Baie-des-Sables wind farm
953,2024-07-30 12:00:00+00:00,25.2,4.6,Baie-des-Sables wind farm
954,2024-07-30 13:00:00+00:00,25.2,4.3,Baie-des-Sables wind farm
955,2024-07-30 14:00:00+00:00,25.3,3.2,Baie-des-Sables wind farm
956,2024-07-30 15:00:00+00:00,24.5,9.8,Baie-des-Sables wind farm
957,2024-07-30 16:00:00+00:00,24.1,8.6,Baie-des-Sables wind farm
958,2024-07-30 17:00:00+00:00,22.8,11.3,Baie-des-Sables wind farm
959,2024-07-30 18:00:00+00:00,21.8,5.7,Baie-des-Sables wind farm
960,2024-07-30 19:00:00+00:00,21.0,7.2,Baie-des-Sables wind farm
961,2024-07-30 20:00:00+00:00,19.9,17.6,Baie-des-Sables wind farm
962,2024-07-30 21:00:00+00:00,19.9,16.1,Baie-des-Sables wind farm
963,2024-07-30 22:00:00+00:00,19.8,15.9,Baie-des-Sables wind farm
964,2024-07-30 23:00:00+00:00,19.7,14.5,Baie-des-Sables wind farm
965,2024-07-31 00:00:00+00:00,20.0,15.0,Baie-des-Sables wind farm
966,2024-07-31 01:00:00+00:00,20.2,13.0,Baie-des-Sables wind farm
967,2024-07-31 02:00:00+00:00,20.1,9.8,Baie-des-Sables wind farm
968,2024-07-31 03:00:00+00:00,19.9,14.7,Baie-des-Sables wind farm
969,2024-07-31 04:00:00+00:00,20.0,14.0,Baie-des-Sables wind farm
970,2024-07-31 05:00:00+00:00,20.4,12.9,Baie-des-Sables wind farm
971,2024-07-31 06:00:00+00:00,21.8,11.3,Baie-des-Sables wind farm
972,2024-07-31 07:00:00+00:00,23.6,7.7,Baie-des-Sables wind farm
973,2024-07-31 08:00:00+00:00,25.9,9.5,Baie-des-Sables wind farm
974,2024-07-31 09:00:00+00:00,26.6,7.7,Baie-des-Sables wind farm
975,2024-07-31 10:00:00+00:00,27.4,6.8,Baie-des-Sables wind farm
976,2024-07-31 11:00:00+00:00,27.0,5.1,Baie-des-Sables wind farm
977,2024-07-31 12:00:00+00:00,27.0,4.3,Baie-des-Sables wind farm
978,2024-07-31 13:00:00+00:00,27.9,4.7,Baie-des-Sables wind farm
979,2024-07-31 14:00:00+00:00,27.4,5.3,Baie-des-Sables wind farm
980,2024-07-31 15:00:00+00:00,27.7,5.2,Baie-des-Sables wind farm
981,2024-07-31 16:00:00+00:00,27.5,10.7,Baie-des-Sables wind farm
982,2024-07-31 17:00:00+00:00,26.4,8.2,Baie-des-Sables wind farm
983,2024-07-31 18:00:00+00:00,26.6,10.5,Baie-des-Sables wind farm
984,2024-07-31 19:00:00+00:00,25.0,8.2,Baie-des-Sables wind farm
985,2024-07-31 20:00:00+00:00,23.7,15.3,Baie-des-Sables wind farm
986,2024-07-31 21:00:00+00:00,23.0,14.5,Baie-des-Sables wind farm
987,2024-07-31 22:00:00+00:00,22.6,15.8,Baie-des-Sables wind farm
988,2024-07-31 23:00:00+00:00,22.0,12.1,Baie-des-Sables wind farm
989,2024-08-01 00:00:00+00:00,20.4,8.3,Baie-des-Sables wind farm
990,2024-08-01 01:00:00+00:00,20.5,12.2,Baie-des-Sables wind farm
991,2024-08-01 02:00:00+00:00,20.5,9.2,Baie-des-Sables wind farm
992,2024-08-01 03:00:00+00:00,21.2,9.6,Baie-des-Sables wind farm
993,2024-08-01 04:00:00+00:00,21.1,8.2,Baie-des-Sables wind farm
994,2024-08-01 05:00:00+00:00,21.1,8.1,Baie-des-Sables wind farm
995,2024-08-01 06:00:00+00:00,21.1,9.5,Baie-des-Sables wind farm
996,2024-08-01 07:00:00+00:00,21.0,10.4,Baie-des-Sables wind farm
997,2024-08-01 08:00:00+00:00,20.5,10.5,Baie-des-Sables wind farm
998,2024-08-01 09:00:00+00:00,21.7,11.2,Baie-des-Sables wind farm
999,2024-08-01 10:00:00+00:00,22.9,12.6,Baie-des-Sables wind farm
1000,2024-08-01 11:00:00+00:00,24.3,10.3,Baie-des-Sables wind farm
1001,2024-08-01 12:00:00+00:00,25.9,10.3,Baie-des-Sables wind farm
1002,2024-08-01 13:00:00+00:00,26.9,8.5,Baie-des-Sables wind farm
1003,2024-08-01 14:00:00+00:00,27.6,7.2,Baie-des-Sables wind farm
1004,2024-08-01 15:00:00+00:00,27.7,7.9,Baie-des-Sables wind farm
1005,2024-08-01 16:00:00+00:00,27.7,8.2,Baie-des-Sables wind farm
1006,2024-08-01 17:00:00+00:00,27.2,7.3,Baie-des-Sables wind farm
1007,2024-08-01 18:00:00+00:00,24.9,7.6,Baie-des-Sables wind farm
1008,2024-08-01 19:00:00+00:00,22.6,10.6,Baie-des-Sables wind farm
1009,2024-08-01 20:00:00+00:00,21.8,11.2,Baie-des-Sables wind farm
1010,2024-08-01 21:00:00+00:00,21.4,10.3,Baie-des-Sables wind farm
1011,2024-08-01 22:00:00+00:00,21.7,10.4,Baie-des-Sables wind farm
1012,2024-08-01 23:00:00+00:00,21.6,10.0,Baie-des-Sables wind farm
1013,2024-08-02 00:00:00+00:00,21.1,12.5,Baie-des-Sables wind farm
1014,2024-08-02 01:00:00+00:00,20.9,11.6,Baie-des-Sables wind farm
1015,2024-08-02 02:00:00+00:00,20.7,11.1,Baie-des-Sables wind farm
1016,2024-08-02 03:00:00+00:00,20.4,10.7,Baie-des-Sables wind farm
1017,2024-08-02 04:00:00+00:00,20.3,10.8,Baie-des-Sables wind farm
1018,2024-08-02 05:00:00+00:00,20.5,9.3,Baie-des-Sables wind farm
1019,2024-08-02 06:00:00+00:00,21.9,7.7,Baie-des-Sables wind farm
1020,2024-08-02 07:00:00+00:00,23.5,5.9,Baie-des-Sables wind farm
1021,2024-08-02 08:00:00+00:00,24.8,5.6,Baie-des-Sables wind farm
1022,2024-08-02 09:00:00+00:00,25.6,6.5,Baie-des-Sables wind farm
1023,2024-08-02 10:00:00+00:00,26.5,8.0,Baie-des-Sables wind farm
1024,2024-08-02 11:00:00+00:00,27.5,7.9,Baie-des-Sables wind farm
1025,2024-08-02 12:00:00+00:00,28.5,6.8,Baie-des-Sables wind farm
1026,2024-08-02 13:00:00+00:00,28.7,8.0,Baie-des-Sables wind farm
1027,2024-08-02 14:00:00+00:00,28.2,6.2,Baie-des-Sables wind farm
1028,2024-08-02 15:00:00+00:00,27.9,5.4,Baie-des-Sables wind farm
1029,2024-08-02 16:00:00+00:00,26.8,6.5,Baie-des-Sables wind farm
1030,2024-08-02 17:00:00+00:00,26.7,4.0,Baie-des-Sables wind farm
1031,2024-08-02 18:00:00+00:00,26.2,4.8,Baie-des-Sables wind farm
1032,2024-08-02 19:00:00+00:00,24.6,8.8,Baie-des-Sables wind farm
1033,2024-08-02 20:00:00+00:00,23.9,10.8,Baie-des-Sables wind farm
1034,2024-08-02 21:00:00+00:00,23.4,12.1,Baie-des-Sables wind farm
1035,2024-08-02 22:00:00+00:00,23.2,12.6,Baie-des-Sables wind farm
1036,2024-08-02 23:00:00+00:00,22.9,12.3,Baie-des-Sables wind farm
1037,2024-08-03 00:00:00+00:00,22.7,13.2,Baie-des-Sables wind farm
1038,2024-08-03 01:00:00+00:00,22.6,13.2,Baie-des-Sables wind farm
1039,2024-08-03 02:00:00+00:00,22.2,10.1,Baie-des-Sables wind farm
1040,2024-08-03 03:00:00+00:00,21.8,10.9,Baie-des-Sables wind farm
1041,2024-08-03 04:00:00+00:00,21.5,12.3,Baie-des-Sables wind farm
1042,2024-08-03 05:00:00+00:00,21.9,11.7,Baie-des-Sables wind farm
1043,2024-08-03 06:00:00+00:00,23.5,8.8,Baie-des-Sables wind farm
1044,2024-08-03 07:00:00+00:00,25.1,7.6,Baie-des-Sables wind farm
1045,2024-08-03 08:00:00+00:00,26.1,7.7,Baie-des-Sables wind farm
1046,2024-08-03 09:00:00+00:00,26.6,7.2,Baie-des-Sables wind farm
1047,2024-08-03 10:00:00+00:00,27.7,7.3,Baie-des-Sables wind farm
1048,2024-08-03 11:00:00+00:00,28.7,7.9,Baie-des-Sables wind farm
1049,2024-08-03 12:00:00+00:00,28.9,9.7,Baie-des-Sables wind farm
1050,2024-08-03 13:00:00+00:00,26.9,8.2,Baie-des-Sables wind farm
1051,2024-08-03 14:00:00+00:00,24.7,4.7,Baie-des-Sables wind farm
1052,2024-08-03 15:00:00+00:00,24.8,9.4,Baie-des-Sables wind farm
1053,2024-08-03 16:00:00+00:00,25.6,8.4,Baie-des-Sables wind farm
1054,2024-08-03 17:00:00+00:00,25.9,4.2,Baie-des-Sables wind farm
1055,2024-08-03 18:00:00+00:00,25.0,5.6,Baie-des-Sables wind farm
1056,2024-08-03 19:00:00+00:00,24.1,8.8,Baie-des-Sables wind farm
1057,2024-08-03 20:00:00+00:00,24.5,11.9,Baie-des-Sables wind farm
1058,2024-08-03 21:00:00+00:00,24.3,15.3,Baie-des-Sables wind farm
1059,2024-08-03 22:00:00+00:00,23.6,16.3,Baie-des-Sables wind farm
1060,2024-08-03 23:00:00+00:00,23.1,17.2,Baie-des-Sables wind farm
1061,2024-08-04 00:00:00+00:00,22.6,15.1,Baie-des-Sables wind farm
1062,2024-08-04 01:00:00+00:00,22.0,15.0,Baie-des-Sables wind farm
1063,2024-08-04 02:00:00+00:00,20.9,14.0,Baie-des-Sables wind farm
1064,2024-08-04 03:00:00+00:00,19.6,12.2,Baie-des-Sables wind farm
1065,2024-08-04 04:00:00+00:00,18.8,12.0,Baie-des-Sables wind farm
1066,2024-08-04 05:00:00+00:00,18.8,11.1,Baie-des-Sables wind farm
1067,2024-08-04 06:00:00+00:00,19.9,9.5,Baie-des-Sables wind farm
1068,2024-08-04 07:00:00+00:00,20.9,9.8,Baie-des-Sables wind farm
1069,2024-08-04 08:00:00+00:00,21.7,10.5,Baie-des-Sables wind farm
1070,2024-08-04 09:00:00+00:00,22.5,9.1,Baie-des-Sables wind farm
1071,2024-08-04 10:00:00+00:00,23.2,9.0,Baie-des-Sables wind farm
1072,2024-08-04 11:00:00+00:00,24.1,9.1,Baie-des-Sables wind farm
1073,2024-08-04 12:00:00+00:00,24.8,9.2,Baie-des-Sables wind farm
1074,2024-08-04 13:00:00+00:00,25.2,8.4,Baie-des-Sables wind farm
1075,2024-08-04 14:00:00+00:00,25.8,6.5,Baie-des-Sables wind farm
1076,2024-08-04 15:00:00+00:00,25.8,5.1,Baie-des-Sables wind farm
1077,2024-08-04 16:00:00+00:00,25.7,3.7,Baie-des-Sables wind farm
1078,2024-08-04 17:00:00+00:00,25.2,2.4,Baie-des-Sables wind farm
1079,2024-08-04 18:00:00+00:00,23.1,2.7,Baie-des-Sables wind farm
1080,2024-08-04 19:00:00+00:00,21.9,5.0,Baie-des-Sables wind farm
1081,2024-08-04 20:00:00+00:00,20.0,2.8,Baie-des-Sables wind farm
1082,2024-08-04 21:00:00+00:00,18.7,3.4,Baie-des-Sables wind farm
1083,2024-08-04 22:00:00+00:00,18.2,2.1,Baie-des-Sables wind farm
1084,2024-08-04 23:00:00+00:00,18.6,3.2,Baie-des-Sables wind farm
1085,2024-08-05 00:00:00+00:00,18.0,8.5,Baie-des-Sables wind farm
1086,2024-08-05 01:00:00+00:00,16.9,10.2,Baie-des-Sables wind farm
1087,2024-08-05 02:00:00+00:00,16.4,11.4,Baie-des-Sables wind farm
1088,2024-08-05 03:00:00+00:00,16.0,11.8,Baie-des-Sables wind farm
1089,2024-08-05 04:00:00+00:00,15.6,12.8,Baie-des-Sables wind farm
1090,2024-08-05 05:00:00+00:00,15.6,13.7,Baie-des-Sables wind farm
1091,2024-08-05 06:00:00+00:00,16.5,13.4,Baie-des-Sables wind farm
1092,2024-08-05 07:00:00+00:00,17.3,12.6,Baie-des-Sables wind farm
1093,2024-08-05 08:00:00+00:00,18.0,13.7,Baie-des-Sables wind farm
1094,2024-08-05 09:00:00+00:00,19.2,14.4,Baie-des-Sables wind farm
1095,2024-08-05 10:00:00+00:00,20.1,16.6,Baie-des-Sables wind farm
1096,2024-08-05 11:00:00+00:00,21.1,21.0,Baie-des-Sables wind farm
1097,2024-08-05 12:00:00+00:00,21.9,20.2,Baie-des-Sables wind farm
1098,2024-08-05 13:00:00+00:00,22.6,19.2,Baie-des-Sables wind farm
1099,2024-08-05 14:00:00+00:00,22.8,20.0,Baie-des-Sables wind farm
1100,2024-08-05 15:00:00+00:00,22.4,20.9,Baie-des-Sables wind farm
1101,2024-08-05 16:00:00+00:00,21.2,22.0,Baie-des-Sables wind farm
1102,2024-08-05 17:00:00+00:00,19.3,15.2,Baie-des-Sables wind farm
1103,2024-08-05 18:00:00+00:00,17.8,9.5,Baie-des-Sables wind farm
1104,2024-08-05 19:00:00+00:00,16.6,10.2,Baie-des-Sables wind farm
1105,2024-08-05 20:00:00+00:00,15.7,6.9,Baie-des-Sables wind farm
1106,2024-08-05 21:00:00+00:00,14.8,6.9,Baie-des-Sables wind farm
1107,2024-08-05 22:00:00+00:00,14.3,4.6,Baie-des-Sables wind farm
1108,2024-08-05 23:00:00+00:00,13.9,8.0,Baie-des-Sables wind farm
1109,2024-08-06 00:00:00+00:00,13.7,7.4,Baie-des-Sables wind farm
1110,2024-08-06 01:00:00+00:00,13.6,6.9,Baie-des-Sables wind farm
1111,2024-08-06 02:00:00+00:00,13.5,10.5,Baie-des-Sables wind farm
1112,2024-08-06 03:00:00+00:00,13.2,12.0,Baie-des-Sables wind farm
1113,2024-08-06 04:00:00+00:00,12.8,12.6,Baie-des-Sables wind farm
1114,2024-08-06 05:00:00+00:00,13.0,13.5,Baie-des-Sables wind farm
1115,2024-08-06 06:00:00+00:00,14.3,11.3,Baie-des-Sables wind farm
1116,2024-08-06 07:00:00+00:00,15.9,12.6,Baie-des-Sables wind farm
1117,2024-08-06 08:00:00+00:00,17.0,15.3,Baie-des-Sables wind farm
1118,2024-08-06 09:00:00+00:00,17.9,15.5,Baie-des-Sables wind farm
1119,2024-08-06 10:00:00+00:00,18.5,16.8,Baie-des-Sables wind farm
1120,2024-08-06 11:00:00+00:00,19.0,17.1,Baie-des-Sables wind farm
1121,2024-08-06 12:00:00+00:00,19.9,17.3,Baie-des-Sables wind farm
1122,2024-08-06 13:00:00+00:00,20.4,17.7,Baie-des-Sables wind farm
1123,2024-08-06 14:00:00+00:00,20.8,15.3,Baie-des-Sables wind farm
1124,2024-08-06 15:00:00+00:00,20.8,15.9,Baie-des-Sables wind farm
1125,2024-08-06 16:00:00+00:00,20.4,18.4,Baie-des-Sables wind farm
1126,2024-08-06 17:00:00+00:00,18.8,14.4,Baie-des-Sables wind farm
1127,2024-08-06 18:00:00+00:00,17.3,11.2,Baie-des-Sables wind farm
1128,2024-08-06 19:00:00+00:00,15.7,10.7,Baie-des-Sables wind farm
1129,2024-08-06 20:00:00+00:00,15.4,13.0,Baie-des-Sables wind farm
1130,2024-08-06 21:00:00+00:00,15.1,13.5,Baie-des-Sables wind farm
1131,2024-08-06 22:00:00+00:00,14.6,14.1,Baie-des-Sables wind farm
1132,2024-08-06 23:00:00+00:00,14.1,13.1,Baie-des-Sables wind farm
1133,2024-08-07 00:00:00+00:00,13.9,13.5,Baie-des-Sables wind farm
1134,2024-08-07 01:00:00+00:00,13.8,13.4,Baie-des-Sables wind farm
1135,2024-08-07 02:00:00+00:00,13.4,12.6,Baie-des-Sables wind farm
1136,2024-08-07 03:00:00+00:00,13.0,12.0,Baie-des-Sables wind farm
1137,2024-08-07 04:00:00+00:00,12.8,12.2,Baie-des-Sables wind farm
1138,2024-08-07 05:00:00+00:00,12.9,12.4,Baie-des-Sables wind farm
1139,2024-08-07 06:00:00+00:00,14.2,12.4,Baie-des-Sables wind farm
1140,2024-08-07 07:00:00+00:00,14.9,15.5,Baie-des-Sables wind farm
1141,2024-08-07 08:00:00+00:00,15.2,16.9,Baie-des-Sables wind farm
1142,2024-08-07 09:00:00+00:00,15.8,19.6,Baie-des-Sables wind farm
1143,2024-08-07 10:00:00+00:00,16.3,19.9,Baie-des-Sables wind farm
1144,2024-08-07 11:00:00+00:00,17.0,20.1,Baie-des-Sables wind farm
1145,2024-08-07 12:00:00+00:00,17.2,20.0,Baie-des-Sables wind farm
1146,2024-08-07 13:00:00+00:00,17.9,20.1,Baie-des-Sables wind farm
1147,2024-08-07 14:00:00+00:00,18.3,19.2,Baie-des-Sables wind farm
1148,2024-08-07 15:00:00+00:00,18.3,19.1,Baie-des-Sables wind farm
1149,2024-08-07 16:00:00+00:00,18.2,16.7,Baie-des-Sables wind farm
1150,2024-08-07 17:00:00+00:00,17.5,14.1,Baie-des-Sables wind farm
1151,2024-08-07 18:00:00+00:00,17.0,12.2,Baie-des-Sables wind farm
1152,2024-08-07 19:00:00+00:00,15.5,10.5,Baie-des-Sables wind farm
1153,2024-08-07 20:00:00+00:00,14.8,11.5,Baie-des-Sables wind farm
1154,2024-08-07 21:00:00+00:00,14.4,13.0,Baie-des-Sables wind farm
1155,2024-08-07 22:00:00+00:00,14.1,12.8,Baie-des-Sables wind farm
1156,2024-08-07 23:00:00+00:00,14.2,12.0,Baie-des-Sables wind farm
1157,2024-08-08 00:00:00+00:00,13.9,12.9,Baie-des-Sables wind farm
1158,2024-08-08 01:00:00+00:00,13.5,12.0,Baie-des-Sables wind farm
1159,2024-08-08 02:00:00+00:00,13.2,12.8,Baie-des-Sables wind farm
1160,2024-08-08 03:00:00+00:00,13.2,11.6,Baie-des-Sables wind farm
1161,2024-08-08 04:00:00+00:00,13.0,10.3,Baie-des-Sables wind farm
1162,2024-08-08 05:00:00+00:00,13.2,8.9,Baie-des-Sables wind farm
1163,2024-08-08 06:00:00+00:00,14.6,8.4,Baie-des-Sables wind farm
1164,2024-08-08 07:00:00+00:00,16.5,7.9,Baie-des-Sables wind farm
1165,2024-08-08 08:00:00+00:00,17.6,7.3,Baie-des-Sables wind farm
1166,2024-08-08 09:00:00+00:00,19.0,7.0,Baie-des-Sables wind farm
1167,2024-08-08 10:00:00+00:00,20.0,7.4,Baie-des-Sables wind farm
1168,2024-08-08 11:00:00+00:00,20.7,9.5,Baie-des-Sables wind farm
1169,2024-08-08 12:00:00+00:00,21.2,10.5,Baie-des-Sables wind farm
1170,2024-08-08 13:00:00+00:00,21.4,11.4,Baie-des-Sables wind farm
1171,2024-08-08 14:00:00+00:00,22.4,9.7,Baie-des-Sables wind farm
1172,2024-08-08 15:00:00+00:00,22.6,10.5,Baie-des-Sables wind farm
1173,2024-08-08 16:00:00+00:00,22.1,9.1,Baie-des-Sables wind farm
1174,2024-08-08 17:00:00+00:00,21.6,4.7,Baie-des-Sables wind farm
1175,2024-08-08 18:00:00+00:00,20.8,4.6,Baie-des-Sables wind farm
1176,2024-08-08 19:00:00+00:00,19.6,2.8,Baie-des-Sables wind farm
1177,2024-08-08 20:00:00+00:00,17.8,5.5,Baie-des-Sables wind farm
1178,2024-08-08 21:00:00+00:00,16.2,8.9,Baie-des-Sables wind farm
1179,2024-08-08 22:00:00+00:00,15.7,9.5,Baie-des-Sables wind farm
1180,2024-08-08 23:00:00+00:00,15.7,10.5,Baie-des-Sables wind farm
1181,2024-08-09 00:00:00+00:00,15.5,11.0,Baie-des-Sables wind farm
1182,2024-08-09 01:00:00+00:00,15.5,10.8,Baie-des-Sables wind farm
1183,2024-08-09 02:00:00+00:00,15.2,11.4,Baie-des-Sables wind farm
1184,2024-08-09 03:00:00+00:00,15.4,11.9,Baie-des-Sables wind farm
1185,2024-08-09 04:00:00+00:00,15.8,10.9,Baie-des-Sables wind farm
1186,2024-08-09 05:00:00+00:00,15.8,9.8,Baie-des-Sables wind farm
1187,2024-08-09 06:00:00+00:00,17.5,8.8,Baie-des-Sables wind farm
1188,2024-08-09 07:00:00+00:00,19.5,6.7,Baie-des-Sables wind farm
1189,2024-08-09 08:00:00+00:00,20.7,9.2,Baie-des-Sables wind farm
1190,2024-08-09 09:00:00+00:00,22.5,10.6,Baie-des-Sables wind farm
1191,2024-08-09 10:00:00+00:00,23.1,11.5,Baie-des-Sables wind farm
1192,2024-08-09 11:00:00+00:00,23.4,10.2,Baie-des-Sables wind farm
1193,2024-08-09 12:00:00+00:00,24.4,14.6,Baie-des-Sables wind farm
1194,2024-08-09 13:00:00+00:00,23.4,16.3,Baie-des-Sables wind farm
1195,2024-08-09 14:00:00+00:00,22.0,14.6,Baie-des-Sables wind farm
1196,2024-08-09 15:00:00+00:00,20.3,12.1,Baie-des-Sables wind farm
1197,2024-08-09 16:00:00+00:00,19.5,12.7,Baie-des-Sables wind farm
1198,2024-08-09 17:00:00+00:00,18.7,12.0,Baie-des-Sables wind farm
1199,2024-08-09 18:00:00+00:00,17.4,15.3,Baie-des-Sables wind farm
1200,2024-08-09 19:00:00+00:00,15.9,15.9,Baie-des-Sables wind farm
1201,2024-08-09 20:00:00+00:00,15.4,17.7,Baie-des-Sables wind farm
1202,2024-08-09 21:00:00+00:00,15.3,17.1,Baie-des-Sables wind farm
1203,2024-08-09 22:00:00+00:00,15.4,19.1,Baie-des-Sables wind farm
1204,2024-08-09 23:00:00+00:00,15.3,23.4,Baie-des-Sables wind farm
1205,2024-08-10 00:00:00+00:00,15.4,21.6,Baie-des-Sables wind farm
1206,2024-08-10 01:00:00+00:00,15.7,24.5,Baie-des-Sables wind farm
1207,2024-08-10 02:00:00+00:00,16.2,21.3,Baie-des-Sables wind farm
1208,2024-08-10 03:00:00+00:00,16.8,7.9,Baie-des-Sables wind farm
1209,2024-08-10 04:00:00+00:00,16.2,7.9,Baie-des-Sables wind farm
1210,2024-08-10 05:00:00+00:00,15.1,9.7,Baie-des-Sables wind farm
1211,2024-08-10 06:00:00+00:00,13.9,13.9,Baie-des-Sables wind farm
1212,2024-08-10 07:00:00+00:00,14.0,12.4,Baie-des-Sables wind farm
1213,2024-08-10 08:00:00+00:00,16.2,11.3,Baie-des-Sables wind farm
1214,2024-08-10 09:00:00+00:00,17.8,13.1,Baie-des-Sables wind farm
1215,2024-08-10 10:00:00+00:00,19.9,12.4,Baie-des-Sables wind farm
1216,2024-08-10 11:00:00+00:00,21.5,9.7,Baie-des-Sables wind farm
1217,2024-08-10 12:00:00+00:00,22.7,7.5,Baie-des-Sables wind farm
1218,2024-08-10 13:00:00+00:00,21.4,6.4,Baie-des-Sables wind farm
1219,2024-08-10 14:00:00+00:00,21.4,4.7,Baie-des-Sables wind farm
1220,2024-08-10 15:00:00+00:00,22.4,3.6,Baie-des-Sables wind farm
1221,2024-08-10 16:00:00+00:00,23.2,6.3,Baie-des-Sables wind farm
1222,2024-08-10 17:00:00+00:00,23.0,3.7,Baie-des-Sables wind farm
1223,2024-08-10 18:00:00+00:00,21.8,2.2,Baie-des-Sables wind farm
1224,2024-08-10 19:00:00+00:00,19.9,4.7,Baie-des-Sables wind farm
1225,2024-08-10 20:00:00+00:00,19.9,10.8,Baie-des-Sables wind farm
1226,2024-08-10 21:00:00+00:00,19.8,10.2,Baie-des-Sables wind farm
1227,2024-08-10 22:00:00+00:00,18.8,11.1,Baie-des-Sables wind farm
1228,2024-08-10 23:00:00+00:00,18.8,14.0,Baie-des-Sables wind farm
1229,2024-08-11 00:00:00+00:00,18.8,16.3,Baie-des-Sables wind farm
1230,2024-08-11 01:00:00+00:00,18.7,16.6,Baie-des-Sables wind farm
1231,2024-08-11 02:00:00+00:00,18.2,15.8,Baie-des-Sables wind farm
1232,2024-08-11 03:00:00+00:00,17.5,14.5,Baie-des-Sables wind farm
1233,2024-08-11 04:00:00+00:00,17.2,15.4,Baie-des-Sables wind farm
1234,2024-08-11 05:00:00+00:00,17.3,16.3,Baie-des-Sables wind farm
1235,2024-08-11 06:00:00+00:00,18.3,16.5,Baie-des-Sables wind farm
1236,2024-08-11 07:00:00+00:00,19.4,16.1,Baie-des-Sables wind farm
1237,2024-08-11 08:00:00+00:00,20.3,15.8,Baie-des-Sables wind farm
1238,2024-08-11 09:00:00+00:00,21.2,14.5,Baie-des-Sables wind farm
1239,2024-08-11 10:00:00+00:00,22.2,12.3,Baie-des-Sables wind farm
1240,2024-08-11 11:00:00+00:00,23.1,11.9,Baie-des-Sables wind farm
1241,2024-08-11 12:00:00+00:00,23.3,13.4,Baie-des-Sables wind farm
1242,2024-08-11 13:00:00+00:00,23.7,14.9,Baie-des-Sables wind farm
1243,2024-08-11 14:00:00+00:00,23.7,15.5,Baie-des-Sables wind farm
1244,2024-08-11 15:00:00+00:00,23.3,14.6,Baie-des-Sables wind farm
1245,2024-08-11 16:00:00+00:00,22.8,12.2,Baie-des-Sables wind farm
1246,2024-08-11 17:00:00+00:00,22.1,10.9,Baie-des-Sables wind farm
1247,2024-08-11 18:00:00+00:00,20.8,10.9,Baie-des-Sables wind farm
1248,2024-08-11 19:00:00+00:00,19.5,11.5,Baie-des-Sables wind farm
1249,2024-08-11 20:00:00+00:00,18.8,12.8,Baie-des-Sables wind farm
1250,2024-08-11 21:00:00+00:00,18.4,13.9,Baie-des-Sables wind farm
1251,2024-08-11 22:00:00+00:00,18.0,13.9,Baie-des-Sables wind farm
1252,2024-08-11 23:00:00+00:00,17.7,13.7,Baie-des-Sables wind farm
1253,2024-08-12 00:00:00+00:00,17.1,11.6,Baie-des-Sables wind farm
1254,2024-08-12 01:00:00+00:00,16.6,12.9,Baie-des-Sables wind farm
1255,2024-08-12 02:00:00+00:00,16.2,13.1,Baie-des-Sables wind farm
1256,2024-08-12 03:00:00+00:00,15.8,13.2,Baie-des-Sables wind farm
1257,2024-08-12 04:00:00+00:00,15.6,12.8,Baie-des-Sables wind farm
1258,2024-08-12 05:00:00+00:00,15.7,13.3,Baie-des-Sables wind farm
1259,2024-08-12 06:00:00+00:00,16.8,10.4,Baie-des-Sables wind farm
1260,2024-08-12 07:00:00+00:00,18.1,11.7,Baie-des-Sables wind farm
1261,2024-08-12 08:00:00+00:00,19.4,12.4,Baie-des-Sables wind farm
1262,2024-08-12 09:00:00+00:00,20.6,12.4,Baie-des-Sables wind farm
1263,2024-08-12 10:00:00+00:00,21.5,13.3,Baie-des-Sables wind farm
1264,2024-08-12 11:00:00+00:00,22.0,14.1,Baie-des-Sables wind farm
1265,2024-08-12 12:00:00+00:00,22.4,14.4,Baie-des-Sables wind farm
1266,2024-08-12 13:00:00+00:00,22.6,14.4,Baie-des-Sables wind farm
1267,2024-08-12 14:00:00+00:00,22.3,14.8,Baie-des-Sables wind farm
1268,2024-08-12 15:00:00+00:00,21.7,16.2,Baie-des-Sables wind farm
1269,2024-08-12 16:00:00+00:00,21.4,14.8,Baie-des-Sables wind farm
1270,2024-08-12 17:00:00+00:00,20.9,13.5,Baie-des-Sables wind farm
1271,2024-08-12 18:00:00+00:00,19.9,14.8,Baie-des-Sables wind farm
1272,2024-08-12 19:00:00+00:00,19.2,16.5,Baie-des-Sables wind farm
1273,2024-08-12 20:00:00+00:00,18.3,14.5,Baie-des-Sables wind farm
1274,2024-08-12 21:00:00+00:00,18.1,14.7,Baie-des-Sables wind farm
1275,2024-08-12 22:00:00+00:00,17.5,15.9,Baie-des-Sables wind farm
1276,2024-08-12 23:00:00+00:00,16.6,10.5,Baie-des-Sables wind farm
1277,2024-08-13 00:00:00+00:00,16.2,15.5,Baie-des-Sables wind farm
1278,2024-08-13 01:00:00+00:00,15.8,14.4,Baie-des-Sables wind farm
1279,2024-08-13 02:00:00+00:00,15.6,14.8,Baie-des-Sables wind farm
1280,2024-08-13 03:00:00+00:00,15.6,15.1,Baie-des-Sables wind farm
1281,2024-08-13 04:00:00+00:00,15.5,14.9,Baie-des-Sables wind farm
1282,2024-08-13 05:00:00+00:00,15.4,14.3,Baie-des-Sables wind farm
1283,2024-08-13 06:00:00+00:00,16.6,12.3,Baie-des-Sables wind farm
1284,2024-08-13 07:00:00+00:00,18.1,13.2,Baie-des-Sables wind farm
1285,2024-08-13 08:00:00+00:00,19.2,13.7,Baie-des-Sables wind farm
1286,2024-08-13 09:00:00+00:00,20.5,12.3,Baie-des-Sables wind farm
1287,2024-08-13 10:00:00+00:00,21.6,11.7,Baie-des-Sables wind farm
1288,2024-08-13 11:00:00+00:00,22.4,12.4,Baie-des-Sables wind farm
1289,2024-08-13 12:00:00+00:00,22.8,12.4,Baie-des-Sables wind farm
1290,2024-08-13 13:00:00+00:00,23.3,11.4,Baie-des-Sables wind farm
1291,2024-08-13 14:00:00+00:00,23.4,9.7,Baie-des-Sables wind farm
1292,2024-08-13 15:00:00+00:00,23.5,7.4,Baie-des-Sables wind farm
1293,2024-08-13 16:00:00+00:00,20.5,12.6,Baie-des-Sables wind farm
1294,2024-08-13 17:00:00+00:00,18.8,5.1,Baie-des-Sables wind farm
1295,2024-08-13 18:00:00+00:00,17.9,4.1,Baie-des-Sables wind farm
1296,2024-08-13 19:00:00+00:00,15.5,4.1,Baie-des-Sables wind farm
1297,2024-08-13 20:00:00+00:00,15.9,8.2,Baie-des-Sables wind farm
1298,2024-08-13 21:00:00+00:00,15.7,5.8,Baie-des-Sables wind farm
1299,2024-08-13 22:00:00+00:00,14.8,7.9,Baie-des-Sables wind farm
1300,2024-08-13 23:00:00+00:00,13.7,8.2,Baie-des-Sables wind farm
1301,2024-08-14 00:00:00+00:00,13.5,7.6,Baie-des-Sables wind farm
1302,2024-08-14 01:00:00+00:00,13.9,5.0,Baie-des-Sables wind farm
1303,2024-08-14 02:00:00+00:00,13.7,3.9,Baie-des-Sables wind farm
1304,2024-08-14 03:00:00+00:00,13.7,3.9,Baie-des-Sables wind farm
1305,2024-08-14 04:00:00+00:00,13.9,2.6,Baie-des-Sables wind farm
1306,2024-08-14 05:00:00+00:00,14.4,2.4,Baie-des-Sables wind farm
1307,2024-08-14 06:00:00+00:00,15.3,4.6,Baie-des-Sables wind farm
1308,2024-08-14 07:00:00+00:00,16.2,3.9,Baie-des-Sables wind farm
1309,2024-08-14 08:00:00+00:00,16.6,2.9,Baie-des-Sables wind farm
1310,2024-08-14 09:00:00+00:00,17.8,4.0,Baie-des-Sables wind farm
1311,2024-08-14 10:00:00+00:00,18.2,7.4,Baie-des-Sables wind farm
1312,2024-08-14 11:00:00+00:00,18.6,6.1,Baie-des-Sables wind farm
1313,2024-08-14 12:00:00+00:00,19.9,5.9,Baie-des-Sables wind farm
1314,2024-08-14 13:00:00+00:00,19.9,7.6,Baie-des-Sables wind farm
1315,2024-08-14 14:00:00+00:00,19.8,5.8,Baie-des-Sables wind farm
1316,2024-08-14 15:00:00+00:00,20.2,3.8,Baie-des-Sables wind farm
1317,2024-08-14 16:00:00+00:00,19.8,5.0,Baie-des-Sables wind farm
1318,2024-08-14 17:00:00+00:00,19.8,1.8,Baie-des-Sables wind farm
1319,2024-08-14 18:00:00+00:00,19.5,3.1,Baie-des-Sables wind farm
1320,2024-08-14 19:00:00+00:00,17.7,2.3,Baie-des-Sables wind farm
1321,2024-08-14 20:00:00+00:00,16.3,4.0,Baie-des-Sables wind farm
1322,2024-08-14 21:00:00+00:00,16.9,5.5,Baie-des-Sables wind farm
1323,2024-08-14 22:00:00+00:00,16.9,6.3,Baie-des-Sables wind farm
1324,2024-08-14 23:00:00+00:00,16.6,6.4,Baie-des-Sables wind farm
1325,2024-08-15 00:00:00+00:00,16.4,7.9,Baie-des-Sables wind farm
1326,2024-08-15 01:00:00+00:00,16.1,7.6,Baie-des-Sables wind farm
1327,2024-08-15 02:00:00+00:00,15.5,4.0,Baie-des-Sables wind farm
1328,2024-08-15 03:00:00+00:00,15.3,4.7,Baie-des-Sables wind farm
1329,2024-08-15 04:00:00+00:00,15.9,6.8,Baie-des-Sables wind farm
1330,2024-08-15 05:00:00+00:00,16.6,5.1,Baie-des-Sables wind farm
1331,2024-08-15 06:00:00+00:00,17.7,4.0,Baie-des-Sables wind farm
1332,2024-08-15 07:00:00+00:00,18.4,0.8,Baie-des-Sables wind farm
1333,2024-08-15 08:00:00+00:00,20.9,5.0,Baie-des-Sables wind farm
1334,2024-08-15 09:00:00+00:00,19.8,8.7,Baie-des-Sables wind farm
1335,2024-08-15 10:00:00+00:00,20.8,5.1,Baie-des-Sables wind farm
1336,2024-08-15 11:00:00+00:00,22.4,5.4,Baie-des-Sables wind farm
1337,2024-08-15 12:00:00+00:00,21.8,6.8,Baie-des-Sables wind farm
1338,2024-08-15 13:00:00+00:00,21.7,3.3,Baie-des-Sables wind farm
1339,2024-08-15 14:00:00+00:00,22.8,6.2,Baie-des-Sables wind farm
1340,2024-08-15 15:00:00+00:00,21.3,8.2,Baie-des-Sables wind farm
1341,2024-08-15 16:00:00+00:00,20.8,1.8,Baie-des-Sables wind farm
1342,2024-08-15 17:00:00+00:00,20.5,6.8,Baie-des-Sables wind farm
1343,2024-08-15 18:00:00+00:00,20.0,5.0,Baie-des-Sables wind farm
1344,2024-08-15 19:00:00+00:00,18.6,5.2,Baie-des-Sables wind farm
1345,2024-08-15 20:00:00+00:00,17.2,5.2,Baie-des-Sables wind farm
1346,2024-08-15 21:00:00+00:00,17.1,4.0,Baie-des-Sables wind farm
1347,2024-08-15 22:00:00+00:00,17.0,4.7,Baie-des-Sables wind farm
1348,2024-08-15 23:00:00+00:00,16.9,7.2,Baie-des-Sables wind farm
1349,2024-08-16 00:00:00+00:00,16.6,5.7,Baie-des-Sables wind farm
1350,2024-08-16 01:00:00+00:00,16.5,5.3,Baie-des-Sables wind farm
1351,2024-08-16 02:00:00+00:00,16.7,6.0,Baie-des-Sables wind farm
1352,2024-08-16 03:00:00+00:00,16.6,4.9,Baie-des-Sables wind farm
1353,2024-08-16 04:00:00+00:00,16.6,5.1,Baie-des-Sables wind farm
1354,2024-08-16 05:00:00+00:00,17.0,6.5,Baie-des-Sables wind farm
1355,2024-08-16 06:00:00+00:00,17.6,4.0,Baie-des-Sables wind farm
1356,2024-08-16 07:00:00+00:00,18.0,3.1,Baie-des-Sables wind farm
1357,2024-08-16 08:00:00+00:00,20.6,6.7,Baie-des-Sables wind farm
1358,2024-08-16 09:00:00+00:00,22.2,5.5,Baie-des-Sables wind farm
1359,2024-08-16 10:00:00+00:00,22.5,4.8,Baie-des-Sables wind farm
1360,2024-08-16 11:00:00+00:00,21.7,6.5,Baie-des-Sables wind farm
1361,2024-08-16 12:00:00+00:00,22.1,6.1,Baie-des-Sables wind farm
1362,2024-08-16 13:00:00+00:00,22.9,5.4,Baie-des-Sables wind farm
1363,2024-08-16 14:00:00+00:00,22.7,7.1,Baie-des-Sables wind farm
1364,2024-08-16 15:00:00+00:00,22.1,5.2,Baie-des-Sables wind farm
1365,2024-08-16 16:00:00+00:00,22.1,5.1,Baie-des-Sables wind farm
1366,2024-08-16 17:00:00+00:00,21.4,4.8,Baie-des-Sables wind farm
1367,2024-08-16 18:00:00+00:00,20.5,1.3,Baie-des-Sables wind farm
1368,2024-08-16 19:00:00+00:00,19.1,6.6,Baie-des-Sables wind farm
1369,2024-08-16 20:00:00+00:00,18.8,8.7,Baie-des-Sables wind farm
1370,2024-08-16 21:00:00+00:00,18.7,10.3,Baie-des-Sables wind farm
1371,2024-08-16 22:00:00+00:00,19.5,13.0,Baie-des-Sables wind farm
1372,2024-08-16 23:00:00+00:00,19.9,14.4,Baie-des-Sables wind farm
1373,2024-08-17 00:00:00+00:00,19.4,12.0,Baie-des-Sables wind farm
1374,2024-08-17 01:00:00+00:00,19.3,12.1,Baie-des-Sables wind farm
1375,2024-08-17 02:00:00+00:00,19.3,12.4,Baie-des-Sables wind farm
1376,2024-08-17 03:00:00+00:00,18.6,10.7,Baie-des-Sables wind farm
1377,2024-08-17 04:00:00+00:00,18.4,10.9,Baie-des-Sables wind farm
1378,2024-08-17 05:00:00+00:00,18.4,10.7,Baie-des-Sables wind farm
1379,2024-08-17 06:00:00+00:00,20.1,10.8,Baie-des-Sables wind farm
1380,2024-08-17 07:00:00+00:00,22.2,9.8,Baie-des-Sables wind farm
1381,2024-08-17 08:00:00+00:00,23.6,8.9,Baie-des-Sables wind farm
1382,2024-08-17 09:00:00+00:00,24.1,6.6,Baie-des-Sables wind farm
1383,2024-08-17 10:00:00+00:00,24.4,6.0,Baie-des-Sables wind farm
1384,2024-08-17 11:00:00+00:00,25.3,5.6,Baie-des-Sables wind farm
1385,2024-08-17 12:00:00+00:00,26.4,6.5,Baie-des-Sables wind farm
1386,2024-08-17 13:00:00+00:00,26.8,7.2,Baie-des-Sables wind farm
1387,2024-08-17 14:00:00+00:00,26.8,8.3,Baie-des-Sables wind farm
1388,2024-08-17 15:00:00+00:00,25.9,7.9,Baie-des-Sables wind farm
1389,2024-08-17 16:00:00+00:00,25.5,7.8,Baie-des-Sables wind farm
1390,2024-08-17 17:00:00+00:00,25.1,6.4,Baie-des-Sables wind farm
1391,2024-08-17 18:00:00+00:00,24.1,4.5,Baie-des-Sables wind farm
1392,2024-08-17 19:00:00+00:00,22.9,6.0,Baie-des-Sables wind farm
1393,2024-08-17 20:00:00+00:00,21.3,9.6,Baie-des-Sables wind farm
1394,2024-08-17 21:00:00+00:00,21.6,13.3,Baie-des-Sables wind farm
1395,2024-08-17 22:00:00+00:00,22.2,15.5,Baie-des-Sables wind farm
1396,2024-08-17 23:00:00+00:00,21.5,17.1,Baie-des-Sables wind farm
1397,2024-08-18 00:00:00+00:00,21.1,17.2,Baie-des-Sables wind farm
1398,2024-08-18 01:00:00+00:00,20.8,16.1,Baie-des-Sables wind farm
1399,2024-08-18 02:00:00+00:00,20.2,14.5,Baie-des-Sables wind farm
1400,2024-08-18 03:00:00+00:00,20.3,14.1,Baie-des-Sables wind farm
1401,2024-08-18 04:00:00+00:00,20.1,13.4,Baie-des-Sables wind farm
1402,2024-08-18 05:00:00+00:00,19.9,13.0,Baie-des-Sables wind farm
1403,2024-08-18 06:00:00+00:00,20.7,12.3,Baie-des-Sables wind farm
1404,2024-08-18 07:00:00+00:00,21.5,12.6,Baie-des-Sables wind farm
1405,2024-08-18 08:00:00+00:00,22.5,10.7,Baie-des-Sables wind farm
1406,2024-08-18 09:00:00+00:00,23.8,11.9,Baie-des-Sables wind farm
1407,2024-08-18 10:00:00+00:00,24.8,14.0,Baie-des-Sables wind farm
1408,2024-08-18 11:00:00+00:00,25.2,13.7,Baie-des-Sables wind farm
1409,2024-08-18 12:00:00+00:00,26.0,12.8,Baie-des-Sables wind farm
1410,2024-08-18 13:00:00+00:00,26.1,14.2,Baie-des-Sables wind farm
1411,2024-08-18 14:00:00+00:00,26.2,13.3,Baie-des-Sables wind farm
1412,2024-08-18 15:00:00+00:00,26.0,12.3,Baie-des-Sables wind farm
1413,2024-08-18 16:00:00+00:00,25.4,13.5,Baie-des-Sables wind farm
1414,2024-08-18 17:00:00+00:00,23.6,18.5,Baie-des-Sables wind farm
1415,2024-08-18 18:00:00+00:00,22.1,14.8,Baie-des-Sables wind farm
1416,2024-08-18 19:00:00+00:00,22.1,15.1,Baie-des-Sables wind farm
1417,2024-08-18 20:00:00+00:00,20.2,20.1,Baie-des-Sables wind farm
1418,2024-08-18 21:00:00+00:00,20.3,19.4,Baie-des-Sables wind farm
1419,2024-08-18 22:00:00+00:00,20.2,18.4,Baie-des-Sables wind farm
1420,2024-08-18 23:00:00+00:00,19.8,18.4,Baie-des-Sables wind farm
1421,2024-08-19 00:00:00+00:00,19.7,18.6,Baie-des-Sables wind farm
1422,2024-08-19 01:00:00+00:00,19.5,18.9,Baie-des-Sables wind farm
1423,2024-08-19 02:00:00+00:00,19.3,17.9,Baie-des-Sables wind farm
1424,2024-08-19 03:00:00+00:00,19.2,17.5,Baie-des-Sables wind farm
1425,2024-08-19 04:00:00+00:00,18.8,16.8,Baie-des-Sables wind farm
1426,2024-08-19 05:00:00+00:00,18.7,17.2,Baie-des-Sables wind farm
1427,2024-08-19 06:00:00+00:00,19.5,17.2,Baie-des-Sables wind farm
1428,2024-08-19 07:00:00+00:00,20.9,15.2,Baie-des-Sables wind farm
1429,2024-08-19 08:00:00+00:00,22.2,18.4,Baie-des-Sables wind farm
1430,2024-08-19 09:00:00+00:00,22.2,14.5,Baie-des-Sables wind farm
1431,2024-08-19 10:00:00+00:00,22.4,12.8,Baie-des-Sables wind farm
1432,2024-08-19 11:00:00+00:00,22.1,12.2,Baie-des-Sables wind farm
1433,2024-08-19 12:00:00+00:00,21.4,14.8,Baie-des-Sables wind farm
1434,2024-08-19 13:00:00+00:00,19.4,14.2,Baie-des-Sables wind farm
1435,2024-08-19 14:00:00+00:00,18.6,12.2,Baie-des-Sables wind farm
1436,2024-08-19 15:00:00+00:00,17.9,11.8,Baie-des-Sables wind farm
1437,2024-08-19 16:00:00+00:00,17.0,11.4,Baie-des-Sables wind farm
1438,2024-08-19 17:00:00+00:00,16.3,10.9,Baie-des-Sables wind farm
1439,2024-08-19 18:00:00+00:00,15.8,10.0,Baie-des-Sables wind farm
1440,2024-08-19 19:00:00+00:00,15.9,8.5,Baie-des-Sables wind farm
1441,2024-08-19 20:00:00+00:00,15.1,6.7,Baie-des-Sables wind farm
1442,2024-08-19 21:00:00+00:00,14.8,9.2,Baie-des-Sables wind farm
1443,2024-08-19 22:00:00+00:00,14.4,10.0,Baie-des-Sables wind farm
1444,2024-08-19 23:00:00+00:00,14.2,7.2,Baie-des-Sables wind farm
1445,2024-08-20 00:00:00+00:00,14.2,10.2,Baie-des-Sables wind farm
1446,2024-08-20 01:00:00+00:00,13.7,11.5,Baie-des-Sables wind farm
1447,2024-08-20 02:00:00+00:00,13.4,11.1,Baie-des-Sables wind farm
1448,2024-08-20 03:00:00+00:00,13.2,14.1,Baie-des-Sables wind farm
1449,2024-08-20 04:00:00+00:00,13.1,15.2,Baie-des-Sables wind farm
1450,2024-08-20 05:00:00+00:00,13.1,18.1,Baie-des-Sables wind farm
1451,2024-08-20 06:00:00+00:00,13.0,21.1,Baie-des-Sables wind farm
1452,2024-08-20 07:00:00+00:00,13.4,22.3,Baie-des-Sables wind farm
1453,2024-08-20 08:00:00+00:00,13.3,20.5,Baie-des-Sables wind farm
1454,2024-08-20 09:00:00+00:00,13.3,20.0,Baie-des-Sables wind farm
1455,2024-08-20 10:00:00+00:00,13.4,20.9,Baie-des-Sables wind farm
1456,2024-08-20 11:00:00+00:00,13.4,23.1,Baie-des-Sables wind farm
1457,2024-08-20 12:00:00+00:00,13.3,22.9,Baie-des-Sables wind farm
1458,2024-08-20 13:00:00+00:00,13.3,23.7,Baie-des-Sables wind farm
1459,2024-08-20 14:00:00+00:00,13.4,19.8,Baie-des-Sables wind farm
1460,2024-08-20 15:00:00+00:00,13.2,17.8,Baie-des-Sables wind farm
1461,2024-08-20 16:00:00+00:00,12.9,18.0,Baie-des-Sables wind farm
1462,2024-08-20 17:00:00+00:00,12.8,16.8,Baie-des-Sables wind farm
1463,2024-08-20 18:00:00+00:00,12.5,15.7,Baie-des-Sables wind farm
1464,2024-08-20 19:00:00+00:00,12.5,15.3,Baie-des-Sables wind farm
1465,2024-08-20 20:00:00+00:00,12.4,14.1,Baie-des-Sables wind farm
1466,2024-08-20 21:00:00+00:00,12.4,13.6,Baie-des-Sables wind farm
1467,2024-08-20 22:00:00+00:00,12.5,13.0,Baie-des-Sables wind farm
1468,2024-08-20 23:00:00+00:00,12.5,11.9,Baie-des-Sables wind farm
1469,2024-08-21 00:00:00+00:00,12.5,10.5,Baie-des-Sables wind farm
1470,2024-08-21 01:00:00+00:00,12.5,10.9,Baie-des-Sables wind farm
1471,2024-08-21 02:00:00+00:00,12.5,12.9,Baie-des-Sables wind farm
1472,2024-08-21 03:00:00+00:00,12.5,12.9,Baie-des-Sables wind farm
1473,2024-08-21 04:00:00+00:00,12.5,11.5,Baie-des-Sables wind farm
1474,2024-08-21 05:00:00+00:00,12.5,11.8,Baie-des-Sables wind farm
1475,2024-08-21 06:00:00+00:00,13.0,9.4,Baie-des-Sables wind farm
1476,2024-08-21 07:00:00+00:00,13.8,10.3,Baie-des-Sables wind farm
1477,2024-08-21 08:00:00+00:00,14.1,14.3,Baie-des-Sables wind farm
1478,2024-08-21 09:00:00+00:00,14.8,16.8,Baie-des-Sables wind farm
1479,2024-08-21 10:00:00+00:00,15.2,16.4,Baie-des-Sables wind farm
1480,2024-08-21 11:00:00+00:00,16.6,16.6,Baie-des-Sables wind farm
1481,2024-08-21 12:00:00+00:00,17.7,15.3,Baie-des-Sables wind farm
1482,2024-08-21 13:00:00+00:00,16.1,17.1,Baie-des-Sables wind farm
1483,2024-08-21 14:00:00+00:00,16.5,14.5,Baie-des-Sables wind farm
1484,2024-08-21 15:00:00+00:00,16.7,10.9,Baie-des-Sables wind farm
1485,2024-08-21 16:00:00+00:00,16.7,7.4,Baie-des-Sables wind farm
1486,2024-08-21 17:00:00+00:00,16.3,6.3,Baie-des-Sables wind farm
1487,2024-08-21 18:00:00+00:00,15.4,6.4,Baie-des-Sables wind farm
1488,2024-08-21 19:00:00+00:00,13.9,6.4,Baie-des-Sables wind farm
1489,2024-08-21 20:00:00+00:00,14.0,5.8,Baie-des-Sables wind farm
1490,2024-08-21 21:00:00+00:00,13.4,5.6,Baie-des-Sables wind farm
1491,2024-08-21 22:00:00+00:00,13.5,9.8,Baie-des-Sables wind farm
1492,2024-08-21 23:00:00+00:00,13.5,12.5,Baie-des-Sables wind farm
1493,2024-08-22 00:00:00+00:00,13.4,13.6,Baie-des-Sables wind farm
1494,2024-08-22 01:00:00+00:00,12.8,12.0,Baie-des-Sables wind farm
1495,2024-08-22 02:00:00+00:00,12.7,11.6,Baie-des-Sables wind farm
1496,2024-08-22 03:00:00+00:00,13.1,10.2,Baie-des-Sables wind farm
1497,2024-08-22 04:00:00+00:00,12.4,9.7,Baie-des-Sables wind farm
1498,2024-08-22 05:00:00+00:00,12.5,9.5,Baie-des-Sables wind farm
1499,2024-08-22 06:00:00+00:00,13.9,9.5,Baie-des-Sables wind farm
1500,2024-08-22 07:00:00+00:00,14.0,11.9,Baie-des-Sables wind farm
1501,2024-08-22 08:00:00+00:00,15.3,8.2,Baie-des-Sables wind farm
1502,2024-08-22 09:00:00+00:00,15.6,7.3,Baie-des-Sables wind farm
1503,2024-08-22 10:00:00+00:00,16.3,8.7,Baie-des-Sables wind farm
1504,2024-08-22 11:00:00+00:00,16.3,4.2,Baie-des-Sables wind farm
1505,2024-08-22 12:00:00+00:00,17.5,5.8,Baie-des-Sables wind farm
1506,2024-08-22 13:00:00+00:00,17.6,4.8,Baie-des-Sables wind farm
1507,2024-08-22 14:00:00+00:00,18.2,8.2,Baie-des-Sables wind farm
1508,2024-08-22 15:00:00+00:00,17.6,9.2,Baie-des-Sables wind farm
1509,2024-08-22 16:00:00+00:00,17.2,8.0,Baie-des-Sables wind farm
1510,2024-08-22 17:00:00+00:00,16.5,6.2,Baie-des-Sables wind farm
1511,2024-08-22 18:00:00+00:00,15.2,5.6,Baie-des-Sables wind farm
1512,2024-08-22 19:00:00+00:00,13.4,5.7,Baie-des-Sables wind farm
1513,2024-08-22 20:00:00+00:00,12.1,6.6,Baie-des-Sables wind farm
1514,2024-08-22 21:00:00+00:00,12.0,6.0,Baie-des-Sables wind farm
1515,2024-08-22 22:00:00+00:00,12.1,5.0,Baie-des-Sables wind farm
1516,2024-08-22 23:00:00+00:00,12.3,1.5,Baie-des-Sables wind farm
1517,2024-08-23 00:00:00+00:00,12.1,1.6,Baie-des-Sables wind farm
1518,2024-08-23 01:00:00+00:00,10.8,1.5,Baie-des-Sables wind farm
1519,2024-08-23 02:00:00+00:00,10.6,2.2,Baie-des-Sables wind farm
1520,2024-08-23 03:00:00+00:00,10.7,1.6,Baie-des-Sables wind farm
1521,2024-08-23 04:00:00+00:00,10.6,3.7,Baie-des-Sables wind farm
1522,2024-08-23 05:00:00+00:00,10.7,0.4,Baie-des-Sables wind farm
1523,2024-08-23 06:00:00+00:00,12.4,2.3,Baie-des-Sables wind farm
1524,2024-08-23 07:00:00+00:00,13.9,6.8,Baie-des-Sables wind farm
1525,2024-08-23 08:00:00+00:00,15.1,10.9,Baie-des-Sables wind farm
1526,2024-08-23 09:00:00+00:00,15.8,10.7,Baie-des-Sables wind farm
1527,2024-08-23 10:00:00+00:00,16.3,10.7,Baie-des-Sables wind farm
1528,2024-08-23 11:00:00+00:00,18.0,9.8,Baie-des-Sables wind farm
1529,2024-08-23 12:00:00+00:00,19.5,10.5,Baie-des-Sables wind farm
1530,2024-08-23 13:00:00+00:00,19.0,10.1,Baie-des-Sables wind farm
1531,2024-08-23 14:00:00+00:00,19.9,11.2,Baie-des-Sables wind farm
1532,2024-08-23 15:00:00+00:00,20.4,11.4,Baie-des-Sables wind farm
1533,2024-08-23 16:00:00+00:00,20.2,13.6,Baie-des-Sables wind farm
1534,2024-08-23 17:00:00+00:00,19.3,16.3,Baie-des-Sables wind farm
1535,2024-08-23 18:00:00+00:00,18.3,15.0,Baie-des-Sables wind farm
1536,2024-08-23 19:00:00+00:00,17.6,16.4,Baie-des-Sables wind farm
1537,2024-08-23 20:00:00+00:00,17.5,17.9,Baie-des-Sables wind farm
1538,2024-08-23 21:00:00+00:00,17.5,16.9,Baie-des-Sables wind farm
1539,2024-08-23 22:00:00+00:00,17.6,16.8,Baie-des-Sables wind farm
1540,2024-08-23 23:00:00+00:00,17.7,16.9,Baie-des-Sables wind farm
1541,2024-08-24 00:00:00+00:00,17.7,16.6,Baie-des-Sables wind farm
1542,2024-08-24 01:00:00+00:00,17.0,16.6,Baie-des-Sables wind farm
1543,2024-08-24 02:00:00+00:00,16.8,15.8,Baie-des-Sables wind farm
1544,2024-08-24 03:00:00+00:00,16.5,14.5,Baie-des-Sables wind farm
1545,2024-08-24 04:00:00+00:00,16.8,13.0,Baie-des-Sables wind farm
1546,2024-08-24 05:00:00+00:00,16.8,12.0,Baie-des-Sables wind farm
1547,2024-08-24 06:00:00+00:00,17.8,12.2,Baie-des-Sables wind farm
1548,2024-08-24 07:00:00+00:00,19.2,12.6,Baie-des-Sables wind farm
1549,2024-08-24 08:00:00+00:00,20.1,14.3,Baie-des-Sables wind farm
1550,2024-08-24 09:00:00+00:00,21.2,14.3,Baie-des-Sables wind farm
1551,2024-08-24 10:00:00+00:00,22.3,13.6,Baie-des-Sables wind farm
1552,2024-08-24 11:00:00+00:00,23.5,13.0,Baie-des-Sables wind farm
1553,2024-08-24 12:00:00+00:00,24.1,13.7,Baie-des-Sables wind farm
1554,2024-08-24 13:00:00+00:00,24.6,13.3,Baie-des-Sables wind farm
1555,2024-08-24 14:00:00+00:00,25.2,13.4,Baie-des-Sables wind farm
1556,2024-08-24 15:00:00+00:00,25.3,14.8,Baie-des-Sables wind farm
1557,2024-08-24 16:00:00+00:00,24.8,14.2,Baie-des-Sables wind farm
1558,2024-08-24 17:00:00+00:00,23.9,14.4,Baie-des-Sables wind farm
1559,2024-08-24 18:00:00+00:00,22.7,13.8,Baie-des-Sables wind farm
1560,2024-08-24 19:00:00+00:00,21.7,13.8,Baie-des-Sables wind farm
1561,2024-08-24 20:00:00+00:00,20.9,16.2,Baie-des-Sables wind farm
1562,2024-08-24 21:00:00+00:00,20.1,14.8,Baie-des-Sables wind farm
1563,2024-08-24 22:00:00+00:00,19.7,12.4,Baie-des-Sables wind farm
1564,2024-08-24 23:00:00+00:00,19.4,12.2,Baie-des-Sables wind farm
1565,2024-08-25 00:00:00+00:00,18.9,12.0,Baie-des-Sables wind farm
1566,2024-08-25 01:00:00+00:00,18.5,12.0,Baie-des-Sables wind farm
1567,2024-08-25 02:00:00+00:00,18.2,11.7,Baie-des-Sables wind farm
1568,2024-08-25 03:00:00+00:00,17.9,11.5,Baie-des-Sables wind farm
1569,2024-08-25 04:00:00+00:00,17.6,12.3,Baie-des-Sables wind farm
1570,2024-08-25 05:00:00+00:00,17.3,12.3,Baie-des-Sables wind farm
1571,2024-08-25 06:00:00+00:00,18.3,11.2,Baie-des-Sables wind farm
1572,2024-08-25 07:00:00+00:00,19.9,9.2,Baie-des-Sables wind farm
1573,2024-08-25 08:00:00+00:00,21.7,7.2,Baie-des-Sables wind farm
1574,2024-08-25 09:00:00+00:00,22.6,7.8,Baie-des-Sables wind farm
1575,2024-08-25 10:00:00+00:00,23.2,8.0,Baie-des-Sables wind farm
1576,2024-08-25 11:00:00+00:00,24.0,6.9,Baie-des-Sables wind farm
1577,2024-08-25 12:00:00+00:00,24.1,9.1,Baie-des-Sables wind farm
1578,2024-08-25 13:00:00+00:00,22.9,9.4,Baie-des-Sables wind farm
1579,2024-08-25 14:00:00+00:00,22.3,7.9,Baie-des-Sables wind farm
1580,2024-08-25 15:00:00+00:00,22.6,5.8,Baie-des-Sables wind farm
1581,2024-08-25 16:00:00+00:00,22.5,6.8,Baie-des-Sables wind farm
1582,2024-08-25 17:00:00+00:00,21.6,6.2,Baie-des-Sables wind farm
1583,2024-08-25 18:00:00+00:00,20.6,4.7,Baie-des-Sables wind farm
1584,2024-08-25 19:00:00+00:00,19.7,7.1,Baie-des-Sables wind farm
1585,2024-08-25 20:00:00+00:00,18.8,4.3,Baie-des-Sables wind farm
1586,2024-08-25 21:00:00+00:00,18.2,7.3,Baie-des-Sables wind farm
1587,2024-08-25 22:00:00+00:00,17.8,6.1,Baie-des-Sables wind farm
1588,2024-08-25 23:00:00+00:00,17.1,5.8,Baie-des-Sables wind farm
1589,2024-08-26 00:00:00+00:00,16.4,5.8,Baie-des-Sables wind farm
1590,2024-08-26 01:00:00+00:00,16.5,5.4,Baie-des-Sables wind farm
1591,2024-08-26 02:00:00+00:00,16.5,5.6,Baie-des-Sables wind farm
1592,2024-08-26 03:00:00+00:00,16.1,4.9,Baie-des-Sables wind farm
1593,2024-08-26 04:00:00+00:00,16.1,4.2,Baie-des-Sables wind farm
1594,2024-08-26 05:00:00+00:00,16.2,4.7,Baie-des-Sables wind farm
1595,2024-08-26 06:00:00+00:00,17.2,6.1,Baie-des-Sables wind farm
1596,2024-08-26 07:00:00+00:00,19.5,2.6,Baie-des-Sables wind farm
1597,2024-08-26 08:00:00+00:00,20.9,4.7,Baie-des-Sables wind farm
1598,2024-08-26 09:00:00+00:00,21.8,6.0,Baie-des-Sables wind farm
1599,2024-08-26 10:00:00+00:00,22.2,7.3,Baie-des-Sables wind farm
1600,2024-08-26 11:00:00+00:00,22.7,8.0,Baie-des-Sables wind farm
1601,2024-08-26 12:00:00+00:00,23.5,6.9,Baie-des-Sables wind farm
1602,2024-08-26 13:00:00+00:00,24.4,6.1,Baie-des-Sables wind farm
1603,2024-08-26 14:00:00+00:00,24.5,6.9,Baie-des-Sables wind farm
1604,2024-08-26 15:00:00+00:00,24.4,6.1,Baie-des-Sables wind farm
1605,2024-08-26 16:00:00+00:00,23.8,6.4,Baie-des-Sables wind farm
1606,2024-08-26 17:00:00+00:00,23.3,3.3,Baie-des-Sables wind farm
1607,2024-08-26 18:00:00+00:00,21.3,5.1,Baie-des-Sables wind farm
1608,2024-08-26 19:00:00+00:00,19.6,6.1,Baie-des-Sables wind farm
1609,2024-08-26 20:00:00+00:00,18.8,9.4,Baie-des-Sables wind farm
1610,2024-08-26 21:00:00+00:00,18.1,11.5,Baie-des-Sables wind farm
1611,2024-08-26 22:00:00+00:00,17.5,10.8,Baie-des-Sables wind farm
1612,2024-08-26 23:00:00+00:00,17.6,11.1,Baie-des-Sables wind farm
1613,2024-08-27 00:00:00+00:00,17.8,11.3,Baie-des-Sables wind farm
1614,2024-08-27 01:00:00+00:00,18.0,12.0,Baie-des-Sables wind farm
1615,2024-08-27 02:00:00+00:00,18.0,12.1,Baie-des-Sables wind farm
1616,2024-08-27 03:00:00+00:00,17.9,12.3,Baie-des-Sables wind farm
1617,2024-08-27 04:00:00+00:00,17.9,12.5,Baie-des-Sables wind farm
1618,2024-08-27 05:00:00+00:00,17.9,13.2,Baie-des-Sables wind farm
1619,2024-08-27 06:00:00+00:00,19.2,11.7,Baie-des-Sables wind farm
1620,2024-08-27 07:00:00+00:00,21.5,10.5,Baie-des-Sables wind farm
1621,2024-08-27 08:00:00+00:00,23.5,10.6,Baie-des-Sables wind farm
1622,2024-08-27 09:00:00+00:00,25.3,11.5,Baie-des-Sables wind farm
1623,2024-08-27 10:00:00+00:00,26.6,12.2,Baie-des-Sables wind farm
1624,2024-08-27 11:00:00+00:00,27.3,15.6,Baie-des-Sables wind farm
1625,2024-08-27 12:00:00+00:00,27.4,16.6,Baie-des-Sables wind farm
1626,2024-08-27 13:00:00+00:00,28.0,17.3,Baie-des-Sables wind farm
1627,2024-08-27 14:00:00+00:00,26.2,14.4,Baie-des-Sables wind farm
1628,2024-08-27 15:00:00+00:00,26.6,14.7,Baie-des-Sables wind farm
1629,2024-08-27 16:00:00+00:00,27.0,12.0,Baie-des-Sables wind farm
1630,2024-08-27 17:00:00+00:00,25.7,11.6,Baie-des-Sables wind farm
1631,2024-08-27 18:00:00+00:00,24.9,13.2,Baie-des-Sables wind farm
1632,2024-08-27 19:00:00+00:00,23.9,21.1,Baie-des-Sables wind farm
1633,2024-08-27 20:00:00+00:00,22.8,22.3,Baie-des-Sables wind farm
1634,2024-08-27 21:00:00+00:00,22.4,19.0,Baie-des-Sables wind farm
1635,2024-08-27 22:00:00+00:00,22.3,19.7,Baie-des-Sables wind farm
1636,2024-08-27 23:00:00+00:00,21.5,18.3,Baie-des-Sables wind farm
1637,2024-08-28 00:00:00+00:00,19.6,17.1,Baie-des-Sables wind farm
1638,2024-08-28 01:00:00+00:00,19.4,21.5,Baie-des-Sables wind farm
1639,2024-08-28 02:00:00+00:00,17.3,19.7,Baie-des-Sables wind farm
1640,2024-08-28 03:00:00+00:00,15.7,18.6,Baie-des-Sables wind farm
1641,2024-08-28 04:00:00+00:00,15.0,18.1,Baie-des-Sables wind farm
1642,2024-08-28 05:00:00+00:00,14.2,17.6,Baie-des-Sables wind farm
1643,2024-08-28 06:00:00+00:00,13.7,16.3,Baie-des-Sables wind farm
1644,2024-08-28 07:00:00+00:00,14.4,15.0,Baie-des-Sables wind farm
1645,2024-08-28 08:00:00+00:00,14.2,18.9,Baie-des-Sables wind farm
1646,2024-08-28 09:00:00+00:00,14.9,21.8,Baie-des-Sables wind farm
1647,2024-08-28 10:00:00+00:00,15.5,19.9,Baie-des-Sables wind farm
1648,2024-08-28 11:00:00+00:00,16.2,20.3,Baie-des-Sables wind farm
1649,2024-08-28 12:00:00+00:00,16.2,21.0,Baie-des-Sables wind farm
1650,2024-08-28 13:00:00+00:00,16.2,19.1,Baie-des-Sables wind farm
1651,2024-08-28 14:00:00+00:00,17.4,20.7,Baie-des-Sables wind farm
1652,2024-08-28 15:00:00+00:00,17.1,16.6,Baie-des-Sables wind farm
1653,2024-08-28 16:00:00+00:00,16.8,17.1,Baie-des-Sables wind farm
1654,2024-08-28 17:00:00+00:00,16.4,17.6,Baie-des-Sables wind farm
1655,2024-08-28 18:00:00+00:00,15.8,15.0,Baie-des-Sables wind farm
1656,2024-08-28 19:00:00+00:00,14.7,10.9,Baie-des-Sables wind farm
1657,2024-08-28 20:00:00+00:00,14.6,17.7,Baie-des-Sables wind farm
1658,2024-08-28 21:00:00+00:00,14.6,19.4,Baie-des-Sables wind farm
1659,2024-08-28 22:00:00+00:00,14.2,16.6,Baie-des-Sables wind farm
1660,2024-08-28 23:00:00+00:00,13.6,16.8,Baie-des-Sables wind farm
1661,2024-08-29 00:00:00+00:00,13.0,14.2,Baie-des-Sables wind farm
1662,2024-08-29 01:00:00+00:00,12.4,12.1,Baie-des-Sables wind farm
1663,2024-08-29 02:00:00+00:00,12.0,11.5,Baie-des-Sables wind farm
1664,2024-08-29 03:00:00+00:00,11.8,11.5,Baie-des-Sables wind farm
1665,2024-08-29 04:00:00+00:00,11.6,11.5,Baie-des-Sables wind farm
1666,2024-08-29 05:00:00+00:00,11.4,11.5,Baie-des-Sables wind farm
1667,2024-08-29 06:00:00+00:00,12.4,10.9,Baie-des-Sables wind farm
1668,2024-08-29 07:00:00+00:00,13.6,12.0,Baie-des-Sables wind farm
1669,2024-08-29 08:00:00+00:00,13.8,11.5,Baie-des-Sables wind farm
1670,2024-08-29 09:00:00+00:00,14.4,11.3,Baie-des-Sables wind farm
1671,2024-08-29 10:00:00+00:00,15.1,11.3,Baie-des-Sables wind farm
1672,2024-08-29 11:00:00+00:00,15.8,11.0,Baie-des-Sables wind farm
1673,2024-08-29 12:00:00+00:00,16.5,9.1,Baie-des-Sables wind farm
1674,2024-08-29 13:00:00+00:00,17.5,6.8,Baie-des-Sables wind farm
1675,2024-08-29 14:00:00+00:00,18.3,5.4,Baie-des-Sables wind farm
1676,2024-08-29 15:00:00+00:00,18.7,4.5,Baie-des-Sables wind farm
1677,2024-08-29 16:00:00+00:00,18.6,4.0,Baie-des-Sables wind farm
1678,2024-08-29 17:00:00+00:00,17.6,5.0,Baie-des-Sables wind farm
1679,2024-08-29 18:00:00+00:00,15.5,5.4,Baie-des-Sables wind farm
1680,2024-08-29 19:00:00+00:00,14.2,7.4,Baie-des-Sables wind farm
1681,2024-08-29 20:00:00+00:00,13.2,4.7,Baie-des-Sables wind farm
1682,2024-08-29 21:00:00+00:00,11.9,6.5,Baie-des-Sables wind farm
1683,2024-08-29 22:00:00+00:00,10.8,8.6,Baie-des-Sables wind farm
1684,2024-08-29 23:00:00+00:00,10.3,9.0,Baie-des-Sables wind farm
1685,2024-08-30 00:00:00+00:00,10.1,9.5,Baie-des-Sables wind farm
1686,2024-08-30 01:00:00+00:00,10.4,9.7,Baie-des-Sables wind farm
1687,2024-08-30 02:00:00+00:00,10.7,10.1,Baie-des-Sables wind farm
1688,2024-08-30 03:00:00+00:00,10.6,10.1,Baie-des-Sables wind farm
1689,2024-08-30 04:00:00+00:00,10.5,9.8,Baie-des-Sables wind farm
1690,2024-08-30 05:00:00+00:00,10.6,10.4,Baie-des-Sables wind farm
1691,2024-08-30 06:00:00+00:00,12.5,10.1,Baie-des-Sables wind farm
1692,2024-08-30 07:00:00+00:00,15.4,8.6,Baie-des-Sables wind farm
1693,2024-08-30 08:00:00+00:00,17.4,6.5,Baie-des-Sables wind farm
1694,2024-08-30 09:00:00+00:00,19.3,6.6,Baie-des-Sables wind farm
1695,2024-08-30 10:00:00+00:00,20.6,6.2,Baie-des-Sables wind farm
1696,2024-08-30 11:00:00+00:00,21.7,4.3,Baie-des-Sables wind farm
1697,2024-08-30 12:00:00+00:00,22.2,5.1,Baie-des-Sables wind farm
1698,2024-08-30 13:00:00+00:00,22.0,4.5,Baie-des-Sables wind farm
1699,2024-08-30 14:00:00+00:00,22.7,2.9,Baie-des-Sables wind farm
1700,2024-08-30 15:00:00+00:00,22.7,3.3,Baie-des-Sables wind farm
1701,2024-08-30 16:00:00+00:00,21.5,4.6,Baie-des-Sables wind farm
1702,2024-08-30 17:00:00+00:00,20.7,5.7,Baie-des-Sables wind farm
1703,2024-08-30 18:00:00+00:00,19.9,14.4,Baie-des-Sables wind farm
1704,2024-08-30 19:00:00+00:00,18.6,14.4,Baie-des-Sables wind farm
1705,2024-08-30 20:00:00+00:00,17.9,17.7,Baie-des-Sables wind farm
1706,2024-08-30 21:00:00+00:00,17.8,18.7,Baie-des-Sables wind farm
1707,2024-08-30 22:00:00+00:00,17.3,18.8,Baie-des-Sables wind farm
1708,2024-08-30 23:00:00+00:00,17.2,20.2,Baie-des-Sables wind farm
1709,2024-08-31 00:00:00+00:00,17.0,21.6,Baie-des-Sables wind farm
1710,2024-08-31 01:00:00+00:00,16.7,22.1,Baie-des-Sables wind farm
1711,2024-08-31 02:00:00+00:00,16.2,21.4,Baie-des-Sables wind farm
1712,2024-08-31 03:00:00+00:00,15.8,19.9,Baie-des-Sables wind farm
1713,2024-08-31 04:00:00+00:00,15.5,21.0,Baie-des-Sables wind farm
1714,2024-08-31 05:00:00+00:00,15.4,21.6,Baie-des-Sables wind farm
1715,2024-08-31 06:00:00+00:00,15.7,20.9,Baie-des-Sables wind farm
1716,2024-08-31 07:00:00+00:00,16.7,17.0,Baie-des-Sables wind farm
1717,2024-08-31 08:00:00+00:00,18.2,17.7,Baie-des-Sables wind farm
1718,2024-08-31 09:00:00+00:00,20.1,18.4,Baie-des-Sables wind farm
1719,2024-08-31 10:00:00+00:00,20.1,16.0,Baie-des-Sables wind farm
1720,2024-08-31 11:00:00+00:00,19.5,13.6,Baie-des-Sables wind farm
1721,2024-08-31 12:00:00+00:00,18.2,15.9,Baie-des-Sables wind farm
1722,2024-08-31 13:00:00+00:00,17.3,12.9,Baie-des-Sables wind farm
1723,2024-08-31 14:00:00+00:00,17.2,16.3,Baie-des-Sables wind farm
1724,2024-08-31 15:00:00+00:00,17.5,17.4,Baie-des-Sables wind farm
1725,2024-08-31 16:00:00+00:00,18.8,18.9,Baie-des-Sables wind farm
1726,2024-08-31 17:00:00+00:00,19.1,20.5,Baie-des-Sables wind farm
1727,2024-08-31 18:00:00+00:00,19.0,20.3,Baie-des-Sables wind farm
1728,2024-08-31 19:00:00+00:00,19.1,18.9,Baie-des-Sables wind farm
1729,2024-08-31 20:00:00+00:00,18.5,18.1,Baie-des-Sables wind farm
1730,2024-08-31 21:00:00+00:00,18.6,17.3,Baie-des-Sables wind farm
1731,2024-08-31 22:00:00+00:00,18.4,17.0,Baie-des-Sables wind farm
1732,2024-08-31 23:00:00+00:00,18.1,16.3,Baie-des-Sables wind farm
1733,2024-09-01 00:00:00+00:00,18.0,15.5,Baie-des-Sables wind farm
1734,2024-09-01 01:00:00+00:00,18.3,14.8,Baie-des-Sables wind farm
1735,2024-09-01 02:00:00+00:00,18.1,13.7,Baie-des-Sables wind farm
1736,2024-09-01 03:00:00+00:00,18.2,12.9,Baie-des-Sables wind farm
1737,2024-09-01 04:00:00+00:00,17.6,12.7,Baie-des-Sables wind farm
1738,2024-09-01 05:00:00+00:00,17.2,12.2,Baie-des-Sables wind farm
1739,2024-09-01 06:00:00+00:00,17.9,13.4,Baie-des-Sables wind farm
1740,2024-09-01 07:00:00+00:00,19.4,14.0,Baie-des-Sables wind farm
1741,2024-09-01 08:00:00+00:00,20.9,11.5,Baie-des-Sables wind farm
1742,2024-09-01 09:00:00+00:00,22.4,13.4,Baie-des-Sables wind farm
1743,2024-09-01 10:00:00+00:00,23.9,15.5,Baie-des-Sables wind farm
1744,2024-09-01 11:00:00+00:00,24.4,15.6,Baie-des-Sables wind farm
1745,2024-09-01 12:00:00+00:00,24.8,16.6,Baie-des-Sables wind farm
1746,2024-09-01 13:00:00+00:00,25.9,20.9,Baie-des-Sables wind farm
1747,2024-09-01 14:00:00+00:00,26.0,21.9,Baie-des-Sables wind farm
1748,2024-09-01 15:00:00+00:00,25.6,21.9,Baie-des-Sables wind farm
1749,2024-09-01 16:00:00+00:00,24.9,18.9,Baie-des-Sables wind farm
1750,2024-09-01 17:00:00+00:00,21.9,15.6,Baie-des-Sables wind farm
1751,2024-09-01 18:00:00+00:00,19.0,17.6,Baie-des-Sables wind farm
1752,2024-09-01 19:00:00+00:00,17.7,20.7,Baie-des-Sables wind farm
1753,2024-09-01 20:00:00+00:00,16.7,21.0,Baie-des-Sables wind farm
1754,2024-09-01 21:00:00+00:00,15.5,21.6,Baie-des-Sables wind farm
1755,2024-09-01 22:00:00+00:00,14.2,20.1,Baie-des-Sables wind farm
1756,2024-09-01 23:00:00+00:00,13.3,17.9,Baie-des-Sables wind farm
1757,2024-09-02 00:00:00+00:00,12.4,16.3,Baie-des-Sables wind farm
1758,2024-09-02 01:00:00+00:00,11.8,15.3,Baie-des-Sables wind farm
1759,2024-09-02 02:00:00+00:00,11.4,14.7,Baie-des-Sables wind farm
1760,2024-09-02 03:00:00+00:00,11.0,14.8,Baie-des-Sables wind farm
1761,2024-09-02 04:00:00+00:00,10.8,14.7,Baie-des-Sables wind farm
1762,2024-09-02 05:00:00+00:00,10.5,14.3,Baie-des-Sables wind farm
1763,2024-09-02 06:00:00+00:00,11.1,12.7,Baie-des-Sables wind farm
1764,2024-09-02 07:00:00+00:00,12.6,13.2,Baie-des-Sables wind farm
1765,2024-09-02 08:00:00+00:00,13.6,16.5,Baie-des-Sables wind farm
1766,2024-09-02 09:00:00+00:00,14.5,17.4,Baie-des-Sables wind farm
1767,2024-09-02 10:00:00+00:00,15.1,19.1,Baie-des-Sables wind farm
1768,2024-09-02 11:00:00+00:00,15.6,18.8,Baie-des-Sables wind farm
1769,2024-09-02 12:00:00+00:00,16.2,18.1,Baie-des-Sables wind farm
1770,2024-09-02 13:00:00+00:00,16.4,19.8,Baie-des-Sables wind farm
1771,2024-09-02 14:00:00+00:00,16.2,21.9,Baie-des-Sables wind farm
1772,2024-09-02 15:00:00+00:00,15.6,20.7,Baie-des-Sables wind farm
1773,2024-09-02 16:00:00+00:00,15.2,19.9,Baie-des-Sables wind farm
1774,2024-09-02 17:00:00+00:00,14.2,17.3,Baie-des-Sables wind farm
1775,2024-09-02 18:00:00+00:00,13.4,14.5,Baie-des-Sables wind farm
1776,2024-09-02 19:00:00+00:00,13.5,16.8,Baie-des-Sables wind farm
1777,2024-09-02 20:00:00+00:00,12.3,18.1,Baie-des-Sables wind farm
1778,2024-09-02 21:00:00+00:00,11.9,19.1,Baie-des-Sables wind farm
1779,2024-09-02 22:00:00+00:00,11.5,17.0,Baie-des-Sables wind farm
1780,2024-09-02 23:00:00+00:00,11.2,17.5,Baie-des-Sables wind farm
1781,2024-09-03 00:00:00+00:00,11.1,17.0,Baie-des-Sables wind farm
1782,2024-09-03 01:00:00+00:00,10.7,17.3,Baie-des-Sables wind farm
1783,2024-09-03 02:00:00+00:00,10.3,18.2,Baie-des-Sables wind farm
1784,2024-09-03 03:00:00+00:00,10.4,18.8,Baie-des-Sables wind farm
1785,2024-09-03 04:00:00+00:00,10.1,18.8,Baie-des-Sables wind farm
1786,2024-09-03 05:00:00+00:00,9.9,18.1,Baie-des-Sables wind farm
1787,2024-09-03 06:00:00+00:00,10.4,18.8,Baie-des-Sables wind farm
1788,2024-09-03 07:00:00+00:00,11.3,22.0,Baie-des-Sables wind farm
1789,2024-09-03 08:00:00+00:00,11.5,23.5,Baie-des-Sables wind farm
1790,2024-09-03 09:00:00+00:00,12.4,22.1,Baie-des-Sables wind farm
1791,2024-09-03 10:00:00+00:00,13.5,24.1,Baie-des-Sables wind farm
1792,2024-09-03 11:00:00+00:00,14.0,18.6,Baie-des-Sables wind farm
1793,2024-09-03 12:00:00+00:00,15.2,22.3,Baie-des-Sables wind farm
1794,2024-09-03 13:00:00+00:00,16.0,23.1,Baie-des-Sables wind farm
1795,2024-09-03 14:00:00+00:00,16.3,20.3,Baie-des-Sables wind farm
1796,2024-09-03 15:00:00+00:00,16.5,15.3,Baie-des-Sables wind farm
1797,2024-09-03 16:00:00+00:00,16.5,11.9,Baie-des-Sables wind farm
1798,2024-09-03 17:00:00+00:00,15.5,12.4,Baie-des-Sables wind farm
1799,2024-09-03 18:00:00+00:00,14.4,16.9,Baie-des-Sables wind farm
1800,2024-09-03 19:00:00+00:00,14.6,20.9,Baie-des-Sables wind farm
1801,2024-09-03 20:00:00+00:00,14.8,20.6,Baie-des-Sables wind farm
1802,2024-09-03 21:00:00+00:00,14.6,19.0,Baie-des-Sables wind farm
1803,2024-09-03 22:00:00+00:00,13.9,17.2,Baie-des-Sables wind farm
1804,2024-09-03 23:00:00+00:00,13.3,16.6,Baie-des-Sables wind farm
1805,2024-09-04 00:00:00+00:00,13.2,16.7,Baie-des-Sables wind farm
1806,2024-09-04 01:00:00+00:00,12.7,16.3,Baie-des-Sables wind farm
1807,2024-09-04 02:00:00+00:00,12.2,16.0,Baie-des-Sables wind farm
1808,2024-09-04 03:00:00+00:00,11.9,14.6,Baie-des-Sables wind farm
1809,2024-09-04 04:00:00+00:00,11.8,14.8,Baie-des-Sables wind farm
1810,2024-09-04 05:00:00+00:00,11.8,15.3,Baie-des-Sables wind farm
1811,2024-09-04 06:00:00+00:00,12.5,14.3,Baie-des-Sables wind farm
1812,2024-09-04 07:00:00+00:00,14.2,12.5,Baie-des-Sables wind farm
1813,2024-09-04 08:00:00+00:00,15.8,11.6,Baie-des-Sables wind farm
1814,2024-09-04 09:00:00+00:00,17.4,10.5,Baie-des-Sables wind farm
1815,2024-09-04 10:00:00+00:00,18.8,10.5,Baie-des-Sables wind farm
1816,2024-09-04 11:00:00+00:00,19.6,10.5,Baie-des-Sables wind farm
1817,2024-09-04 12:00:00+00:00,20.3,10.1,Baie-des-Sables wind farm
1818,2024-09-04 13:00:00+00:00,21.5,9.6,Baie-des-Sables wind farm
1819,2024-09-04 14:00:00+00:00,21.9,8.4,Baie-des-Sables wind farm
1820,2024-09-04 15:00:00+00:00,21.5,5.9,Baie-des-Sables wind farm
1821,2024-09-04 16:00:00+00:00,21.9,4.3,Baie-des-Sables wind farm
1822,2024-09-04 17:00:00+00:00,21.6,9.1,Baie-des-Sables wind farm
1823,2024-09-04 18:00:00+00:00,19.9,11.9,Baie-des-Sables wind farm
1824,2024-09-04 19:00:00+00:00,19.2,13.7,Baie-des-Sables wind farm
1825,2024-09-04 20:00:00+00:00,19.1,16.5,Baie-des-Sables wind farm
1826,2024-09-04 21:00:00+00:00,19.0,15.8,Baie-des-Sables wind farm
1827,2024-09-04 22:00:00+00:00,18.8,16.7,Baie-des-Sables wind farm
1828,2024-09-04 23:00:00+00:00,18.5,17.9,Baie-des-Sables wind farm
1829,2024-09-05 00:00:00+00:00,18.2,18.5,Baie-des-Sables wind farm
1830,2024-09-05 01:00:00+00:00,17.8,18.4,Baie-des-Sables wind farm
1831,2024-09-05 02:00:00+00:00,17.5,18.6,Baie-des-Sables wind farm
1832,2024-09-05 03:00:00+00:00,17.3,19.0,Baie-des-Sables wind farm
1833,2024-09-05 04:00:00+00:00,17.2,19.0,Baie-des-Sables wind farm
1834,2024-09-05 05:00:00+00:00,16.9,17.9,Baie-des-Sables wind farm
1835,2024-09-05 06:00:00+00:00,17.5,18.4,Baie-des-Sables wind farm
1836,2024-09-05 07:00:00+00:00,19.0,15.0,Baie-des-Sables wind farm
1837,2024-09-05 08:00:00+00:00,20.8,14.8,Baie-des-Sables wind farm
1838,2024-09-05 09:00:00+00:00,22.2,18.0,Baie-des-Sables wind farm
1839,2024-09-05 10:00:00+00:00,23.2,15.3,Baie-des-Sables wind farm
1840,2024-09-05 11:00:00+00:00,24.6,14.5,Baie-des-Sables wind farm
1841,2024-09-05 12:00:00+00:00,25.3,14.0,Baie-des-Sables wind farm
1842,2024-09-05 13:00:00+00:00,26.3,11.6,Baie-des-Sables wind farm
1843,2024-09-05 14:00:00+00:00,26.7,11.1,Baie-des-Sables wind farm
1844,2024-09-05 15:00:00+00:00,26.3,9.7,Baie-des-Sables wind farm
1845,2024-09-05 16:00:00+00:00,25.8,9.6,Baie-des-Sables wind farm
1846,2024-09-05 17:00:00+00:00,24.4,10.0,Baie-des-Sables wind farm
1847,2024-09-05 18:00:00+00:00,22.5,11.6,Baie-des-Sables wind farm
1848,2024-09-05 19:00:00+00:00,21.7,13.1,Baie-des-Sables wind farm
1849,2024-09-05 20:00:00+00:00,20.7,15.3,Baie-des-Sables wind farm
1850,2024-09-05 21:00:00+00:00,20.4,15.5,Baie-des-Sables wind farm
1851,2024-09-05 22:00:00+00:00,20.4,15.8,Baie-des-Sables wind farm
1852,2024-09-05 23:00:00+00:00,20.1,16.2,Baie-des-Sables wind farm
1853,2024-09-06 00:00:00+00:00,19.5,16.5,Baie-des-Sables wind farm
1854,2024-09-06 01:00:00+00:00,19.0,16.8,Baie-des-Sables wind farm
1855,2024-09-06 02:00:00+00:00,18.6,17.1,Baie-des-Sables wind farm
1856,2024-09-06 03:00:00+00:00,18.0,17.3,Baie-des-Sables wind farm
1857,2024-09-06 04:00:00+00:00,17.3,16.6,Baie-des-Sables wind farm
1858,2024-09-06 05:00:00+00:00,16.8,16.6,Baie-des-Sables wind farm
1859,2024-09-06 06:00:00+00:00,17.2,16.0,Baie-des-Sables wind farm
1860,2024-09-06 07:00:00+00:00,18.6,13.9,Baie-des-Sables wind farm
1861,2024-09-06 08:00:00+00:00,20.2,9.4,Baie-des-Sables wind farm
1862,2024-09-06 09:00:00+00:00,22.0,9.4,Baie-des-Sables wind farm
1863,2024-09-06 10:00:00+00:00,23.5,10.1,Baie-des-Sables wind farm
1864,2024-09-06 11:00:00+00:00,24.2,7.6,Baie-des-Sables wind farm
1865,2024-09-06 12:00:00+00:00,24.4,5.0,Baie-des-Sables wind farm
1866,2024-09-06 13:00:00+00:00,24.6,4.6,Baie-des-Sables wind farm
1867,2024-09-06 14:00:00+00:00,24.8,8.8,Baie-des-Sables wind farm
1868,2024-09-06 15:00:00+00:00,24.1,11.9,Baie-des-Sables wind farm
1869,2024-09-06 16:00:00+00:00,23.2,13.7,Baie-des-Sables wind farm
1870,2024-09-06 17:00:00+00:00,21.2,12.4,Baie-des-Sables wind farm
1871,2024-09-06 18:00:00+00:00,19.2,12.6,Baie-des-Sables wind farm
1872,2024-09-06 19:00:00+00:00,17.8,14.7,Baie-des-Sables wind farm
1873,2024-09-06 20:00:00+00:00,17.8,15.8,Baie-des-Sables wind farm
1874,2024-09-06 21:00:00+00:00,18.0,16.3,Baie-des-Sables wind farm
1875,2024-09-06 22:00:00+00:00,17.3,16.3,Baie-des-Sables wind farm
1876,2024-09-06 23:00:00+00:00,16.7,16.9,Baie-des-Sables wind farm
1877,2024-09-07 00:00:00+00:00,16.0,17.4,Baie-des-Sables wind farm
1878,2024-09-07 01:00:00+00:00,15.5,17.2,Baie-des-Sables wind farm
1879,2024-09-07 02:00:00+00:00,15.2,15.3,Baie-des-Sables wind farm
1880,2024-09-07 03:00:00+00:00,14.5,17.6,Baie-des-Sables wind farm
1881,2024-09-07 04:00:00+00:00,14.1,19.5,Baie-des-Sables wind farm
1882,2024-09-07 05:00:00+00:00,13.7,19.5,Baie-des-Sables wind farm
1883,2024-09-07 06:00:00+00:00,14.5,17.0,Baie-des-Sables wind farm
1884,2024-09-07 07:00:00+00:00,15.9,13.5,Baie-des-Sables wind farm
1885,2024-09-07 08:00:00+00:00,16.9,13.5,Baie-des-Sables wind farm
1886,2024-09-07 09:00:00+00:00,18.4,18.9,Baie-des-Sables wind farm
1887,2024-09-07 10:00:00+00:00,19.1,16.0,Baie-des-Sables wind farm
1888,2024-09-07 11:00:00+00:00,19.5,15.5,Baie-des-Sables wind farm
1889,2024-09-07 12:00:00+00:00,19.4,12.9,Baie-des-Sables wind farm
1890,2024-09-07 13:00:00+00:00,19.9,11.3,Baie-des-Sables wind farm
1891,2024-09-07 14:00:00+00:00,19.5,12.2,Baie-des-Sables wind farm
1892,2024-09-07 15:00:00+00:00,19.1,10.8,Baie-des-Sables wind farm
1893,2024-09-07 16:00:00+00:00,19.1,10.5,Baie-des-Sables wind farm
1894,2024-09-07 17:00:00+00:00,17.7,10.9,Baie-des-Sables wind farm
1895,2024-09-07 18:00:00+00:00,17.2,9.7,Baie-des-Sables wind farm
1896,2024-09-07 19:00:00+00:00,17.0,11.2,Baie-des-Sables wind farm
1897,2024-09-07 20:00:00+00:00,15.1,13.2,Baie-des-Sables wind farm
1898,2024-09-07 21:00:00+00:00,14.0,11.4,Baie-des-Sables wind farm
1899,2024-09-07 22:00:00+00:00,13.8,12.3,Baie-des-Sables wind farm
1900,2024-09-07 23:00:00+00:00,13.6,10.7,Baie-des-Sables wind farm
1901,2024-09-08 00:00:00+00:00,13.8,8.6,Baie-des-Sables wind farm
1902,2024-09-08 01:00:00+00:00,14.3,8.6,Baie-des-Sables wind farm
1903,2024-09-08 02:00:00+00:00,14.5,7.9,Baie-des-Sables wind farm
1904,2024-09-08 03:00:00+00:00,14.6,8.4,Baie-des-Sables wind farm
1905,2024-09-08 04:00:00+00:00,14.8,6.8,Baie-des-Sables wind farm
1906,2024-09-08 05:00:00+00:00,14.9,4.9,Baie-des-Sables wind farm
1907,2024-09-08 06:00:00+00:00,15.1,5.3,Baie-des-Sables wind farm
1908,2024-09-08 07:00:00+00:00,15.9,9.4,Baie-des-Sables wind farm
1909,2024-09-08 08:00:00+00:00,15.4,17.1,Baie-des-Sables wind farm
1910,2024-09-08 09:00:00+00:00,16.4,16.4,Baie-des-Sables wind farm
1911,2024-09-08 10:00:00+00:00,17.8,16.6,Baie-des-Sables wind farm
1912,2024-09-08 11:00:00+00:00,18.9,15.5,Baie-des-Sables wind farm
1913,2024-09-08 12:00:00+00:00,18.4,12.6,Baie-des-Sables wind farm
1914,2024-09-08 13:00:00+00:00,18.1,10.9,Baie-des-Sables wind farm
1915,2024-09-08 14:00:00+00:00,17.7,12.3,Baie-des-Sables wind farm
1916,2024-09-08 15:00:00+00:00,16.4,14.2,Baie-des-Sables wind farm
1917,2024-09-08 16:00:00+00:00,15.3,17.7,Baie-des-Sables wind farm
1918,2024-09-08 17:00:00+00:00,13.8,16.9,Baie-des-Sables wind farm
1919,2024-09-08 18:00:00+00:00,13.1,15.2,Baie-des-Sables wind farm
1920,2024-09-08 19:00:00+00:00,12.0,13.9,Baie-des-Sables wind farm
1921,2024-09-08 20:00:00+00:00,12.1,13.8,Baie-des-Sables wind farm
1922,2024-09-08 21:00:00+00:00,11.8,16.3,Baie-des-Sables wind farm
1923,2024-09-08 22:00:00+00:00,11.2,18.5,Baie-des-Sables wind farm
1924,2024-09-08 23:00:00+00:00,10.2,17.6,Baie-des-Sables wind farm
1925,2024-09-09 00:00:00+00:00,9.8,15.6,Baie-des-Sables wind farm
1926,2024-09-09 01:00:00+00:00,10.3,15.2,Baie-des-Sables wind farm
1927,2024-09-09 02:00:00+00:00,10.0,15.1,Baie-des-Sables wind farm
1928,2024-09-09 03:00:00+00:00,9.7,16.4,Baie-des-Sables wind farm
1929,2024-09-09 04:00:00+00:00,9.5,15.1,Baie-des-Sables wind farm
1930,2024-09-09 05:00:00+00:00,10.6,16.1,Baie-des-Sables wind farm
1931,2024-09-09 06:00:00+00:00,11.5,17.2,Baie-des-Sables wind farm
1932,2024-09-09 07:00:00+00:00,12.5,18.8,Baie-des-Sables wind farm
1933,2024-09-09 08:00:00+00:00,13.0,25.8,Baie-des-Sables wind farm
1934,2024-09-09 09:00:00+00:00,13.6,24.3,Baie-des-Sables wind farm
1935,2024-09-09 10:00:00+00:00,14.4,26.3,Baie-des-Sables wind farm
1936,2024-09-09 11:00:00+00:00,14.2,23.6,Baie-des-Sables wind farm
1937,2024-09-09 12:00:00+00:00,14.5,22.9,Baie-des-Sables wind farm
1938,2024-09-09 13:00:00+00:00,14.9,22.2,Baie-des-Sables wind farm
1939,2024-09-09 14:00:00+00:00,15.2,21.3,Baie-des-Sables wind farm
1940,2024-09-09 15:00:00+00:00,15.1,20.1,Baie-des-Sables wind farm
1941,2024-09-09 16:00:00+00:00,14.9,18.5,Baie-des-Sables wind farm
1942,2024-09-09 17:00:00+00:00,14.6,19.5,Baie-des-Sables wind farm
1943,2024-09-09 18:00:00+00:00,14.0,19.2,Baie-des-Sables wind farm
1944,2024-09-09 19:00:00+00:00,13.7,19.0,Baie-des-Sables wind farm
1945,2024-09-09 20:00:00+00:00,13.3,20.0,Baie-des-Sables wind farm
1946,2024-09-09 21:00:00+00:00,12.7,20.3,Baie-des-Sables wind farm
1947,2024-09-09 22:00:00+00:00,12.1,19.3,Baie-des-Sables wind farm
1948,2024-09-09 23:00:00+00:00,12.0,18.7,Baie-des-Sables wind farm
1949,2024-09-10 00:00:00+00:00,12.3,17.9,Baie-des-Sables wind farm
1950,2024-09-10 01:00:00+00:00,12.2,17.3,Baie-des-Sables wind farm
1951,2024-09-10 02:00:00+00:00,12.1,17.0,Baie-des-Sables wind farm
1952,2024-09-10 03:00:00+00:00,12.0,16.6,Baie-des-Sables wind farm
1953,2024-09-10 04:00:00+00:00,11.7,17.1,Baie-des-Sables wind farm
1954,2024-09-10 05:00:00+00:00,11.6,17.1,Baie-des-Sables wind farm
1955,2024-09-10 06:00:00+00:00,11.9,16.1,Baie-des-Sables wind farm
1956,2024-09-10 07:00:00+00:00,12.4,16.2,Baie-des-Sables wind farm
1957,2024-09-10 08:00:00+00:00,13.3,17.7,Baie-des-Sables wind farm
1958,2024-09-10 09:00:00+00:00,13.6,17.7,Baie-des-Sables wind farm
1959,2024-09-10 10:00:00+00:00,14.3,18.5,Baie-des-Sables wind farm
1960,2024-09-10 11:00:00+00:00,15.3,19.1,Baie-des-Sables wind farm
1961,2024-09-10 12:00:00+00:00,15.6,18.4,Baie-des-Sables wind farm
1962,2024-09-10 13:00:00+00:00,15.3,15.9,Baie-des-Sables wind farm
1963,2024-09-10 14:00:00+00:00,15.5,17.3,Baie-des-Sables wind farm
1964,2024-09-10 15:00:00+00:00,15.1,17.6,Baie-des-Sables wind farm
1965,2024-09-10 16:00:00+00:00,14.5,15.8,Baie-des-Sables wind farm
1966,2024-09-10 17:00:00+00:00,13.8,12.6,Baie-des-Sables wind farm
1967,2024-09-10 18:00:00+00:00,13.5,13.9,Baie-des-Sables wind farm
1968,2024-09-10 19:00:00+00:00,13.0,15.0,Baie-des-Sables wind farm
1969,2024-09-10 20:00:00+00:00,12.9,16.2,Baie-des-Sables wind farm
1970,2024-09-10 21:00:00+00:00,13.0,15.5,Baie-des-Sables wind farm
1971,2024-09-10 22:00:00+00:00,12.8,15.0,Baie-des-Sables wind farm
1972,2024-09-10 23:00:00+00:00,12.5,15.0,Baie-des-Sables wind farm
1973,2024-09-11 00:00:00+00:00,12.2,13.9,Baie-des-Sables wind farm
1974,2024-09-11 01:00:00+00:00,11.4,14.9,Baie-des-Sables wind farm
1975,2024-09-11 02:00:00+00:00,11.1,15.0,Baie-des-Sables wind farm
1976,2024-09-11 03:00:00+00:00,10.8,15.4,Baie-des-Sables wind farm
1977,2024-09-11 04:00:00+00:00,11.0,14.7,Baie-des-Sables wind farm
1978,2024-09-11 05:00:00+00:00,10.9,13.0,Baie-des-Sables wind farm
1979,2024-09-11 06:00:00+00:00,11.0,11.0,Baie-des-Sables wind farm
1980,2024-09-11 07:00:00+00:00,11.6,12.3,Baie-des-Sables wind farm
1981,2024-09-11 08:00:00+00:00,11.6,12.8,Baie-des-Sables wind farm
1982,2024-09-11 09:00:00+00:00,13.3,12.6,Baie-des-Sables wind farm
1983,2024-09-11 10:00:00+00:00,14.6,12.3,Baie-des-Sables wind farm
1984,2024-09-11 11:00:00+00:00,15.5,12.3,Baie-des-Sables wind farm
1985,2024-09-11 12:00:00+00:00,16.1,11.5,Baie-des-Sables wind farm
1986,2024-09-11 13:00:00+00:00,16.7,9.4,Baie-des-Sables wind farm
1987,2024-09-11 14:00:00+00:00,17.3,8.3,Baie-des-Sables wind farm
1988,2024-09-11 15:00:00+00:00,17.3,7.3,Baie-des-Sables wind farm
1989,2024-09-11 16:00:00+00:00,16.8,6.2,Baie-des-Sables wind farm
1990,2024-09-11 17:00:00+00:00,15.6,3.7,Baie-des-Sables wind farm
1991,2024-09-11 18:00:00+00:00,14.1,3.8,Baie-des-Sables wind farm
1992,2024-09-11 19:00:00+00:00,12.2,10.7,Baie-des-Sables wind farm
1993,2024-09-11 20:00:00+00:00,11.3,7.2,Baie-des-Sables wind farm
1994,2024-09-11 21:00:00+00:00,10.1,7.6,Baie-des-Sables wind farm
1995,2024-09-11 22:00:00+00:00,8.8,5.9,Baie-des-Sables wind farm
1996,2024-09-11 23:00:00+00:00,8.1,6.5,Baie-des-Sables wind farm
1997,2024-09-12 00:00:00+00:00,8.0,8.4,Baie-des-Sables wind farm
1998,2024-09-12 01:00:00+00:00,8.5,9.5,Baie-des-Sables wind farm
1999,2024-09-12 02:00:00+00:00,8.9,10.3,Baie-des-Sables wind farm
2000,2024-09-12 03:00:00+00:00,9.4,10.3,Baie-des-Sables wind farm
2001,2024-09-12 04:00:00+00:00,9.7,9.9,Baie-des-Sables wind farm
2002,2024-09-12 05:00:00+00:00,10.3,9.2,Baie-des-Sables wind farm
2003,2024-09-12 06:00:00+00:00,11.5,9.0,Baie-des-Sables wind farm
2004,2024-09-12 07:00:00+00:00,15.0,6.9,Baie-des-Sables wind farm
2005,2024-09-12 08:00:00+00:00,17.2,3.3,Baie-des-Sables wind farm
2006,2024-09-12 09:00:00+00:00,18.7,4.7,Baie-des-Sables wind farm
2007,2024-09-12 10:00:00+00:00,19.7,5.6,Baie-des-Sables wind farm
2008,2024-09-12 11:00:00+00:00,20.3,7.6,Baie-des-Sables wind farm
2009,2024-09-12 12:00:00+00:00,20.6,8.0,Baie-des-Sables wind farm
2010,2024-09-12 13:00:00+00:00,20.6,6.7,Baie-des-Sables wind farm
2011,2024-09-12 14:00:00+00:00,20.6,6.9,Baie-des-Sables wind farm
2012,2024-09-12 15:00:00+00:00,21.3,4.7,Baie-des-Sables wind farm
2013,2024-09-12 16:00:00+00:00,21.5,5.5,Baie-des-Sables wind farm
2014,2024-09-12 17:00:00+00:00,19.6,4.4,Baie-des-Sables wind farm
2015,2024-09-12 18:00:00+00:00,17.0,6.7,Baie-des-Sables wind farm
2016,2024-09-12 19:00:00+00:00,17.7,5.8,Baie-des-Sables wind farm
2017,2024-09-12 20:00:00+00:00,17.2,9.4,Baie-des-Sables wind farm
2018,2024-09-12 21:00:00+00:00,17.3,12.9,Baie-des-Sables wind farm
2019,2024-09-12 22:00:00+00:00,17.4,13.0,Baie-des-Sables wind farm
2020,2024-09-12 23:00:00+00:00,17.1,13.5,Baie-des-Sables wind farm
2021,2024-09-13 00:00:00+00:00,17.4,15.6,Baie-des-Sables wind farm
2022,2024-09-13 01:00:00+00:00,17.1,14.4,Baie-des-Sables wind farm
2023,2024-09-13 02:00:00+00:00,16.7,13.8,Baie-des-Sables wind farm
2024,2024-09-13 03:00:00+00:00,16.3,13.3,Baie-des-Sables wind farm
2025,2024-09-13 04:00:00+00:00,16.1,13.1,Baie-des-Sables wind farm
2026,2024-09-13 05:00:00+00:00,16.1,12.8,Baie-des-Sables wind farm
2027,2024-09-13 06:00:00+00:00,16.1,12.7,Baie-des-Sables wind farm
2028,2024-09-13 07:00:00+00:00,17.1,12.6,Baie-des-Sables wind farm
2029,2024-09-13 08:00:00+00:00,19.3,13.0,Baie-des-Sables wind farm
2030,2024-09-13 09:00:00+00:00,19.7,13.4,Baie-des-Sables wind farm
2031,2024-09-13 10:00:00+00:00,20.3,12.8,Baie-des-Sables wind farm
2032,2024-09-13 11:00:00+00:00,20.9,12.5,Baie-des-Sables wind farm
2033,2024-09-13 12:00:00+00:00,21.3,11.3,Baie-des-Sables wind farm
2034,2024-09-13 13:00:00+00:00,21.9,11.3,Baie-des-Sables wind farm
2035,2024-09-13 14:00:00+00:00,21.8,12.2,Baie-des-Sables wind farm
2036,2024-09-13 15:00:00+00:00,21.2,11.4,Baie-des-Sables wind farm
2037,2024-09-13 16:00:00+00:00,20.1,10.4,Baie-des-Sables wind farm
2038,2024-09-13 17:00:00+00:00,18.3,8.7,Baie-des-Sables wind farm
2039,2024-09-13 18:00:00+00:00,15.5,7.6,Baie-des-Sables wind farm
2040,2024-09-13 19:00:00+00:00,15.1,9.4,Baie-des-Sables wind farm
2041,2024-09-13 20:00:00+00:00,13.3,7.6,Baie-des-Sables wind farm
2042,2024-09-13 21:00:00+00:00,13.4,4.3,Baie-des-Sables wind farm
2043,2024-09-13 22:00:00+00:00,12.9,5.7,Baie-des-Sables wind farm
2044,2024-09-13 23:00:00+00:00,12.7,6.8,Baie-des-Sables wind farm
2045,2024-09-14 00:00:00+00:00,12.1,9.7,Baie-des-Sables wind farm
2046,2024-09-14 01:00:00+00:00,11.0,7.1,Baie-des-Sables wind farm
2047,2024-09-14 02:00:00+00:00,10.1,6.3,Baie-des-Sables wind farm
2048,2024-09-14 03:00:00+00:00,10.1,6.0,Baie-des-Sables wind farm
2049,2024-09-14 04:00:00+00:00,9.6,7.4,Baie-des-Sables wind farm
2050,2024-09-14 05:00:00+00:00,9.0,5.4,Baie-des-Sables wind farm
2051,2024-09-14 06:00:00+00:00,9.5,6.2,Baie-des-Sables wind farm
2052,2024-09-14 07:00:00+00:00,11.4,4.2,Baie-des-Sables wind farm
2053,2024-09-14 08:00:00+00:00,13.3,7.2,Baie-des-Sables wind farm
2054,2024-09-14 09:00:00+00:00,14.8,6.3,Baie-des-Sables wind farm
2055,2024-09-14 10:00:00+00:00,15.8,7.3,Baie-des-Sables wind farm
2056,2024-09-14 11:00:00+00:00,16.6,6.8,Baie-des-Sables wind farm
2057,2024-09-14 12:00:00+00:00,17.0,6.4,Baie-des-Sables wind farm
2058,2024-09-14 13:00:00+00:00,17.0,5.3,Baie-des-Sables wind farm
2059,2024-09-14 14:00:00+00:00,17.3,4.6,Baie-des-Sables wind farm
2060,2024-09-14 15:00:00+00:00,17.5,4.8,Baie-des-Sables wind farm
2061,2024-09-14 16:00:00+00:00,17.3,4.7,Baie-des-Sables wind farm
2062,2024-09-14 17:00:00+00:00,15.7,5.1,Baie-des-Sables wind farm
2063,2024-09-14 18:00:00+00:00,14.3,5.4,Baie-des-Sables wind farm
2064,2024-09-14 19:00:00+00:00,12.9,6.2,Baie-des-Sables wind farm
2065,2024-09-14 20:00:00+00:00,11.4,4.8,Baie-des-Sables wind farm
2066,2024-09-14 21:00:00+00:00,11.3,6.7,Baie-des-Sables wind farm
2067,2024-09-14 22:00:00+00:00,11.6,10.0,Baie-des-Sables wind farm
2068,2024-09-14 23:00:00+00:00,12.0,9.9,Baie-des-Sables wind farm
2069,2024-09-15 00:00:00+00:00,12.2,10.5,Baie-des-Sables wind farm
2070,2024-09-15 01:00:00+00:00,12.6,10.5,Baie-des-Sables wind farm
2071,2024-09-15 02:00:00+00:00,12.5,10.2,Baie-des-Sables wind farm
2072,2024-09-15 03:00:00+00:00,12.4,10.8,Baie-des-Sables wind farm
2073,2024-09-15 04:00:00+00:00,12.6,13.1,Baie-des-Sables wind farm
2074,2024-09-15 05:00:00+00:00,12.7,11.8,Baie-des-Sables wind farm
2075,2024-09-15 06:00:00+00:00,13.3,10.8,Baie-des-Sables wind farm
2076,2024-09-15 07:00:00+00:00,15.7,9.2,Baie-des-Sables wind farm
2077,2024-09-15 08:00:00+00:00,17.7,7.9,Baie-des-Sables wind farm
2078,2024-09-15 09:00:00+00:00,19.8,8.1,Baie-des-Sables wind farm
2079,2024-09-15 10:00:00+00:00,20.9,8.3,Baie-des-Sables wind farm
2080,2024-09-15 11:00:00+00:00,22.0,7.9,Baie-des-Sables wind farm
2081,2024-09-15 12:00:00+00:00,23.4,7.3,Baie-des-Sables wind farm
2082,2024-09-15 13:00:00+00:00,24.6,7.4,Baie-des-Sables wind farm
2083,2024-09-15 14:00:00+00:00,24.6,7.7,Baie-des-Sables wind farm
2084,2024-09-15 15:00:00+00:00,24.4,8.0,Baie-des-Sables wind farm
2085,2024-09-15 16:00:00+00:00,23.5,6.4,Baie-des-Sables wind farm
2086,2024-09-15 17:00:00+00:00,22.3,8.9,Baie-des-Sables wind farm
2087,2024-09-15 18:00:00+00:00,21.7,14.4,Baie-des-Sables wind farm
2088,2024-09-15 19:00:00+00:00,21.6,16.4,Baie-des-Sables wind farm
2089,2024-09-15 20:00:00+00:00,20.6,14.4,Baie-des-Sables wind farm
2090,2024-09-15 21:00:00+00:00,20.7,16.1,Baie-des-Sables wind farm
2091,2024-09-15 22:00:00+00:00,20.9,15.8,Baie-des-Sables wind farm
2092,2024-09-15 23:00:00+00:00,20.6,14.3,Baie-des-Sables wind farm
2093,2024-09-16 00:00:00+00:00,20.4,15.6,Baie-des-Sables wind farm
2094,2024-09-16 01:00:00+00:00,20.4,16.1,Baie-des-Sables wind farm
2095,2024-09-16 02:00:00+00:00,20.1,17.1,Baie-des-Sables wind farm
2096,2024-09-16 03:00:00+00:00,20.1,18.4,Baie-des-Sables wind farm
2097,2024-09-16 04:00:00+00:00,19.9,18.5,Baie-des-Sables wind farm
2098,2024-09-16 05:00:00+00:00,19.7,18.8,Baie-des-Sables wind farm
2099,2024-09-16 06:00:00+00:00,19.8,18.4,Baie-des-Sables wind farm
2100,2024-09-16 07:00:00+00:00,21.0,17.7,Baie-des-Sables wind farm
2101,2024-09-16 08:00:00+00:00,22.3,18.5,Baie-des-Sables wind farm
2102,2024-09-16 09:00:00+00:00,23.6,19.7,Baie-des-Sables wind farm
2103,2024-09-16 10:00:00+00:00,24.6,21.6,Baie-des-Sables wind farm
2104,2024-09-16 11:00:00+00:00,25.9,22.9,Baie-des-Sables wind farm
2105,2024-09-16 12:00:00+00:00,26.6,22.5,Baie-des-Sables wind farm
2106,2024-09-16 13:00:00+00:00,25.8,21.9,Baie-des-Sables wind farm
2107,2024-09-16 14:00:00+00:00,27.0,21.4,Baie-des-Sables wind farm
2108,2024-09-16 15:00:00+00:00,27.1,22.4,Baie-des-Sables wind farm
2109,2024-09-16 16:00:00+00:00,26.5,23.0,Baie-des-Sables wind farm
2110,2024-09-16 17:00:00+00:00,25.5,21.1,Baie-des-Sables wind farm
2111,2024-09-16 18:00:00+00:00,24.8,21.1,Baie-des-Sables wind farm
2112,2024-09-16 19:00:00+00:00,24.4,21.3,Baie-des-Sables wind farm
2113,2024-09-16 20:00:00+00:00,24.0,18.8,Baie-des-Sables wind farm
2114,2024-09-16 21:00:00+00:00,23.7,19.6,Baie-des-Sables wind farm
2115,2024-09-16 22:00:00+00:00,23.4,19.4,Baie-des-Sables wind farm
2116,2024-09-16 23:00:00+00:00,23.0,19.1,Baie-des-Sables wind farm
2117,2024-09-17 00:00:00+00:00,22.8,20.6,Baie-des-Sables wind farm
2118,2024-09-17 01:00:00+00:00,22.5,19.2,Baie-des-Sables wind farm
2119,2024-09-17 02:00:00+00:00,22.1,18.9,Baie-des-Sables wind farm
2120,2024-09-17 03:00:00+00:00,21.5,19.4,Baie-des-Sables wind farm
2121,2024-09-17 04:00:00+00:00,21.2,20.0,Baie-des-Sables wind farm
2122,2024-09-17 05:00:00+00:00,20.9,20.3,Baie-des-Sables wind farm
2123,2024-09-17 06:00:00+00:00,20.9,20.0,Baie-des-Sables wind farm
2124,2024-09-17 07:00:00+00:00,21.6,19.3,Baie-des-Sables wind farm
2125,2024-09-17 08:00:00+00:00,22.9,19.1,Baie-des-Sables wind farm
2126,2024-09-17 09:00:00+00:00,23.3,20.1,Baie-des-Sables wind farm
2127,2024-09-17 10:00:00+00:00,23.5,20.2,Baie-des-Sables wind farm
2128,2024-09-17 11:00:00+00:00,24.6,17.5,Baie-des-Sables wind farm
2129,2024-09-17 12:00:00+00:00,25.6,16.9,Baie-des-Sables wind farm
2130,2024-09-17 13:00:00+00:00,25.8,15.5,Baie-des-Sables wind farm
2131,2024-09-17 14:00:00+00:00,26.0,16.2,Baie-des-Sables wind farm
2132,2024-09-17 15:00:00+00:00,25.8,16.6,Baie-des-Sables wind farm
2133,2024-09-17 16:00:00+00:00,24.8,16.1,Baie-des-Sables wind farm
2134,2024-09-17 17:00:00+00:00,23.6,15.8,Baie-des-Sables wind farm
2135,2024-09-17 18:00:00+00:00,22.4,14.1,Baie-des-Sables wind farm
2136,2024-09-17 19:00:00+00:00,21.7,13.0,Baie-des-Sables wind farm
2137,2024-09-17 20:00:00+00:00,21.5,12.6,Baie-des-Sables wind farm
2138,2024-09-17 21:00:00+00:00,20.8,10.6,Baie-des-Sables wind farm
2139,2024-09-17 22:00:00+00:00,20.4,10.6,Baie-des-Sables wind farm
2140,2024-09-17 23:00:00+00:00,20.0,11.5,Baie-des-Sables wind farm
2141,2024-09-18 00:00:00+00:00,19.8,12.0,Baie-des-Sables wind farm
2142,2024-09-18 01:00:00+00:00,19.5,12.6,Baie-des-Sables wind farm
2143,2024-09-18 02:00:00+00:00,19.2,12.5,Baie-des-Sables wind farm
2144,2024-09-18 03:00:00+00:00,19.0,11.7,Baie-des-Sables wind farm
2145,2024-09-18 04:00:00+00:00,18.8,11.8,Baie-des-Sables wind farm
2146,2024-09-18 05:00:00+00:00,18.6,11.8,Baie-des-Sables wind farm
2147,2024-09-18 06:00:00+00:00,19.0,12.0,Baie-des-Sables wind farm
2148,2024-09-18 07:00:00+00:00,20.8,11.5,Baie-des-Sables wind farm
2149,2024-09-18 08:00:00+00:00,22.2,10.7,Baie-des-Sables wind farm
2150,2024-09-18 09:00:00+00:00,23.1,11.4,Baie-des-Sables wind farm
2151,2024-09-18 10:00:00+00:00,24.0,11.8,Baie-des-Sables wind farm
2152,2024-09-18 11:00:00+00:00,24.7,13.0,Baie-des-Sables wind farm
2153,2024-09-18 12:00:00+00:00,25.4,13.0,Baie-des-Sables wind farm
2154,2024-09-18 13:00:00+00:00,25.9,13.8,Baie-des-Sables wind farm
2155,2024-09-18 14:00:00+00:00,26.2,13.9,Baie-des-Sables wind farm
2156,2024-09-18 15:00:00+00:00,26.4,13.6,Baie-des-Sables wind farm
2157,2024-09-18 16:00:00+00:00,25.7,13.4,Baie-des-Sables wind farm
2158,2024-09-18 17:00:00+00:00,24.6,14.5,Baie-des-Sables wind farm
2159,2024-09-18 18:00:00+00:00,23.7,17.0,Baie-des-Sables wind farm
2160,2024-09-18 19:00:00+00:00,22.9,18.5,Baie-des-Sables wind farm
2161,2024-09-18 20:00:00+00:00,22.5,18.0,Baie-des-Sables wind farm
2162,2024-09-18 21:00:00+00:00,20.6,11.7,Baie-des-Sables wind farm
2163,2024-09-18 22:00:00+00:00,17.5,6.6,Baie-des-Sables wind farm
2164,2024-09-18 23:00:00+00:00,16.3,3.7,Baie-des-Sables wind farm
2165,2024-09-19 00:00:00+00:00,15.6,2.9,Baie-des-Sables wind farm
2166,2024-09-19 01:00:00+00:00,15.0,4.3,Baie-des-Sables wind farm
2167,2024-09-19 02:00:00+00:00,14.8,6.6,Baie-des-Sables wind farm
2168,2024-09-19 03:00:00+00:00,14.3,9.2,Baie-des-Sables wind farm
2169,2024-09-19 04:00:00+00:00,13.9,9.3,Baie-des-Sables wind farm
2170,2024-09-19 05:00:00+00:00,13.4,8.0,Baie-des-Sables wind farm
2171,2024-09-19 06:00:00+00:00,13.1,9.1,Baie-des-Sables wind farm
2172,2024-09-19 07:00:00+00:00,13.4,9.2,Baie-des-Sables wind farm
2173,2024-09-19 08:00:00+00:00,13.9,10.4,Baie-des-Sables wind farm
2174,2024-09-19 09:00:00+00:00,14.7,11.7,Baie-des-Sables wind farm
2175,2024-09-19 10:00:00+00:00,15.9,12.9,Baie-des-Sables wind farm
2176,2024-09-19 11:00:00+00:00,16.7,13.4,Baie-des-Sables wind farm
2177,2024-09-19 12:00:00+00:00,16.2,13.7,Baie-des-Sables wind farm
2178,2024-09-19 13:00:00+00:00,16.3,15.1,Baie-des-Sables wind farm
2179,2024-09-19 14:00:00+00:00,16.3,14.7,Baie-des-Sables wind farm
2180,2024-09-19 15:00:00+00:00,16.1,14.3,Baie-des-Sables wind farm
2181,2024-09-19 16:00:00+00:00,15.4,13.0,Baie-des-Sables wind farm
2182,2024-09-19 17:00:00+00:00,14.2,12.5,Baie-des-Sables wind farm
2183,2024-09-19 18:00:00+00:00,13.5,11.5,Baie-des-Sables wind farm
2184,2024-09-19 19:00:00+00:00,12.8,8.6,Baie-des-Sables wind farm
2185,2024-09-19 20:00:00+00:00,12.0,6.3,Baie-des-Sables wind farm
2186,2024-09-19 21:00:00+00:00,11.9,5.8,Baie-des-Sables wind farm
2187,2024-09-19 22:00:00+00:00,12.7,11.7,Baie-des-Sables wind farm
2188,2024-09-19 23:00:00+00:00,14.4,15.3,Baie-des-Sables wind farm
2189,2024-09-20 00:00:00+00:00,13.5,15.4,Baie-des-Sables wind farm
2190,2024-09-20 01:00:00+00:00,12.7,13.8,Baie-des-Sables wind farm
2191,2024-09-20 02:00:00+00:00,12.0,11.0,Baie-des-Sables wind farm
2192,2024-09-20 03:00:00+00:00,11.1,7.2,Baie-des-Sables wind farm
2193,2024-09-20 04:00:00+00:00,10.5,5.4,Baie-des-Sables wind farm
2194,2024-09-20 05:00:00+00:00,10.1,9.4,Baie-des-Sables wind farm
2195,2024-09-20 06:00:00+00:00,10.4,10.4,Baie-des-Sables wind farm
2196,2024-09-20 07:00:00+00:00,12.8,7.5,Baie-des-Sables wind farm
2197,2024-09-20 08:00:00+00:00,14.9,7.6,Baie-des-Sables wind farm
2198,2024-09-20 09:00:00+00:00,16.8,9.8,Baie-des-Sables wind farm
2199,2024-09-20 10:00:00+00:00,18.4,9.3,Baie-des-Sables wind farm
2200,2024-09-20 11:00:00+00:00,19.5,8.0,Baie-des-Sables wind farm
2201,2024-09-20 12:00:00+00:00,20.1,8.3,Baie-des-Sables wind farm
2202,2024-09-20 13:00:00+00:00,20.3,7.9,Baie-des-Sables wind farm
2203,2024-09-20 14:00:00+00:00,20.3,7.4,Baie-des-Sables wind farm
2204,2024-09-20 15:00:00+00:00,19.6,7.3,Baie-des-Sables wind farm
2205,2024-09-20 16:00:00+00:00,18.7,6.6,Baie-des-Sables wind farm
2206,2024-09-20 17:00:00+00:00,16.8,5.7,Baie-des-Sables wind farm
2207,2024-09-20 18:00:00+00:00,14.7,5.8,Baie-des-Sables wind farm
2208,2024-09-20 19:00:00+00:00,13.7,6.5,Baie-des-Sables wind farm
2209,2024-09-20 20:00:00+00:00,12.9,12.6,Baie-des-Sables wind farm
2210,2024-09-20 21:00:00+00:00,12.4,12.5,Baie-des-Sables wind farm
2211,2024-09-20 22:00:00+00:00,12.0,13.5,Baie-des-Sables wind farm
2212,2024-09-20 23:00:00+00:00,11.7,14.3,Baie-des-Sables wind farm
2213,2024-09-21 00:00:00+00:00,11.6,13.8,Baie-des-Sables wind farm
2214,2024-09-21 01:00:00+00:00,11.0,12.8,Baie-des-Sables wind farm
2215,2024-09-21 02:00:00+00:00,10.3,9.4,Baie-des-Sables wind farm
2216,2024-09-21 03:00:00+00:00,9.8,5.3,Baie-des-Sables wind farm
2217,2024-09-21 04:00:00+00:00,9.1,4.0,Baie-des-Sables wind farm
2218,2024-09-21 05:00:00+00:00,8.5,2.5,Baie-des-Sables wind farm
2219,2024-09-21 06:00:00+00:00,9.2,2.7,Baie-des-Sables wind farm
2220,2024-09-21 07:00:00+00:00,12.3,3.1,Baie-des-Sables wind farm
2221,2024-09-21 08:00:00+00:00,14.8,0.7,Baie-des-Sables wind farm
2222,2024-09-21 09:00:00+00:00,16.5,1.5,Baie-des-Sables wind farm
2223,2024-09-21 10:00:00+00:00,17.7,3.0,Baie-des-Sables wind farm
2224,2024-09-21 11:00:00+00:00,18.7,3.3,Baie-des-Sables wind farm
2225,2024-09-21 12:00:00+00:00,18.4,6.1,Baie-des-Sables wind farm
2226,2024-09-21 13:00:00+00:00,17.7,8.3,Baie-des-Sables wind farm
2227,2024-09-21 14:00:00+00:00,17.5,10.1,Baie-des-Sables wind farm
2228,2024-09-21 15:00:00+00:00,17.3,10.6,Baie-des-Sables wind farm
2229,2024-09-21 16:00:00+00:00,16.9,9.4,Baie-des-Sables wind farm
2230,2024-09-21 17:00:00+00:00,15.6,7.7,Baie-des-Sables wind farm
2231,2024-09-21 18:00:00+00:00,14.2,6.9,Baie-des-Sables wind farm
2232,2024-09-21 19:00:00+00:00,13.7,10.5,Baie-des-Sables wind farm
2233,2024-09-21 20:00:00+00:00,13.1,11.5,Baie-des-Sables wind farm
2234,2024-09-21 21:00:00+00:00,13.1,11.2,Baie-des-Sables wind farm
2235,2024-09-21 22:00:00+00:00,12.5,10.9,Baie-des-Sables wind farm
2236,2024-09-21 23:00:00+00:00,11.8,10.5,Baie-des-Sables wind farm
2237,2024-09-22 00:00:00+00:00,11.1,6.9,Baie-des-Sables wind farm
2238,2024-09-22 01:00:00+00:00,10.5,4.8,Baie-des-Sables wind farm
2239,2024-09-22 02:00:00+00:00,10.1,6.5,Baie-des-Sables wind farm
2240,2024-09-22 03:00:00+00:00,9.8,6.5,Baie-des-Sables wind farm
2241,2024-09-22 04:00:00+00:00,9.3,7.2,Baie-des-Sables wind farm
2242,2024-09-22 05:00:00+00:00,9.3,6.6,Baie-des-Sables wind farm
2243,2024-09-22 06:00:00+00:00,9.5,5.9,Baie-des-Sables wind farm
2244,2024-09-22 07:00:00+00:00,11.5,4.3,Baie-des-Sables wind farm
2245,2024-09-22 08:00:00+00:00,13.5,5.1,Baie-des-Sables wind farm
2246,2024-09-22 09:00:00+00:00,15.0,6.2,Baie-des-Sables wind farm
2247,2024-09-22 10:00:00+00:00,16.0,8.2,Baie-des-Sables wind farm
2248,2024-09-22 11:00:00+00:00,16.1,9.9,Baie-des-Sables wind farm
2249,2024-09-22 12:00:00+00:00,15.6,12.3,Baie-des-Sables wind farm
2250,2024-09-22 13:00:00+00:00,14.3,12.9,Baie-des-Sables wind farm
2251,2024-09-22 14:00:00+00:00,14.4,12.0,Baie-des-Sables wind farm
2252,2024-09-22 15:00:00+00:00,14.2,11.8,Baie-des-Sables wind farm
2253,2024-09-22 16:00:00+00:00,13.6,10.9,Baie-des-Sables wind farm
2254,2024-09-22 17:00:00+00:00,12.3,9.9,Baie-des-Sables wind farm
2255,2024-09-22 18:00:00+00:00,10.7,11.1,Baie-des-Sables wind farm
2256,2024-09-22 19:00:00+00:00,10.2,9.2,Baie-des-Sables wind farm
2257,2024-09-22 20:00:00+00:00,9.9,7.0,Baie-des-Sables wind farm
2258,2024-09-22 21:00:00+00:00,10.0,6.9,Baie-des-Sables wind farm
2259,2024-09-22 22:00:00+00:00,10.1,5.7,Baie-des-Sables wind farm
2260,2024-09-22 23:00:00+00:00,10.1,6.6,Baie-des-Sables wind farm
2261,2024-09-23 00:00:00+00:00,10.1,7.8,Baie-des-Sables wind farm
2262,2024-09-23 01:00:00+00:00,9.8,7.9,Baie-des-Sables wind farm
2263,2024-09-23 02:00:00+00:00,9.8,9.0,Baie-des-Sables wind farm
2264,2024-09-23 03:00:00+00:00,9.4,8.0,Baie-des-Sables wind farm
2265,2024-09-23 04:00:00+00:00,9.0,8.1,Baie-des-Sables wind farm
2266,2024-09-23 05:00:00+00:00,8.9,7.6,Baie-des-Sables wind farm
2267,2024-09-23 06:00:00+00:00,9.4,7.8,Baie-des-Sables wind farm
2268,2024-09-23 07:00:00+00:00,11.8,4.7,Baie-des-Sables wind farm
2269,2024-09-23 08:00:00+00:00,13.0,3.9,Baie-des-Sables wind farm
2270,2024-09-23 09:00:00+00:00,14.4,1.1,Baie-des-Sables wind farm
2271,2024-09-23 10:00:00+00:00,15.4,1.6,Baie-des-Sables wind farm
2272,2024-09-23 11:00:00+00:00,16.5,2.5,Baie-des-Sables wind farm
2273,2024-09-23 12:00:00+00:00,17.3,3.5,Baie-des-Sables wind farm
2274,2024-09-23 13:00:00+00:00,16.6,6.8,Baie-des-Sables wind farm
2275,2024-09-23 14:00:00+00:00,15.8,10.0,Baie-des-Sables wind farm
2276,2024-09-23 15:00:00+00:00,15.6,10.4,Baie-des-Sables wind farm
2277,2024-09-23 16:00:00+00:00,15.2,9.4,Baie-des-Sables wind farm
2278,2024-09-23 17:00:00+00:00,13.9,9.5,Baie-des-Sables wind farm
2279,2024-09-23 18:00:00+00:00,13.0,8.4,Baie-des-Sables wind farm
2280,2024-09-23 19:00:00+00:00,12.9,7.4,Baie-des-Sables wind farm
2281,2024-09-23 20:00:00+00:00,11.6,5.4,Baie-des-Sables wind farm
2282,2024-09-23 21:00:00+00:00,11.2,6.6,Baie-des-Sables wind farm
2283,2024-09-23 22:00:00+00:00,10.4,8.1,Baie-des-Sables wind farm
2284,2024-09-23 23:00:00+00:00,9.8,9.1,Baie-des-Sables wind farm
2285,2024-09-24 00:00:00+00:00,9.2,8.5,Baie-des-Sables wind farm
2286,2024-09-24 01:00:00+00:00,8.7,8.9,Baie-des-Sables wind farm
2287,2024-09-24 02:00:00+00:00,8.7,10.0,Baie-des-Sables wind farm
2288,2024-09-24 03:00:00+00:00,8.8,10.3,Baie-des-Sables wind farm
2289,2024-09-24 04:00:00+00:00,9.2,9.8,Baie-des-Sables wind farm
2290,2024-09-24 05:00:00+00:00,8.9,9.4,Baie-des-Sables wind farm
2291,2024-09-24 06:00:00+00:00,8.9,8.4,Baie-des-Sables wind farm
2292,2024-09-24 07:00:00+00:00,11.4,5.3,Baie-des-Sables wind farm
2293,2024-09-24 08:00:00+00:00,14.2,3.8,Baie-des-Sables wind farm
2294,2024-09-24 09:00:00+00:00,16.2,3.0,Baie-des-Sables wind farm
2295,2024-09-24 10:00:00+00:00,17.7,5.4,Baie-des-Sables wind farm
2296,2024-09-24 11:00:00+00:00,18.4,7.3,Baie-des-Sables wind farm
2297,2024-09-24 12:00:00+00:00,18.4,8.0,Baie-des-Sables wind farm
2298,2024-09-24 13:00:00+00:00,18.6,8.7,Baie-des-Sables wind farm
2299,2024-09-24 14:00:00+00:00,17.8,10.0,Baie-des-Sables wind farm
2300,2024-09-24 15:00:00+00:00,16.8,11.8,Baie-des-Sables wind farm
2301,2024-09-24 16:00:00+00:00,15.3,11.8,Baie-des-Sables wind farm
2302,2024-09-24 17:00:00+00:00,13.2,11.0,Baie-des-Sables wind farm
2303,2024-09-24 18:00:00+00:00,11.9,8.1,Baie-des-Sables wind farm
2304,2024-09-24 19:00:00+00:00,11.7,6.3,Baie-des-Sables wind farm
2305,2024-09-24 20:00:00+00:00,11.4,13.4,Baie-des-Sables wind farm
2306,2024-09-24 21:00:00+00:00,11.4,15.1,Baie-des-Sables wind farm
2307,2024-09-24 22:00:00+00:00,11.0,17.1,Baie-des-Sables wind farm
2308,2024-09-24 23:00:00+00:00,10.6,17.8,Baie-des-Sables wind farm
2309,2024-09-25 00:00:00+00:00,10.4,16.8,Baie-des-Sables wind farm
2310,2024-09-25 01:00:00+00:00,10.4,16.5,Baie-des-Sables wind farm
2311,2024-09-25 02:00:00+00:00,10.4,16.3,Baie-des-Sables wind farm
2312,2024-09-25 03:00:00+00:00,10.4,14.6,Baie-des-Sables wind farm
2313,2024-09-25 04:00:00+00:00,10.2,13.6,Baie-des-Sables wind farm
2314,2024-09-25 05:00:00+00:00,10.3,14.1,Baie-des-Sables wind farm
2315,2024-09-25 06:00:00+00:00,10.6,13.0,Baie-des-Sables wind farm
2316,2024-09-25 07:00:00+00:00,11.6,12.4,Baie-des-Sables wind farm
2317,2024-09-25 08:00:00+00:00,12.7,12.3,Baie-des-Sables wind farm
2318,2024-09-25 09:00:00+00:00,14.2,14.3,Baie-des-Sables wind farm
2319,2024-09-25 10:00:00+00:00,14.9,13.2,Baie-des-Sables wind farm
2320,2024-09-25 11:00:00+00:00,15.1,13.3,Baie-des-Sables wind farm
2321,2024-09-25 12:00:00+00:00,15.7,11.9,Baie-des-Sables wind farm
2322,2024-09-25 13:00:00+00:00,16.1,10.4,Baie-des-Sables wind farm
2323,2024-09-25 14:00:00+00:00,16.1,10.0,Baie-des-Sables wind farm
2324,2024-09-25 15:00:00+00:00,15.7,10.2,Baie-des-Sables wind farm
2325,2024-09-25 16:00:00+00:00,15.0,8.7,Baie-des-Sables wind farm
2326,2024-09-25 17:00:00+00:00,14.3,9.9,Baie-des-Sables wind farm
2327,2024-09-25 18:00:00+00:00,12.7,9.4,Baie-des-Sables wind farm
2328,2024-09-25 19:00:00+00:00,11.8,11.2,Baie-des-Sables wind farm
2329,2024-09-25 20:00:00+00:00,12.4,13.5,Baie-des-Sables wind farm
2330,2024-09-25 21:00:00+00:00,12.7,14.2,Baie-des-Sables wind farm
2331,2024-09-25 22:00:00+00:00,12.4,14.9,Baie-des-Sables wind farm
2332,2024-09-25 23:00:00+00:00,12.6,16.2,Baie-des-Sables wind farm
2333,2024-09-26 00:00:00+00:00,12.8,17.7,Baie-des-Sables wind farm
2334,2024-09-26 01:00:00+00:00,12.9,18.3,Baie-des-Sables wind farm
2335,2024-09-26 02:00:00+00:00,12.9,18.5,Baie-des-Sables wind farm
2336,2024-09-26 03:00:00+00:00,12.7,18.5,Baie-des-Sables wind farm
2337,2024-09-26 04:00:00+00:00,12.7,18.1,Baie-des-Sables wind farm
2338,2024-09-26 05:00:00+00:00,12.7,18.1,Baie-des-Sables wind farm
2339,2024-09-26 06:00:00+00:00,12.9,19.3,Baie-des-Sables wind farm
2340,2024-09-26 07:00:00+00:00,13.2,17.5,Baie-des-Sables wind farm
2341,2024-09-26 08:00:00+00:00,12.9,18.0,Baie-des-Sables wind farm
2342,2024-09-26 09:00:00+00:00,12.6,18.4,Baie-des-Sables wind farm
2343,2024-09-26 10:00:00+00:00,12.9,18.6,Baie-des-Sables wind farm
2344,2024-09-26 11:00:00+00:00,13.7,18.4,Baie-des-Sables wind farm
2345,2024-09-26 12:00:00+00:00,14.5,17.8,Baie-des-Sables wind farm
2346,2024-09-26 13:00:00+00:00,12.7,14.6,Baie-des-Sables wind farm
2347,2024-09-26 14:00:00+00:00,12.7,13.9,Baie-des-Sables wind farm
2348,2024-09-26 15:00:00+00:00,12.5,14.7,Baie-des-Sables wind farm
2349,2024-09-26 16:00:00+00:00,12.5,16.7,Baie-des-Sables wind farm
2350,2024-09-26 17:00:00+00:00,12.4,17.9,Baie-des-Sables wind farm
2351,2024-09-26 18:00:00+00:00,12.4,17.4,Baie-des-Sables wind farm
2352,2024-09-26 19:00:00+00:00,12.4,18.7,Baie-des-Sables wind farm
2353,2024-09-26 20:00:00+00:00,12.2,20.9,Baie-des-Sables wind farm
2354,2024-09-26 21:00:00+00:00,12.1,21.4,Baie-des-Sables wind farm
2355,2024-09-26 22:00:00+00:00,12.6,21.2,Baie-des-Sables wind farm
2356,2024-09-26 23:00:00+00:00,12.6,19.3,Baie-des-Sables wind farm
2357,2024-09-27 00:00:00+00:00,12.8,17.0,Baie-des-Sables wind farm
2358,2024-09-27 01:00:00+00:00,12.4,15.5,Baie-des-Sables wind farm
2359,2024-09-27 02:00:00+00:00,12.4,14.7,Baie-des-Sables wind farm
2360,2024-09-27 03:00:00+00:00,12.6,13.4,Baie-des-Sables wind farm
2361,2024-09-27 04:00:00+00:00,12.6,13.6,Baie-des-Sables wind farm
2362,2024-09-27 05:00:00+00:00,12.6,12.5,Baie-des-Sables wind farm
2363,2024-09-27 06:00:00+00:00,12.3,8.5,Baie-des-Sables wind farm
2364,2024-09-27 07:00:00+00:00,12.9,6.9,Baie-des-Sables wind farm
2365,2024-09-27 08:00:00+00:00,13.0,7.3,Baie-des-Sables wind farm
2366,2024-09-27 09:00:00+00:00,14.3,11.0,Baie-des-Sables wind farm
2367,2024-09-27 10:00:00+00:00,16.3,6.7,Baie-des-Sables wind farm
2368,2024-09-27 11:00:00+00:00,16.3,8.1,Baie-des-Sables wind farm
2369,2024-09-27 12:00:00+00:00,15.1,13.9,Baie-des-Sables wind farm
2370,2024-09-27 13:00:00+00:00,14.2,13.5,Baie-des-Sables wind farm
2371,2024-09-27 14:00:00+00:00,15.0,11.1,Baie-des-Sables wind farm
2372,2024-09-27 15:00:00+00:00,15.0,10.2,Baie-des-Sables wind farm
2373,2024-09-27 16:00:00+00:00,13.7,8.1,Baie-des-Sables wind farm
2374,2024-09-27 17:00:00+00:00,12.0,7.5,Baie-des-Sables wind farm
2375,2024-09-27 18:00:00+00:00,10.7,8.2,Baie-des-Sables wind farm
2376,2024-09-27 19:00:00+00:00,10.7,8.1,Baie-des-Sables wind farm
2377,2024-09-27 20:00:00+00:00,10.7,7.6,Baie-des-Sables wind farm
2378,2024-09-27 21:00:00+00:00,10.7,6.2,Baie-des-Sables wind farm
2379,2024-09-27 22:00:00+00:00,10.8,5.6,Baie-des-Sables wind farm
2380,2024-09-27 23:00:00+00:00,10.9,4.5,Baie-des-Sables wind farm
2381,2024-09-28 00:00:00+00:00,10.9,3.6,Baie-des-Sables wind farm
2382,2024-09-28 01:00:00+00:00,10.9,3.5,Baie-des-Sables wind farm
2383,2024-09-28 02:00:00+00:00,10.9,3.0,Baie-des-Sables wind farm
2384,2024-09-28 03:00:00+00:00,10.9,3.1,Baie-des-Sables wind farm
2385,2024-09-28 04:00:00+00:00,10.9,4.5,Baie-des-Sables wind farm
2386,2024-09-28 05:00:00+00:00,10.9,4.6,Baie-des-Sables wind farm
2387,2024-09-28 06:00:00+00:00,10.8,5.4,Baie-des-Sables wind farm
2388,2024-09-28 07:00:00+00:00,11.0,5.6,Baie-des-Sables wind farm
2389,2024-09-28 08:00:00+00:00,10.8,7.7,Baie-des-Sables wind farm
2390,2024-09-28 09:00:00+00:00,11.5,8.2,Baie-des-Sables wind farm
2391,2024-09-28 10:00:00+00:00,12.2,8.7,Baie-des-Sables wind farm
2392,2024-09-28 11:00:00+00:00,12.5,9.6,Baie-des-Sables wind farm
2393,2024-09-28 12:00:00+00:00,13.6,7.3,Baie-des-Sables wind farm
2394,2024-09-28 13:00:00+00:00,15.1,6.5,Baie-des-Sables wind farm
2395,2024-09-28 14:00:00+00:00,15.6,4.9,Baie-des-Sables wind farm
2396,2024-09-28 15:00:00+00:00,15.1,7.7,Baie-des-Sables wind farm
2397,2024-09-28 16:00:00+00:00,13.8,6.6,Baie-des-Sables wind farm
2398,2024-09-28 17:00:00+00:00,11.7,3.5,Baie-des-Sables wind farm
2399,2024-09-28 18:00:00+00:00,11.5,1.7,Baie-des-Sables wind farm
2400,2024-09-28 19:00:00+00:00,10.6,2.7,Baie-des-Sables wind farm
2401,2024-09-28 20:00:00+00:00,9.6,1.3,Baie-des-Sables wind farm
2402,2024-09-28 21:00:00+00:00,9.0,0.5,Baie-des-Sables wind farm
2403,2024-09-28 22:00:00+00:00,8.9,2.5,Baie-des-Sables wind farm
2404,2024-09-28 23:00:00+00:00,8.2,5.9,Baie-des-Sables wind farm
2405,2024-09-29 00:00:00+00:00,7.7,8.1,Baie-des-Sables wind farm
2406,2024-09-29 01:00:00+00:00,7.9,6.6,Baie-des-Sables wind farm
2407,2024-09-29 02:00:00+00:00,7.8,4.2,Baie-des-Sables wind farm
2408,2024-09-29 03:00:00+00:00,8.1,4.7,Baie-des-Sables wind farm
2409,2024-09-29 04:00:00+00:00,8.6,7.4,Baie-des-Sables wind farm
2410,2024-09-29 05:00:00+00:00,8.9,8.4,Baie-des-Sables wind farm
2411,2024-09-29 06:00:00+00:00,9.3,8.7,Baie-des-Sables wind farm
2412,2024-09-29 07:00:00+00:00,11.6,9.4,Baie-des-Sables wind farm
2413,2024-09-29 08:00:00+00:00,13.1,6.6,Baie-des-Sables wind farm
2414,2024-09-29 09:00:00+00:00,14.6,6.4,Baie-des-Sables wind farm
2415,2024-09-29 10:00:00+00:00,16.6,8.9,Baie-des-Sables wind farm
2416,2024-09-29 11:00:00+00:00,18.0,11.0,Baie-des-Sables wind farm
2417,2024-09-29 12:00:00+00:00,19.2,11.5,Baie-des-Sables wind farm
2418,2024-09-29 13:00:00+00:00,19.9,13.4,Baie-des-Sables wind farm
2419,2024-09-29 14:00:00+00:00,19.8,13.3,Baie-des-Sables wind farm
2420,2024-09-29 15:00:00+00:00,19.1,10.6,Baie-des-Sables wind farm
2421,2024-09-29 16:00:00+00:00,18.6,8.4,Baie-des-Sables wind farm
2422,2024-09-29 17:00:00+00:00,16.7,9.2,Baie-des-Sables wind farm
2423,2024-09-29 18:00:00+00:00,13.7,11.0,Baie-des-Sables wind farm
2424,2024-09-29 19:00:00+00:00,13.4,11.8,Baie-des-Sables wind farm
2425,2024-09-29 20:00:00+00:00,12.7,10.4,Baie-des-Sables wind farm
2426,2024-09-29 21:00:00+00:00,12.8,10.2,Baie-des-Sables wind farm
2427,2024-09-29 22:00:00+00:00,12.6,11.0,Baie-des-Sables wind farm
2428,2024-09-29 23:00:00+00:00,12.0,11.0,Baie-des-Sables wind farm
2429,2024-09-30 00:00:00+00:00,11.2,9.2,Baie-des-Sables wind farm
2430,2024-09-30 01:00:00+00:00,10.7,6.8,Baie-des-Sables wind farm
2431,2024-09-30 02:00:00+00:00,10.6,5.5,Baie-des-Sables wind farm
2432,2024-09-30 03:00:00+00:00,9.9,3.9,Baie-des-Sables wind farm
2433,2024-09-30 04:00:00+00:00,9.9,4.8,Baie-des-Sables wind farm
2434,2024-09-30 05:00:00+00:00,9.4,3.9,Baie-des-Sables wind farm
2435,2024-09-30 06:00:00+00:00,8.3,4.7,Baie-des-Sables wind farm
2436,2024-09-30 07:00:00+00:00,11.2,4.5,Baie-des-Sables wind farm
2437,2024-09-30 08:00:00+00:00,12.7,9.0,Baie-des-Sables wind farm
2438,2024-09-30 09:00:00+00:00,13.4,11.4,Baie-des-Sables wind farm
2439,2024-09-30 10:00:00+00:00,13.8,13.0,Baie-des-Sables wind farm
2440,2024-09-30 11:00:00+00:00,14.0,13.8,Baie-des-Sables wind farm
2441,2024-09-30 12:00:00+00:00,14.1,13.6,Baie-des-Sables wind farm
2442,2024-09-30 13:00:00+00:00,14.7,11.2,Baie-des-Sables wind farm
2443,2024-09-30 14:00:00+00:00,14.9,9.4,Baie-des-Sables wind farm
2444,2024-09-30 15:00:00+00:00,14.6,7.2,Baie-des-Sables wind farm
2445,2024-09-30 16:00:00+00:00,13.9,3.6,Baie-des-Sables wind farm
2446,2024-09-30 17:00:00+00:00,12.1,5.6,Baie-des-Sables wind farm
2447,2024-09-30 18:00:00+00:00,10.3,7.7,Baie-des-Sables wind farm
2448,2024-09-30 19:00:00+00:00,10.0,5.6,Baie-des-Sables wind farm
2449,2024-09-30 20:00:00+00:00,8.6,4.7,Baie-des-Sables wind farm
2450,2024-09-30 21:00:00+00:00,8.4,6.5,Baie-des-Sables wind farm
2451,2024-09-30 22:00:00+00:00,8.0,6.9,Baie-des-Sables wind farm
2452,2024-09-30 23:00:00+00:00,7.9,6.3,Baie-des-Sables wind farm
2453,2024-10-01 00:00:00+00:00,7.6,5.4,Baie-des-Sables wind farm
2454,2024-10-01 01:00:00+00:00,7.2,7.5,Baie-des-Sables wind farm
2455,2024-10-01 02:00:00+00:00,6.8,9.7,Baie-des-Sables wind farm
2456,2024-10-01 03:00:00+00:00,6.5,10.8,Baie-des-Sables wind farm
2457,2024-10-01 04:00:00+00:00,6.3,10.1,Baie-des-Sables wind farm
2458,2024-10-01 05:00:00+00:00,6.0,10.7,Baie-des-Sables wind farm
2459,2024-10-01 06:00:00+00:00,6.0,10.9,Baie-des-Sables wind farm
2460,2024-10-01 07:00:00+00:00,8.6,10.4,Baie-des-Sables wind farm
2461,2024-10-01 08:00:00+00:00,11.4,7.7,Baie-des-Sables wind farm
2462,2024-10-01 09:00:00+00:00,14.2,9.0,Baie-des-Sables wind farm
2463,2024-10-01 10:00:00+00:00,16.0,8.4,Baie-des-Sables wind farm
2464,2024-10-01 11:00:00+00:00,17.0,7.3,Baie-des-Sables wind farm
2465,2024-10-01 12:00:00+00:00,17.6,6.7,Baie-des-Sables wind farm
2466,2024-10-01 13:00:00+00:00,17.7,7.2,Baie-des-Sables wind farm
2467,2024-10-01 14:00:00+00:00,17.3,8.3,Baie-des-Sables wind farm
2468,2024-10-01 15:00:00+00:00,16.6,8.5,Baie-des-Sables wind farm
2469,2024-10-01 16:00:00+00:00,15.3,8.2,Baie-des-Sables wind farm
2470,2024-10-01 17:00:00+00:00,13.4,8.9,Baie-des-Sables wind farm
2471,2024-10-01 18:00:00+00:00,12.2,13.1,Baie-des-Sables wind farm
2472,2024-10-01 19:00:00+00:00,11.6,14.7,Baie-des-Sables wind farm
2473,2024-10-01 20:00:00+00:00,10.9,15.4,Baie-des-Sables wind farm
2474,2024-10-01 21:00:00+00:00,10.5,16.7,Baie-des-Sables wind farm
2475,2024-10-01 22:00:00+00:00,9.8,16.4,Baie-des-Sables wind farm
2476,2024-10-01 23:00:00+00:00,9.3,17.6,Baie-des-Sables wind farm
2477,2024-10-02 00:00:00+00:00,9.2,19.3,Baie-des-Sables wind farm
2478,2024-10-02 01:00:00+00:00,9.1,19.5,Baie-des-Sables wind farm
2479,2024-10-02 02:00:00+00:00,8.8,19.6,Baie-des-Sables wind farm
2480,2024-10-02 03:00:00+00:00,8.6,19.5,Baie-des-Sables wind farm
2481,2024-10-02 04:00:00+00:00,8.4,18.9,Baie-des-Sables wind farm
2482,2024-10-02 05:00:00+00:00,8.2,18.5,Baie-des-Sables wind farm
2483,2024-10-02 06:00:00+00:00,8.2,17.9,Baie-des-Sables wind farm
2484,2024-10-02 07:00:00+00:00,9.6,17.1,Baie-des-Sables wind farm
2485,2024-10-02 08:00:00+00:00,11.4,14.9,Baie-des-Sables wind farm
2486,2024-10-02 09:00:00+00:00,13.5,14.5,Baie-des-Sables wind farm
2487,2024-10-02 10:00:00+00:00,15.2,11.0,Baie-des-Sables wind farm
2488,2024-10-02 11:00:00+00:00,16.5,9.1,Baie-des-Sables wind farm
2489,2024-10-02 12:00:00+00:00,17.0,12.0,Baie-des-Sables wind farm
2490,2024-10-02 13:00:00+00:00,17.0,14.0,Baie-des-Sables wind farm
2491,2024-10-02 14:00:00+00:00,16.5,13.3,Baie-des-Sables wind farm
2492,2024-10-02 15:00:00+00:00,16.0,10.0,Baie-des-Sables wind farm
2493,2024-10-02 16:00:00+00:00,15.1,8.4,Baie-des-Sables wind farm
2494,2024-10-02 17:00:00+00:00,13.3,9.2,Baie-des-Sables wind farm
2495,2024-10-02 18:00:00+00:00,11.6,11.1,Baie-des-Sables wind farm
2496,2024-10-02 19:00:00+00:00,10.7,11.0,Baie-des-Sables wind farm
2497,2024-10-02 20:00:00+00:00,10.6,13.0,Baie-des-Sables wind farm
2498,2024-10-02 21:00:00+00:00,10.6,14.7,Baie-des-Sables wind farm
2499,2024-10-02 22:00:00+00:00,10.9,17.0,Baie-des-Sables wind farm
2500,2024-10-02 23:00:00+00:00,11.2,17.7,Baie-des-Sables wind farm
2501,2024-10-03 00:00:00+00:00,11.3,16.6,Baie-des-Sables wind farm
2502,2024-10-03 01:00:00+00:00,11.2,15.0,Baie-des-Sables wind farm
2503,2024-10-03 02:00:00+00:00,11.1,15.0,Baie-des-Sables wind farm
2504,2024-10-03 03:00:00+00:00,11.2,14.9,Baie-des-Sables wind farm
2505,2024-10-03 04:00:00+00:00,11.3,14.0,Baie-des-Sables wind farm
2506,2024-10-03 05:00:00+00:00,11.4,13.6,Baie-des-Sables wind farm
2507,2024-10-03 06:00:00+00:00,11.4,13.1,Baie-des-Sables wind farm
2508,2024-10-03 07:00:00+00:00,12.0,13.0,Baie-des-Sables wind farm
2509,2024-10-03 08:00:00+00:00,13.2,12.3,Baie-des-Sables wind farm
2510,2024-10-03 09:00:00+00:00,15.1,14.4,Baie-des-Sables wind farm
2511,2024-10-03 10:00:00+00:00,15.2,14.4,Baie-des-Sables wind farm
2512,2024-10-03 11:00:00+00:00,15.2,12.1,Baie-des-Sables wind farm
2513,2024-10-03 12:00:00+00:00,16.8,13.4,Baie-des-Sables wind farm
2514,2024-10-03 13:00:00+00:00,17.9,9.7,Baie-des-Sables wind farm
2515,2024-10-03 14:00:00+00:00,17.5,8.3,Baie-des-Sables wind farm
2516,2024-10-03 15:00:00+00:00,16.8,5.0,Baie-des-Sables wind farm
2517,2024-10-03 16:00:00+00:00,16.3,1.9,Baie-des-Sables wind farm
2518,2024-10-03 17:00:00+00:00,13.2,4.2,Baie-des-Sables wind farm
2519,2024-10-03 18:00:00+00:00,12.5,4.3,Baie-des-Sables wind farm
2520,2024-10-03 19:00:00+00:00,10.9,3.3,Baie-des-Sables wind farm
2521,2024-10-03 20:00:00+00:00,10.6,6.7,Baie-des-Sables wind farm
2522,2024-10-03 21:00:00+00:00,11.0,13.5,Baie-des-Sables wind farm
2523,2024-10-03 22:00:00+00:00,12.3,15.9,Baie-des-Sables wind farm
2524,2024-10-03 23:00:00+00:00,12.8,16.0,Baie-des-Sables wind farm
2525,2024-10-04 00:00:00+00:00,12.8,16.4,Baie-des-Sables wind farm
2526,2024-10-04 01:00:00+00:00,13.1,17.3,Baie-des-Sables wind farm
2527,2024-10-04 02:00:00+00:00,13.3,15.6,Baie-des-Sables wind farm
2528,2024-10-04 03:00:00+00:00,13.1,16.2,Baie-des-Sables wind farm
2529,2024-10-04 04:00:00+00:00,12.8,16.8,Baie-des-Sables wind farm
2530,2024-10-04 05:00:00+00:00,12.4,15.7,Baie-des-Sables wind farm
2531,2024-10-04 06:00:00+00:00,11.8,14.3,Baie-des-Sables wind farm
2532,2024-10-04 07:00:00+00:00,12.7,14.4,Baie-des-Sables wind farm
2533,2024-10-04 08:00:00+00:00,14.0,12.3,Baie-des-Sables wind farm
2534,2024-10-04 09:00:00+00:00,14.7,11.0,Baie-des-Sables wind farm
2535,2024-10-04 10:00:00+00:00,15.3,9.0,Baie-des-Sables wind farm
2536,2024-10-04 11:00:00+00:00,16.2,7.4,Baie-des-Sables wind farm
2537,2024-10-04 12:00:00+00:00,16.7,7.9,Baie-des-Sables wind farm
2538,2024-10-04 13:00:00+00:00,16.5,8.3,Baie-des-Sables wind farm
2539,2024-10-04 14:00:00+00:00,15.6,6.0,Baie-des-Sables wind farm
2540,2024-10-04 15:00:00+00:00,15.3,2.0,Baie-des-Sables wind farm
2541,2024-10-04 16:00:00+00:00,14.8,5.3,Baie-des-Sables wind farm
2542,2024-10-04 17:00:00+00:00,13.7,6.3,Baie-des-Sables wind farm
2543,2024-10-04 18:00:00+00:00,13.0,6.5,Baie-des-Sables wind farm
2544,2024-10-04 19:00:00+00:00,12.2,6.0,Baie-des-Sables wind farm
2545,2024-10-04 20:00:00+00:00,11.7,7.0,Baie-des-Sables wind farm
2546,2024-10-04 21:00:00+00:00,11.1,7.9,Baie-des-Sables wind farm
2547,2024-10-04 22:00:00+00:00,9.4,6.7,Baie-des-Sables wind farm
2548,2024-10-04 23:00:00+00:00,9.0,10.7,Baie-des-Sables wind farm
2549,2024-10-05 00:00:00+00:00,8.8,12.8,Baie-des-Sables wind farm
2550,2024-10-05 01:00:00+00:00,8.6,13.4,Baie-des-Sables wind farm
2551,2024-10-05 02:00:00+00:00,8.6,13.6,Baie-des-Sables wind farm
2552,2024-10-05 03:00:00+00:00,8.6,12.7,Baie-des-Sables wind farm
2553,2024-10-05 04:00:00+00:00,8.7,11.9,Baie-des-Sables wind farm
2554,2024-10-05 05:00:00+00:00,8.8,9.8,Baie-des-Sables wind farm
2555,2024-10-05 06:00:00+00:00,8.9,9.5,Baie-des-Sables wind farm
2556,2024-10-05 07:00:00+00:00,8.9,11.0,Baie-des-Sables wind farm
2557,2024-10-05 08:00:00+00:00,8.2,13.8,Baie-des-Sables wind farm
2558,2024-10-05 09:00:00+00:00,8.5,12.3,Baie-des-Sables wind farm
2559,2024-10-05 10:00:00+00:00,8.8,12.2,Baie-des-Sables wind farm
2560,2024-10-05 11:00:00+00:00,8.8,14.5,Baie-des-Sables wind farm
2561,2024-10-05 12:00:00+00:00,8.9,17.4,Baie-des-Sables wind farm
2562,2024-10-05 13:00:00+00:00,8.9,16.8,Baie-des-Sables wind farm
2563,2024-10-05 14:00:00+00:00,9.0,16.6,Baie-des-Sables wind farm
2564,2024-10-05 15:00:00+00:00,9.0,16.1,Baie-des-Sables wind farm
2565,2024-10-05 16:00:00+00:00,9.0,14.3,Baie-des-Sables wind farm
2566,2024-10-05 17:00:00+00:00,8.7,12.5,Baie-des-Sables wind farm
2567,2024-10-05 18:00:00+00:00,8.4,10.2,Baie-des-Sables wind farm
2568,2024-10-05 19:00:00+00:00,8.1,9.5,Baie-des-Sables wind farm
2569,2024-10-05 20:00:00+00:00,8.7,10.3,Baie-des-Sables wind farm
2570,2024-10-05 21:00:00+00:00,8.7,10.1,Baie-des-Sables wind farm
2571,2024-10-05 22:00:00+00:00,8.5,11.0,Baie-des-Sables wind farm
2572,2024-10-05 23:00:00+00:00,8.3,10.6,Baie-des-Sables wind farm
2573,2024-10-06 00:00:00+00:00,7.7,10.3,Baie-des-Sables wind farm
2574,2024-10-06 01:00:00+00:00,7.6,10.4,Baie-des-Sables wind farm
2575,2024-10-06 02:00:00+00:00,7.1,8.3,Baie-des-Sables wind farm
2576,2024-10-06 03:00:00+00:00,6.4,5.6,Baie-des-Sables wind farm
2577,2024-10-06 04:00:00+00:00,4.6,8.8,Baie-des-Sables wind farm
2578,2024-10-06 05:00:00+00:00,4.6,7.5,Baie-des-Sables wind farm
2579,2024-10-06 06:00:00+00:00,4.6,5.5,Baie-des-Sables wind farm
2580,2024-10-06 07:00:00+00:00,7.2,5.2,Baie-des-Sables wind farm
2581,2024-10-06 08:00:00+00:00,9.1,3.4,Baie-des-Sables wind farm
2582,2024-10-06 09:00:00+00:00,11.0,4.0,Baie-des-Sables wind farm
2583,2024-10-06 10:00:00+00:00,12.3,5.4,Baie-des-Sables wind farm
2584,2024-10-06 11:00:00+00:00,13.2,7.6,Baie-des-Sables wind farm
2585,2024-10-06 12:00:00+00:00,14.7,7.9,Baie-des-Sables wind farm
2586,2024-10-06 13:00:00+00:00,15.2,7.6,Baie-des-Sables wind farm
2587,2024-10-06 14:00:00+00:00,14.0,8.9,Baie-des-Sables wind farm
2588,2024-10-06 15:00:00+00:00,13.1,10.9,Baie-des-Sables wind farm
2589,2024-10-06 16:00:00+00:00,11.6,10.4,Baie-des-Sables wind farm
2590,2024-10-06 17:00:00+00:00,10.9,7.4,Baie-des-Sables wind farm
2591,2024-10-06 18:00:00+00:00,11.8,5.4,Baie-des-Sables wind farm
2592,2024-10-06 19:00:00+00:00,12.6,8.5,Baie-des-Sables wind farm
2593,2024-10-06 20:00:00+00:00,10.6,9.8,Baie-des-Sables wind farm
2594,2024-10-06 21:00:00+00:00,10.8,11.8,Baie-des-Sables wind farm
2595,2024-10-06 22:00:00+00:00,11.4,11.9,Baie-des-Sables wind farm
2596,2024-10-06 23:00:00+00:00,12.3,13.3,Baie-des-Sables wind farm
2597,2024-10-07 00:00:00+00:00,12.3,13.0,Baie-des-Sables wind farm
2598,2024-10-07 01:00:00+00:00,11.9,13.4,Baie-des-Sables wind farm
2599,2024-10-07 02:00:00+00:00,11.6,14.4,Baie-des-Sables wind farm
2600,2024-10-07 03:00:00+00:00,11.0,14.0,Baie-des-Sables wind farm
2601,2024-10-07 04:00:00+00:00,10.9,14.5,Baie-des-Sables wind farm
2602,2024-10-07 05:00:00+00:00,11.0,14.9,Baie-des-Sables wind farm
2603,2024-10-07 06:00:00+00:00,11.1,14.8,Baie-des-Sables wind farm
2604,2024-10-07 07:00:00+00:00,11.8,15.2,Baie-des-Sables wind farm
2605,2024-10-07 08:00:00+00:00,13.3,19.0,Baie-des-Sables wind farm
2606,2024-10-07 09:00:00+00:00,14.1,18.9,Baie-des-Sables wind farm
2607,2024-10-07 10:00:00+00:00,14.9,20.6,Baie-des-Sables wind farm
2608,2024-10-07 11:00:00+00:00,14.5,16.0,Baie-des-Sables wind farm
2609,2024-10-07 12:00:00+00:00,14.2,16.1,Baie-des-Sables wind farm
2610,2024-10-07 13:00:00+00:00,13.8,16.4,Baie-des-Sables wind farm
2611,2024-10-07 14:00:00+00:00,11.8,12.8,Baie-des-Sables wind farm
2612,2024-10-07 15:00:00+00:00,12.3,16.0,Baie-des-Sables wind farm
2613,2024-10-07 16:00:00+00:00,11.9,18.0,Baie-des-Sables wind farm
2614,2024-10-07 17:00:00+00:00,11.5,18.4,Baie-des-Sables wind farm
2615,2024-10-07 18:00:00+00:00,11.2,19.0,Baie-des-Sables wind farm
2616,2024-10-07 19:00:00+00:00,11.1,20.3,Baie-des-Sables wind farm
2617,2024-10-07 20:00:00+00:00,11.0,15.8,Baie-des-Sables wind farm
2618,2024-10-07 21:00:00+00:00,11.5,18.4,Baie-des-Sables wind farm
2619,2024-10-07 22:00:00+00:00,11.4,18.3,Baie-des-Sables wind farm
2620,2024-10-07 23:00:00+00:00,11.4,17.0,Baie-des-Sables wind farm
2621,2024-10-08 00:00:00+00:00,11.3,16.1,Baie-des-Sables wind farm
2622,2024-10-08 01:00:00+00:00,11.3,15.0,Baie-des-Sables wind farm
2623,2024-10-08 02:00:00+00:00,11.3,14.4,Baie-des-Sables wind farm
2624,2024-10-08 03:00:00+00:00,10.8,13.6,Baie-des-Sables wind farm
2625,2024-10-08 04:00:00+00:00,10.8,12.7,Baie-des-Sables wind farm
2626,2024-10-08 05:00:00+00:00,11.1,11.7,Baie-des-Sables wind farm
2627,2024-10-08 06:00:00+00:00,10.6,7.5,Baie-des-Sables wind farm
2628,2024-10-08 07:00:00+00:00,11.0,6.4,Baie-des-Sables wind farm
2629,2024-10-08 08:00:00+00:00,10.4,9.2,Baie-des-Sables wind farm
2630,2024-10-08 09:00:00+00:00,9.2,12.8,Baie-des-Sables wind farm
2631,2024-10-08 10:00:00+00:00,8.7,14.2,Baie-des-Sables wind farm
2632,2024-10-08 11:00:00+00:00,9.3,10.5,Baie-des-Sables wind farm
2633,2024-10-08 12:00:00+00:00,9.0,11.9,Baie-des-Sables wind farm
2634,2024-10-08 13:00:00+00:00,9.7,12.5,Baie-des-Sables wind farm
2635,2024-10-08 14:00:00+00:00,10.3,10.1,Baie-des-Sables wind farm
2636,2024-10-08 15:00:00+00:00,10.8,9.1,Baie-des-Sables wind farm
2637,2024-10-08 16:00:00+00:00,10.2,8.2,Baie-des-Sables wind farm
2638,2024-10-08 17:00:00+00:00,8.7,8.3,Baie-des-Sables wind farm
2639,2024-10-08 18:00:00+00:00,7.8,12.7,Baie-des-Sables wind farm
2640,2024-10-08 19:00:00+00:00,7.6,12.5,Baie-des-Sables wind farm
2641,2024-10-08 20:00:00+00:00,6.7,13.4,Baie-des-Sables wind farm
2642,2024-10-08 21:00:00+00:00,6.7,13.4,Baie-des-Sables wind farm
2643,2024-10-08 22:00:00+00:00,6.7,10.7,Baie-des-Sables wind farm
2644,2024-10-08 23:00:00+00:00,5.9,11.9,Baie-des-Sables wind farm
2645,2024-10-09 00:00:00+00:00,5.5,13.2,Baie-des-Sables wind farm
2646,2024-10-09 01:00:00+00:00,5.0,13.2,Baie-des-Sables wind farm
2647,2024-10-09 02:00:00+00:00,4.7,13.6,Baie-des-Sables wind farm
2648,2024-10-09 03:00:00+00:00,4.5,14.5,Baie-des-Sables wind farm
2649,2024-10-09 04:00:00+00:00,4.4,14.8,Baie-des-Sables wind farm
2650,2024-10-09 05:00:00+00:00,4.4,14.8,Baie-des-Sables wind farm
2651,2024-10-09 06:00:00+00:00,4.4,15.5,Baie-des-Sables wind farm
2652,2024-10-09 07:00:00+00:00,5.6,13.5,Baie-des-Sables wind farm
2653,2024-10-09 08:00:00+00:00,7.1,17.1,Baie-des-Sables wind farm
2654,2024-10-09 09:00:00+00:00,8.5,18.6,Baie-des-Sables wind farm
2655,2024-10-09 10:00:00+00:00,9.4,18.8,Baie-des-Sables wind farm
2656,2024-10-09 11:00:00+00:00,10.2,17.9,Baie-des-Sables wind farm
2657,2024-10-09 12:00:00+00:00,10.8,16.6,Baie-des-Sables wind farm
2658,2024-10-09 13:00:00+00:00,11.4,16.3,Baie-des-Sables wind farm
2659,2024-10-09 14:00:00+00:00,11.4,15.0,Baie-des-Sables wind farm
2660,2024-10-09 15:00:00+00:00,11.3,12.6,Baie-des-Sables wind farm
2661,2024-10-09 16:00:00+00:00,10.4,9.4,Baie-des-Sables wind farm
2662,2024-10-09 17:00:00+00:00,8.9,9.6,Baie-des-Sables wind farm
2663,2024-10-09 18:00:00+00:00,8.3,9.0,Baie-des-Sables wind farm
2664,2024-10-09 19:00:00+00:00,7.4,10.0,Baie-des-Sables wind farm
2665,2024-10-09 20:00:00+00:00,7.3,12.7,Baie-des-Sables wind farm
2666,2024-10-09 21:00:00+00:00,6.9,12.9,Baie-des-Sables wind farm
2667,2024-10-09 22:00:00+00:00,6.5,11.8,Baie-des-Sables wind farm
2668,2024-10-09 23:00:00+00:00,5.9,12.1,Baie-des-Sables wind farm
2669,2024-10-10 00:00:00+00:00,5.6,12.1,Baie-des-Sables wind farm
2670,2024-10-10 01:00:00+00:00,5.3,12.5,Baie-des-Sables wind farm
2671,2024-10-10 02:00:00+00:00,5.0,12.2,Baie-des-Sables wind farm
2672,2024-10-10 03:00:00+00:00,4.7,12.6,Baie-des-Sables wind farm
2673,2024-10-10 04:00:00+00:00,4.5,12.8,Baie-des-Sables wind farm
2674,2024-10-10 05:00:00+00:00,4.3,13.0,Baie-des-Sables wind farm
2675,2024-10-10 06:00:00+00:00,4.2,12.5,Baie-des-Sables wind farm
2676,2024-10-10 07:00:00+00:00,5.8,13.9,Baie-des-Sables wind farm
2677,2024-10-10 08:00:00+00:00,6.9,17.6,Baie-des-Sables wind farm
2678,2024-10-10 09:00:00+00:00,7.7,18.0,Baie-des-Sables wind farm
2679,2024-10-10 10:00:00+00:00,7.9,17.8,Baie-des-Sables wind farm
2680,2024-10-10 11:00:00+00:00,8.8,17.3,Baie-des-Sables wind farm
2681,2024-10-10 12:00:00+00:00,9.4,17.4,Baie-des-Sables wind farm
2682,2024-10-10 13:00:00+00:00,9.0,14.4,Baie-des-Sables wind farm
2683,2024-10-10 14:00:00+00:00,8.4,15.6,Baie-des-Sables wind farm
2684,2024-10-10 15:00:00+00:00,7.9,14.6,Baie-des-Sables wind farm
2685,2024-10-10 16:00:00+00:00,7.6,17.0,Baie-des-Sables wind farm
2686,2024-10-10 17:00:00+00:00,7.0,16.1,Baie-des-Sables wind farm
2687,2024-10-10 18:00:00+00:00,7.4,14.7,Baie-des-Sables wind farm
2688,2024-10-10 19:00:00+00:00,7.7,17.5,Baie-des-Sables wind farm
2689,2024-10-10 20:00:00+00:00,7.8,18.7,Baie-des-Sables wind farm
2690,2024-10-10 21:00:00+00:00,8.0,20.3,Baie-des-Sables wind farm
2691,2024-10-10 22:00:00+00:00,8.0,21.3,Baie-des-Sables wind farm
2692,2024-10-10 23:00:00+00:00,8.4,21.7,Baie-des-Sables wind farm
2693,2024-10-11 00:00:00+00:00,8.4,21.2,Baie-des-Sables wind farm
2694,2024-10-11 01:00:00+00:00,8.5,20.6,Baie-des-Sables wind farm
2695,2024-10-11 02:00:00+00:00,8.4,21.4,Baie-des-Sables wind farm
2696,2024-10-11 03:00:00+00:00,8.1,23.0,Baie-des-Sables wind farm
2697,2024-10-11 04:00:00+00:00,7.6,23.5,Baie-des-Sables wind farm
2698,2024-10-11 05:00:00+00:00,7.3,22.9,Baie-des-Sables wind farm
2699,2024-10-11 06:00:00+00:00,7.3,22.7,Baie-des-Sables wind farm
2700,2024-10-11 07:00:00+00:00,8.0,25.2,Baie-des-Sables wind farm
2701,2024-10-11 08:00:00+00:00,8.2,27.7,Baie-des-Sables wind farm
2702,2024-10-11 09:00:00+00:00,8.8,29.0,Baie-des-Sables wind farm
2703,2024-10-11 10:00:00+00:00,9.6,28.5,Baie-des-Sables wind farm
2704,2024-10-11 11:00:00+00:00,10.9,27.5,Baie-des-Sables wind farm
2705,2024-10-11 12:00:00+00:00,11.8,28.4,Baie-des-Sables wind farm
2706,2024-10-11 13:00:00+00:00,12.2,27.4,Baie-des-Sables wind farm
2707,2024-10-11 14:00:00+00:00,12.4,23.2,Baie-des-Sables wind farm
2708,2024-10-11 15:00:00+00:00,12.2,19.5,Baie-des-Sables wind farm
2709,2024-10-11 16:00:00+00:00,11.2,16.8,Baie-des-Sables wind farm
2710,2024-10-11 17:00:00+00:00,10.1,15.3,Baie-des-Sables wind farm
2711,2024-10-11 18:00:00+00:00,9.3,14.2,Baie-des-Sables wind farm
2712,2024-10-11 19:00:00+00:00,8.4,14.2,Baie-des-Sables wind farm
2713,2024-10-11 20:00:00+00:00,8.1,15.0,Baie-des-Sables wind farm
2714,2024-10-11 21:00:00+00:00,8.4,14.8,Baie-des-Sables wind farm
2715,2024-10-11 22:00:00+00:00,8.8,13.8,Baie-des-Sables wind farm
2716,2024-10-11 23:00:00+00:00,9.1,14.3,Baie-des-Sables wind farm
2717,2024-10-12 00:00:00+00:00,9.3,12.9,Baie-des-Sables wind farm
2718,2024-10-12 01:00:00+00:00,8.4,11.6,Baie-des-Sables wind farm
2719,2024-10-12 02:00:00+00:00,8.5,8.1,Baie-des-Sables wind farm
2720,2024-10-12 03:00:00+00:00,8.5,3.9,Baie-des-Sables wind farm
2721,2024-10-12 04:00:00+00:00,8.5,4.0,Baie-des-Sables wind farm
2722,2024-10-12 05:00:00+00:00,8.6,5.3,Baie-des-Sables wind farm
2723,2024-10-12 06:00:00+00:00,8.5,10.5,Baie-des-Sables wind farm
2724,2024-10-12 07:00:00+00:00,7.9,13.7,Baie-des-Sables wind farm
2725,2024-10-12 08:00:00+00:00,7.0,18.7,Baie-des-Sables wind farm
2726,2024-10-12 09:00:00+00:00,7.0,20.0,Baie-des-Sables wind farm
2727,2024-10-12 10:00:00+00:00,7.5,21.7,Baie-des-Sables wind farm
2728,2024-10-12 11:00:00+00:00,8.9,27.0,Baie-des-Sables wind farm
2729,2024-10-12 12:00:00+00:00,9.3,29.5,Baie-des-Sables wind farm
2730,2024-10-12 13:00:00+00:00,9.8,30.8,Baie-des-Sables wind farm
2731,2024-10-12 14:00:00+00:00,10.1,29.1,Baie-des-Sables wind farm
2732,2024-10-12 15:00:00+00:00,10.2,27.6,Baie-des-Sables wind farm
2733,2024-10-12 16:00:00+00:00,10.2,29.2,Baie-des-Sables wind farm
2734,2024-10-12 17:00:00+00:00,9.3,29.9,Baie-des-Sables wind farm
2735,2024-10-12 18:00:00+00:00,8.7,29.8,Baie-des-Sables wind farm
2736,2024-10-12 19:00:00+00:00,8.4,29.4,Baie-des-Sables wind farm
2737,2024-10-12 20:00:00+00:00,8.1,28.3,Baie-des-Sables wind farm
2738,2024-10-12 21:00:00+00:00,7.8,28.3,Baie-des-Sables wind farm
2739,2024-10-12 22:00:00+00:00,7.9,27.4,Baie-des-Sables wind farm
2740,2024-10-12 23:00:00+00:00,7.8,27.0,Baie-des-Sables wind farm
2741,2024-10-13 00:00:00+00:00,7.8,26.6,Baie-des-Sables wind farm
2742,2024-10-13 01:00:00+00:00,7.7,26.1,Baie-des-Sables wind farm
2743,2024-10-13 02:00:00+00:00,7.6,25.8,Baie-des-Sables wind farm
2744,2024-10-13 03:00:00+00:00,7.5,23.8,Baie-des-Sables wind farm
2745,2024-10-13 04:00:00+00:00,7.4,23.0,Baie-des-Sables wind farm
2746,2024-10-13 05:00:00+00:00,7.4,21.8,Baie-des-Sables wind farm
2747,2024-10-13 06:00:00+00:00,7.2,21.2,Baie-des-Sables wind farm
2748,2024-10-13 07:00:00+00:00,7.8,20.7,Baie-des-Sables wind farm
2749,2024-10-13 08:00:00+00:00,7.1,22.1,Baie-des-Sables wind farm
2750,2024-10-13 09:00:00+00:00,7.6,23.4,Baie-des-Sables wind farm
2751,2024-10-13 10:00:00+00:00,7.1,23.1,Baie-des-Sables wind farm
2752,2024-10-13 11:00:00+00:00,7.5,18.2,Baie-des-Sables wind farm
2753,2024-10-13 12:00:00+00:00,7.5,20.6,Baie-des-Sables wind farm
2754,2024-10-13 13:00:00+00:00,7.6,19.0,Baie-des-Sables wind farm
2755,2024-10-13 14:00:00+00:00,8.2,18.4,Baie-des-Sables wind farm
2756,2024-10-13 15:00:00+00:00,8.5,16.5,Baie-des-Sables wind farm
2757,2024-10-13 16:00:00+00:00,8.2,14.0,Baie-des-Sables wind farm
2758,2024-10-13 17:00:00+00:00,7.4,13.1,Baie-des-Sables wind farm
2759,2024-10-13 18:00:00+00:00,6.8,14.1,Baie-des-Sables wind farm
2760,2024-10-13 19:00:00+00:00,6.7,13.9,Baie-des-Sables wind farm
2761,2024-10-13 20:00:00+00:00,6.4,12.2,Baie-des-Sables wind farm
2762,2024-10-13 21:00:00+00:00,5.3,10.7,Baie-des-Sables wind farm
2763,2024-10-13 22:00:00+00:00,4.8,10.8,Baie-des-Sables wind farm
2764,2024-10-13 23:00:00+00:00,4.3,9.9,Baie-des-Sables wind farm
2765,2024-10-14 00:00:00+00:00,3.9,10.6,Baie-des-Sables wind farm
2766,2024-10-14 01:00:00+00:00,3.5,8.2,Baie-des-Sables wind farm
2767,2024-10-14 02:00:00+00:00,3.0,8.5,Baie-des-Sables wind farm
2768,2024-10-14 03:00:00+00:00,2.7,5.9,Baie-des-Sables wind farm
2769,2024-10-14 04:00:00+00:00,2.4,6.0,Baie-des-Sables wind farm
2770,2024-10-14 05:00:00+00:00,2.3,5.6,Baie-des-Sables wind farm
2771,2024-10-14 06:00:00+00:00,2.6,5.4,Baie-des-Sables wind farm
2772,2024-10-14 07:00:00+00:00,4.3,6.3,Baie-des-Sables wind farm
2773,2024-10-14 08:00:00+00:00,6.4,3.1,Baie-des-Sables wind farm
2774,2024-10-14 09:00:00+00:00,8.1,7.9,Baie-des-Sables wind farm
2775,2024-10-14 10:00:00+00:00,9.2,9.5,Baie-des-Sables wind farm
2776,2024-10-14 11:00:00+00:00,8.5,10.4,Baie-des-Sables wind farm
2777,2024-10-14 12:00:00+00:00,7.7,12.3,Baie-des-Sables wind farm
2778,2024-10-14 13:00:00+00:00,7.3,15.5,Baie-des-Sables wind farm
2779,2024-10-14 14:00:00+00:00,7.3,13.9,Baie-des-Sables wind farm
2780,2024-10-14 15:00:00+00:00,6.7,16.2,Baie-des-Sables wind farm
2781,2024-10-14 16:00:00+00:00,6.6,14.7,Baie-des-Sables wind farm
2782,2024-10-14 17:00:00+00:00,6.5,19.0,Baie-des-Sables wind farm
2783,2024-10-14 18:00:00+00:00,6.2,21.0,Baie-des-Sables wind farm
2784,2024-10-14 19:00:00+00:00,6.3,26.4,Baie-des-Sables wind farm
2785,2024-10-14 20:00:00+00:00,6.2,26.6,Baie-des-Sables wind farm
2786,2024-10-14 21:00:00+00:00,6.5,23.7,Baie-des-Sables wind farm
2787,2024-10-14 22:00:00+00:00,6.5,19.5,Baie-des-Sables wind farm
2788,2024-10-14 23:00:00+00:00,6.5,18.4,Baie-des-Sables wind farm
2789,2024-10-15 00:00:00+00:00,6.5,23.0,Baie-des-Sables wind farm
2790,2024-10-15 01:00:00+00:00,6.0,29.8,Baie-des-Sables wind farm
2791,2024-10-15 02:00:00+00:00,5.8,28.9,Baie-des-Sables wind farm
2792,2024-10-15 03:00:00+00:00,6.1,25.9,Baie-des-Sables wind farm
2793,2024-10-15 04:00:00+00:00,6.3,23.5,Baie-des-Sables wind farm
2794,2024-10-15 05:00:00+00:00,6.2,19.6,Baie-des-Sables wind farm
2795,2024-10-15 06:00:00+00:00,6.5,8.3,Baie-des-Sables wind farm
2796,2024-10-15 07:00:00+00:00,6.9,1.4,Baie-des-Sables wind farm
2797,2024-10-15 08:00:00+00:00,4.2,21.2,Baie-des-Sables wind farm
2798,2024-10-15 09:00:00+00:00,4.3,19.5,Baie-des-Sables wind farm
2799,2024-10-15 10:00:00+00:00,4.5,17.5,Baie-des-Sables wind farm
2800,2024-10-15 11:00:00+00:00,4.7,15.2,Baie-des-Sables wind farm
2801,2024-10-15 12:00:00+00:00,5.0,18.0,Baie-des-Sables wind farm
2802,2024-10-15 13:00:00+00:00,4.5,17.7,Baie-des-Sables wind farm
2803,2024-10-15 14:00:00+00:00,4.7,16.4,Baie-des-Sables wind farm
2804,2024-10-15 15:00:00+00:00,4.6,15.8,Baie-des-Sables wind farm
2805,2024-10-15 16:00:00+00:00,4.7,15.0,Baie-des-Sables wind farm
2806,2024-10-15 17:00:00+00:00,4.6,12.2,Baie-des-Sables wind farm
2807,2024-10-15 18:00:00+00:00,4.6,10.3,Baie-des-Sables wind farm
2808,2024-10-15 19:00:00+00:00,4.6,9.1,Baie-des-Sables wind farm
2809,2024-10-15 20:00:00+00:00,4.5,9.3,Baie-des-Sables wind farm
2810,2024-10-15 21:00:00+00:00,4.6,10.1,Baie-des-Sables wind farm
2811,2024-10-15 22:00:00+00:00,4.6,10.6,Baie-des-Sables wind farm
2812,2024-10-15 23:00:00+00:00,4.4,11.2,Baie-des-Sables wind farm
2813,2024-10-16 00:00:00+00:00,4.1,13.2,Baie-des-Sables wind farm
2814,2024-10-16 01:00:00+00:00,3.8,13.8,Baie-des-Sables wind farm
2815,2024-10-16 02:00:00+00:00,3.3,15.1,Baie-des-Sables wind farm
2816,2024-10-16 03:00:00+00:00,3.3,15.5,Baie-des-Sables wind farm
2817,2024-10-16 04:00:00+00:00,3.4,18.3,Baie-des-Sables wind farm
2818,2024-10-16 05:00:00+00:00,3.2,19.7,Baie-des-Sables wind farm
2819,2024-10-16 06:00:00+00:00,3.6,20.8,Baie-des-Sables wind farm
2820,2024-10-16 07:00:00+00:00,4.0,22.4,Baie-des-Sables wind farm
2821,2024-10-16 08:00:00+00:00,3.7,23.0,Baie-des-Sables wind farm
2822,2024-10-16 09:00:00+00:00,4.4,21.4,Baie-des-Sables wind farm
2823,2024-10-16 10:00:00+00:00,5.6,23.6,Baie-des-Sables wind farm
2824,2024-10-16 11:00:00+00:00,6.3,24.9,Baie-des-Sables wind farm
2825,2024-10-16 12:00:00+00:00,7.0,23.8,Baie-des-Sables wind farm
2826,2024-10-16 13:00:00+00:00,7.3,23.8,Baie-des-Sables wind farm
2827,2024-10-16 14:00:00+00:00,7.1,21.5,Baie-des-Sables wind farm
2828,2024-10-16 15:00:00+00:00,7.1,19.7,Baie-des-Sables wind farm
2829,2024-10-16 16:00:00+00:00,6.8,13.9,Baie-des-Sables wind farm
2830,2024-10-16 17:00:00+00:00,6.2,14.5,Baie-des-Sables wind farm
2831,2024-10-16 18:00:00+00:00,5.8,12.3,Baie-des-Sables wind farm
2832,2024-10-16 19:00:00+00:00,6.0,12.9,Baie-des-Sables wind farm
2833,2024-10-16 20:00:00+00:00,3.8,12.2,Baie-des-Sables wind farm
2834,2024-10-16 21:00:00+00:00,3.7,12.5,Baie-des-Sables wind farm
2835,2024-10-16 22:00:00+00:00,3.8,12.6,Baie-des-Sables wind farm
2836,2024-10-16 23:00:00+00:00,3.8,12.7,Baie-des-Sables wind farm
2837,2024-10-17 00:00:00+00:00,3.8,13.5,Baie-des-Sables wind farm
2838,2024-10-17 01:00:00+00:00,3.8,15.0,Baie-des-Sables wind farm
2839,2024-10-17 02:00:00+00:00,3.5,15.3,Baie-des-Sables wind farm
2840,2024-10-17 03:00:00+00:00,3.3,15.9,Baie-des-Sables wind farm
2841,2024-10-17 04:00:00+00:00,3.1,16.2,Baie-des-Sables wind farm
2842,2024-10-17 05:00:00+00:00,2.6,16.6,Baie-des-Sables wind farm
2843,2024-10-17 06:00:00+00:00,2.6,16.8,Baie-des-Sables wind farm
2844,2024-10-17 07:00:00+00:00,3.7,17.0,Baie-des-Sables wind farm
2845,2024-10-17 08:00:00+00:00,5.4,15.9,Baie-des-Sables wind farm
2846,2024-10-17 09:00:00+00:00,6.5,18.3,Baie-des-Sables wind farm
2847,2024-10-17 10:00:00+00:00,6.7,18.5,Baie-des-Sables wind farm
2848,2024-10-17 11:00:00+00:00,8.0,19.0,Baie-des-Sables wind farm
2849,2024-10-17 12:00:00+00:00,8.8,19.1,Baie-des-Sables wind farm
2850,2024-10-17 13:00:00+00:00,9.1,16.4,Baie-des-Sables wind farm
2851,2024-10-17 14:00:00+00:00,9.2,15.5,Baie-des-Sables wind farm
2852,2024-10-17 15:00:00+00:00,9.0,14.5,Baie-des-Sables wind farm
2853,2024-10-17 16:00:00+00:00,8.0,12.3,Baie-des-Sables wind farm
2854,2024-10-17 17:00:00+00:00,6.7,12.0,Baie-des-Sables wind farm
2855,2024-10-17 18:00:00+00:00,6.6,11.9,Baie-des-Sables wind farm
2856,2024-10-17 19:00:00+00:00,5.7,10.3,Baie-des-Sables wind farm
2857,2024-10-17 20:00:00+00:00,4.7,10.5,Baie-des-Sables wind farm
2858,2024-10-17 21:00:00+00:00,4.6,10.1,Baie-des-Sables wind farm
2859,2024-10-17 22:00:00+00:00,4.6,10.4,Baie-des-Sables wind farm
2860,2024-10-17 23:00:00+00:00,4.6,11.3,Baie-des-Sables wind farm
2861,2024-10-18 00:00:00+00:00,4.2,10.6,Baie-des-Sables wind farm
2862,2024-10-18 01:00:00+00:00,3.8,10.2,Baie-des-Sables wind farm
2863,2024-10-18 02:00:00+00:00,3.3,9.9,Baie-des-Sables wind farm
2864,2024-10-18 03:00:00+00:00,2.9,9.3,Baie-des-Sables wind farm
2865,2024-10-18 04:00:00+00:00,2.6,9.0,Baie-des-Sables wind farm
2866,2024-10-18 05:00:00+00:00,2.4,7.8,Baie-des-Sables wind farm
2867,2024-10-18 06:00:00+00:00,2.3,7.4,Baie-des-Sables wind farm
2868,2024-10-18 07:00:00+00:00,3.5,7.9,Baie-des-Sables wind farm
2869,2024-10-18 08:00:00+00:00,5.6,7.9,Baie-des-Sables wind farm
2870,2024-10-18 09:00:00+00:00,7.3,8.1,Baie-des-Sables wind farm
2871,2024-10-18 10:00:00+00:00,8.7,8.0,Baie-des-Sables wind farm
2872,2024-10-18 11:00:00+00:00,9.8,7.5,Baie-des-Sables wind farm
2873,2024-10-18 12:00:00+00:00,10.7,7.1,Baie-des-Sables wind farm
2874,2024-10-18 13:00:00+00:00,11.0,8.1,Baie-des-Sables wind farm
2875,2024-10-18 14:00:00+00:00,10.9,8.7,Baie-des-Sables wind farm
2876,2024-10-18 15:00:00+00:00,10.4,8.5,Baie-des-Sables wind farm
2877,2024-10-18 16:00:00+00:00,9.1,7.3,Baie-des-Sables wind farm
2878,2024-10-18 17:00:00+00:00,7.2,7.4,Baie-des-Sables wind farm
2879,2024-10-18 18:00:00+00:00,6.8,12.1,Baie-des-Sables wind farm
2880,2024-10-18 19:00:00+00:00,7.2,13.6,Baie-des-Sables wind farm
2881,2024-10-18 20:00:00+00:00,7.7,14.7,Baie-des-Sables wind farm
2882,2024-10-18 21:00:00+00:00,8.1,15.3,Baie-des-Sables wind farm
2883,2024-10-18 22:00:00+00:00,8.3,15.5,Baie-des-Sables wind farm
2884,2024-10-18 23:00:00+00:00,9.0,15.8,Baie-des-Sables wind farm
2885,2024-10-19 00:00:00+00:00,9.1,16.6,Baie-des-Sables wind farm
2886,2024-10-19 01:00:00+00:00,9.3,17.3,Baie-des-Sables wind farm
2887,2024-10-19 02:00:00+00:00,9.2,17.1,Baie-des-Sables wind farm
2888,2024-10-19 03:00:00+00:00,9.2,17.4,Baie-des-Sables wind farm
2889,2024-10-19 04:00:00+00:00,9.5,17.8,Baie-des-Sables wind farm
2890,2024-10-19 05:00:00+00:00,9.5,17.9,Baie-des-Sables wind farm
2891,2024-10-19 06:00:00+00:00,9.3,17.6,Baie-des-Sables wind farm
2892,2024-10-19 07:00:00+00:00,9.9,17.2,Baie-des-Sables wind farm
2893,2024-10-19 08:00:00+00:00,11.1,13.7,Baie-des-Sables wind farm
2894,2024-10-19 09:00:00+00:00,12.8,15.7,Baie-des-Sables wind farm
2895,2024-10-19 10:00:00+00:00,14.2,16.1,Baie-des-Sables wind farm
2896,2024-10-19 11:00:00+00:00,15.3,15.0,Baie-des-Sables wind farm
2897,2024-10-19 12:00:00+00:00,16.4,14.2,Baie-des-Sables wind farm
2898,2024-10-19 13:00:00+00:00,17.2,14.4,Baie-des-Sables wind farm
2899,2024-10-19 14:00:00+00:00,17.2,14.7,Baie-des-Sables wind farm
2900,2024-10-19 15:00:00+00:00,16.9,16.9,Baie-des-Sables wind farm
2901,2024-10-19 16:00:00+00:00,15.9,19.0,Baie-des-Sables wind farm
2902,2024-10-19 17:00:00+00:00,15.2,21.1,Baie-des-Sables wind farm
2903,2024-10-19 18:00:00+00:00,14.5,21.8,Baie-des-Sables wind farm
2904,2024-10-19 19:00:00+00:00,13.7,21.4,Baie-des-Sables wind farm
2905,2024-10-19 20:00:00+00:00,13.4,20.2,Baie-des-Sables wind farm
2906,2024-10-19 21:00:00+00:00,12.9,18.5,Baie-des-Sables wind farm
2907,2024-10-19 22:00:00+00:00,12.5,17.8,Baie-des-Sables wind farm
2908,2024-10-19 23:00:00+00:00,12.7,19.2,Baie-des-Sables wind farm
2909,2024-10-20 00:00:00+00:00,12.8,19.3,Baie-des-Sables wind farm
2910,2024-10-20 01:00:00+00:00,12.6,18.4,Baie-des-Sables wind farm
2911,2024-10-20 02:00:00+00:00,11.9,16.5,Baie-des-Sables wind farm
2912,2024-10-20 03:00:00+00:00,11.7,14.7,Baie-des-Sables wind farm
2913,2024-10-20 04:00:00+00:00,11.6,13.5,Baie-des-Sables wind farm
2914,2024-10-20 05:00:00+00:00,10.9,12.8,Baie-des-Sables wind farm
2915,2024-10-20 06:00:00+00:00,11.1,12.9,Baie-des-Sables wind farm
2916,2024-10-20 07:00:00+00:00,11.1,13.1,Baie-des-Sables wind farm
2917,2024-10-20 08:00:00+00:00,12.5,12.5,Baie-des-Sables wind farm
2918,2024-10-20 09:00:00+00:00,13.2,11.7,Baie-des-Sables wind farm
2919,2024-10-20 10:00:00+00:00,13.3,9.3,Baie-des-Sables wind farm
2920,2024-10-20 11:00:00+00:00,12.9,15.7,Baie-des-Sables wind farm
2921,2024-10-20 12:00:00+00:00,14.4,12.9,Baie-des-Sables wind farm
2922,2024-10-20 13:00:00+00:00,16.1,17.3,Baie-des-Sables wind farm
2923,2024-10-20 14:00:00+00:00,16.0,19.8,Baie-des-Sables wind farm
2924,2024-10-20 15:00:00+00:00,16.1,22.3,Baie-des-Sables wind farm
2925,2024-10-20 16:00:00+00:00,15.1,21.6,Baie-des-Sables wind farm
2926,2024-10-20 17:00:00+00:00,14.1,21.6,Baie-des-Sables wind farm
2927,2024-10-20 18:00:00+00:00,13.5,18.9,Baie-des-Sables wind farm
2928,2024-10-20 19:00:00+00:00,13.9,19.4,Baie-des-Sables wind farm
2929,2024-10-20 20:00:00+00:00,14.0,20.9,Baie-des-Sables wind farm
2930,2024-10-20 21:00:00+00:00,13.8,21.3,Baie-des-Sables wind farm
2931,2024-10-20 22:00:00+00:00,13.9,21.8,Baie-des-Sables wind farm
2932,2024-10-20 23:00:00+00:00,13.6,21.3,Baie-des-Sables wind farm
2933,2024-10-21 00:00:00+00:00,12.9,21.6,Baie-des-Sables wind farm
2934,2024-10-21 01:00:00+00:00,12.7,20.7,Baie-des-Sables wind farm
2935,2024-10-21 02:00:00+00:00,11.9,19.9,Baie-des-Sables wind farm
2936,2024-10-21 03:00:00+00:00,11.2,18.0,Baie-des-Sables wind farm
2937,2024-10-21 04:00:00+00:00,10.5,17.0,Baie-des-Sables wind farm
2938,2024-10-21 05:00:00+00:00,9.8,16.5,Baie-des-Sables wind farm
2939,2024-10-21 06:00:00+00:00,9.3,15.2,Baie-des-Sables wind farm
2940,2024-10-21 07:00:00+00:00,9.9,14.7,Baie-des-Sables wind farm
2941,2024-10-21 08:00:00+00:00,13.0,13.3,Baie-des-Sables wind farm
2942,2024-10-21 09:00:00+00:00,13.1,14.8,Baie-des-Sables wind farm
2943,2024-10-21 10:00:00+00:00,14.1,17.9,Baie-des-Sables wind farm
2944,2024-10-21 11:00:00+00:00,15.5,18.7,Baie-des-Sables wind farm
2945,2024-10-21 12:00:00+00:00,16.3,17.6,Baie-des-Sables wind farm
2946,2024-10-21 13:00:00+00:00,16.2,18.0,Baie-des-Sables wind farm
2947,2024-10-21 14:00:00+00:00,16.1,17.5,Baie-des-Sables wind farm
2948,2024-10-21 15:00:00+00:00,16.0,20.7,Baie-des-Sables wind farm
2949,2024-10-21 16:00:00+00:00,15.3,21.1,Baie-des-Sables wind farm
2950,2024-10-21 17:00:00+00:00,13.2,22.2,Baie-des-Sables wind farm
2951,2024-10-21 18:00:00+00:00,10.6,14.0,Baie-des-Sables wind farm
2952,2024-10-21 19:00:00+00:00,10.8,12.3,Baie-des-Sables wind farm
2953,2024-10-21 20:00:00+00:00,9.6,17.6,Baie-des-Sables wind farm
2954,2024-10-21 21:00:00+00:00,8.1,13.7,Baie-des-Sables wind farm
2955,2024-10-21 22:00:00+00:00,7.1,12.1,Baie-des-Sables wind farm
2956,2024-10-21 23:00:00+00:00,6.4,10.9,Baie-des-Sables wind farm
2957,2024-10-22 00:00:00+00:00,6.0,10.6,Baie-des-Sables wind farm
2958,2024-10-22 01:00:00+00:00,5.6,10.9,Baie-des-Sables wind farm
2959,2024-10-22 02:00:00+00:00,5.3,10.9,Baie-des-Sables wind farm
2960,2024-10-22 03:00:00+00:00,5.1,10.0,Baie-des-Sables wind farm
2961,2024-10-22 04:00:00+00:00,4.8,9.4,Baie-des-Sables wind farm
2962,2024-10-22 05:00:00+00:00,4.7,8.0,Baie-des-Sables wind farm
2963,2024-10-22 06:00:00+00:00,4.5,6.2,Baie-des-Sables wind farm
2964,2024-10-22 07:00:00+00:00,5.2,6.5,Baie-des-Sables wind farm
2965,2024-10-22 08:00:00+00:00,6.5,7.9,Baie-des-Sables wind farm
2966,2024-10-22 09:00:00+00:00,7.4,8.3,Baie-des-Sables wind farm
2967,2024-10-22 10:00:00+00:00,8.1,7.2,Baie-des-Sables wind farm
2968,2024-10-22 11:00:00+00:00,9.1,5.2,Baie-des-Sables wind farm
2969,2024-10-22 12:00:00+00:00,10.0,4.1,Baie-des-Sables wind farm
2970,2024-10-22 13:00:00+00:00,10.7,3.4,Baie-des-Sables wind farm
2971,2024-10-22 14:00:00+00:00,11.1,1.6,Baie-des-Sables wind farm
2972,2024-10-22 15:00:00+00:00,11.4,2.8,Baie-des-Sables wind farm
2973,2024-10-22 16:00:00+00:00,9.4,6.2,Baie-des-Sables wind farm
2974,2024-10-22 17:00:00+00:00,9.0,12.6,Baie-des-Sables wind farm
2975,2024-10-22 18:00:00+00:00,9.2,17.3,Baie-des-Sables wind farm
2976,2024-10-22 19:00:00+00:00,10.0,20.9,Baie-des-Sables wind farm
2977,2024-10-22 20:00:00+00:00,10.8,22.2,Baie-des-Sables wind farm
2978,2024-10-22 21:00:00+00:00,11.8,23.9,Baie-des-Sables wind farm
2979,2024-10-22 22:00:00+00:00,13.0,25.0,Baie-des-Sables wind farm
2980,2024-10-22 23:00:00+00:00,13.7,25.5,Baie-des-Sables wind farm
2981,2024-10-23 00:00:00+00:00,13.9,25.3,Baie-des-Sables wind farm
2982,2024-10-23 01:00:00+00:00,14.5,25.7,Baie-des-Sables wind farm
2983,2024-10-23 02:00:00+00:00,14.6,26.1,Baie-des-Sables wind farm
2984,2024-10-23 03:00:00+00:00,13.8,24.3,Baie-des-Sables wind farm
2985,2024-10-23 04:00:00+00:00,14.2,23.1,Baie-des-Sables wind farm
2986,2024-10-23 05:00:00+00:00,14.1,22.8,Baie-des-Sables wind farm
2987,2024-10-23 06:00:00+00:00,14.1,22.1,Baie-des-Sables wind farm
2988,2024-10-23 07:00:00+00:00,14.4,22.5,Baie-des-Sables wind farm
2989,2024-10-23 08:00:00+00:00,15.7,20.2,Baie-des-Sables wind farm
2990,2024-10-23 09:00:00+00:00,16.9,21.4,Baie-des-Sables wind farm
2991,2024-10-23 10:00:00+00:00,18.5,20.8,Baie-des-Sables wind farm
2992,2024-10-23 11:00:00+00:00,20.0,21.3,Baie-des-Sables wind farm
2993,2024-10-23 12:00:00+00:00,21.0,23.3,Baie-des-Sables wind farm
2994,2024-10-23 13:00:00+00:00,21.1,23.9,Baie-des-Sables wind farm
2995,2024-10-23 14:00:00+00:00,20.8,23.2,Baie-des-Sables wind farm
2996,2024-10-23 15:00:00+00:00,20.4,27.9,Baie-des-Sables wind farm
2997,2024-10-23 16:00:00+00:00,19.7,25.1,Baie-des-Sables wind farm
2998,2024-10-23 17:00:00+00:00,19.3,24.4,Baie-des-Sables wind farm
2999,2024-10-23 18:00:00+00:00,19.0,23.8,Baie-des-Sables wind farm
3000,2024-10-23 19:00:00+00:00,19.0,25.6,Baie-des-Sables wind farm
3001,2024-10-23 20:00:00+00:00,18.3,29.0,Baie-des-Sables wind farm
3002,2024-10-23 21:00:00+00:00,17.3,23.8,Baie-des-Sables wind farm
3003,2024-10-23 22:00:00+00:00,16.0,18.1,Baie-des-Sables wind farm
3004,2024-10-23 23:00:00+00:00,14.4,21.3,Baie-des-Sables wind farm
3005,2024-10-24 00:00:00+00:00,12.7,21.1,Baie-des-Sables wind farm
3006,2024-10-24 01:00:00+00:00,11.1,17.5,Baie-des-Sables wind farm
3007,2024-10-24 02:00:00+00:00,9.9,17.3,Baie-des-Sables wind farm
3008,2024-10-24 03:00:00+00:00,8.6,14.2,Baie-des-Sables wind farm
3009,2024-10-24 04:00:00+00:00,7.7,13.9,Baie-des-Sables wind farm
3010,2024-10-24 05:00:00+00:00,7.2,13.3,Baie-des-Sables wind farm
3011,2024-10-24 06:00:00+00:00,6.5,12.4,Baie-des-Sables wind farm
3012,2024-10-24 07:00:00+00:00,6.9,12.2,Baie-des-Sables wind farm
3013,2024-10-24 08:00:00+00:00,6.6,15.2,Baie-des-Sables wind farm
3014,2024-10-24 09:00:00+00:00,6.8,13.6,Baie-des-Sables wind farm
3015,2024-10-24 10:00:00+00:00,7.1,11.7,Baie-des-Sables wind farm
3016,2024-10-24 11:00:00+00:00,7.3,12.1,Baie-des-Sables wind farm
3017,2024-10-24 12:00:00+00:00,7.6,11.5,Baie-des-Sables wind farm
3018,2024-10-24 13:00:00+00:00,7.8,11.7,Baie-des-Sables wind farm
3019,2024-10-24 14:00:00+00:00,7.8,10.5,Baie-des-Sables wind farm
3020,2024-10-24 15:00:00+00:00,7.5,6.9,Baie-des-Sables wind farm
3021,2024-10-24 16:00:00+00:00,6.3,4.8,Baie-des-Sables wind farm
3022,2024-10-24 17:00:00+00:00,5.3,5.2,Baie-des-Sables wind farm
3023,2024-10-24 18:00:00+00:00,4.9,6.8,Baie-des-Sables wind farm
3024,2024-10-24 19:00:00+00:00,4.8,7.4,Baie-des-Sables wind farm
3025,2024-10-24 20:00:00+00:00,4.8,12.8,Baie-des-Sables wind farm
3026,2024-10-24 21:00:00+00:00,4.4,8.6,Baie-des-Sables wind farm
3027,2024-10-24 22:00:00+00:00,4.1,7.6,Baie-des-Sables wind farm
3028,2024-10-24 23:00:00+00:00,3.8,9.4,Baie-des-Sables wind farm
3029,2024-10-25 00:00:00+00:00,3.6,10.6,Baie-des-Sables wind farm
3030,2024-10-25 01:00:00+00:00,3.5,7.9,Baie-des-Sables wind farm
3031,2024-10-25 02:00:00+00:00,3.5,8.6,Baie-des-Sables wind farm
3032,2024-10-25 03:00:00+00:00,3.4,8.1,Baie-des-Sables wind farm
3033,2024-10-25 04:00:00+00:00,3.4,8.3,Baie-des-Sables wind farm
3034,2024-10-25 05:00:00+00:00,3.2,7.4,Baie-des-Sables wind farm
3035,2024-10-25 06:00:00+00:00,3.2,8.3,Baie-des-Sables wind farm
3036,2024-10-25 07:00:00+00:00,3.7,9.0,Baie-des-Sables wind farm
3037,2024-10-25 08:00:00+00:00,4.8,8.5,Baie-des-Sables wind farm
3038,2024-10-25 09:00:00+00:00,5.9,8.7,Baie-des-Sables wind farm
3039,2024-10-25 10:00:00+00:00,6.4,10.1,Baie-des-Sables wind farm
3040,2024-10-25 11:00:00+00:00,6.7,9.4,Baie-des-Sables wind farm
3041,2024-10-25 12:00:00+00:00,7.1,8.3,Baie-des-Sables wind farm
3042,2024-10-25 13:00:00+00:00,7.2,7.5,Baie-des-Sables wind farm
3043,2024-10-25 14:00:00+00:00,6.8,6.5,Baie-des-Sables wind farm
3044,2024-10-25 15:00:00+00:00,6.1,5.3,Baie-des-Sables wind farm
3045,2024-10-25 16:00:00+00:00,4.6,3.6,Baie-des-Sables wind farm
3046,2024-10-25 17:00:00+00:00,3.8,4.2,Baie-des-Sables wind farm
3047,2024-10-25 18:00:00+00:00,3.0,1.5,Baie-des-Sables wind farm
3048,2024-10-25 19:00:00+00:00,2.4,3.6,Baie-des-Sables wind farm
3049,2024-10-25 20:00:00+00:00,2.3,4.3,Baie-des-Sables wind farm
3050,2024-10-25 21:00:00+00:00,2.8,5.1,Baie-des-Sables wind farm
3051,2024-10-25 22:00:00+00:00,3.1,4.8,Baie-des-Sables wind farm
3052,2024-10-25 23:00:00+00:00,3.2,5.4,Baie-des-Sables wind farm
3053,2024-10-26 00:00:00+00:00,3.4,6.6,Baie-des-Sables wind farm
3054,2024-10-26 01:00:00+00:00,2.7,7.8,Baie-des-Sables wind farm
3055,2024-10-26 02:00:00+00:00,3.0,8.6,Baie-des-Sables wind farm
3056,2024-10-26 03:00:00+00:00,3.8,8.2,Baie-des-Sables wind farm
3057,2024-10-26 04:00:00+00:00,4.1,9.1,Baie-des-Sables wind farm
3058,2024-10-26 05:00:00+00:00,3.8,10.8,Baie-des-Sables wind farm
3059,2024-10-26 06:00:00+00:00,3.0,12.4,Baie-des-Sables wind farm
3060,2024-10-26 07:00:00+00:00,3.6,13.8,Baie-des-Sables wind farm
3061,2024-10-26 08:00:00+00:00,5.3,13.5,Baie-des-Sables wind farm
3062,2024-10-26 09:00:00+00:00,6.0,19.8,Baie-des-Sables wind farm
3063,2024-10-26 10:00:00+00:00,6.1,20.2,Baie-des-Sables wind farm
3064,2024-10-26 11:00:00+00:00,7.0,25.4,Baie-des-Sables wind farm
3065,2024-10-26 12:00:00+00:00,6.9,28.2,Baie-des-Sables wind farm
3066,2024-10-26 13:00:00+00:00,6.9,28.2,Baie-des-Sables wind farm
3067,2024-10-26 14:00:00+00:00,6.7,28.4,Baie-des-Sables wind farm
3068,2024-10-26 15:00:00+00:00,6.1,27.4,Baie-des-Sables wind farm
3069,2024-10-26 16:00:00+00:00,5.2,24.2,Baie-des-Sables wind farm
3070,2024-10-26 17:00:00+00:00,5.8,22.6,Baie-des-Sables wind farm
3071,2024-10-26 18:00:00+00:00,5.5,24.7,Baie-des-Sables wind farm
3072,2024-10-26 19:00:00+00:00,5.3,24.5,Baie-des-Sables wind farm
3073,2024-10-26 20:00:00+00:00,4.7,25.7,Baie-des-Sables wind farm
3074,2024-10-26 21:00:00+00:00,4.4,25.9,Baie-des-Sables wind farm
3075,2024-10-26 22:00:00+00:00,4.2,24.9,Baie-des-Sables wind farm
3076,2024-10-26 23:00:00+00:00,3.9,24.7,Baie-des-Sables wind farm
3077,2024-10-27 00:00:00+00:00,3.3,24.3,Baie-des-Sables wind farm
3078,2024-10-27 01:00:00+00:00,2.6,24.0,Baie-des-Sables wind farm
3079,2024-10-27 02:00:00+00:00,2.5,23.6,Baie-des-Sables wind farm
3080,2024-10-27 03:00:00+00:00,2.2,24.9,Baie-des-Sables wind farm
3081,2024-10-27 04:00:00+00:00,2.2,24.3,Baie-des-Sables wind farm
3082,2024-10-27 05:00:00+00:00,2.6,24.7,Baie-des-Sables wind farm
3083,2024-10-27 06:00:00+00:00,2.4,24.4,Baie-des-Sables wind farm
3084,2024-10-27 07:00:00+00:00,2.1,24.4,Baie-des-Sables wind farm
3085,2024-10-27 08:00:00+00:00,1.9,25.7,Baie-des-Sables wind farm
3086,2024-10-27 09:00:00+00:00,2.2,24.7,Baie-des-Sables wind farm
3087,2024-10-27 10:00:00+00:00,2.6,24.2,Baie-des-Sables wind farm
3088,2024-10-27 11:00:00+00:00,3.0,23.9,Baie-des-Sables wind farm
3089,2024-10-27 12:00:00+00:00,3.3,24.2,Baie-des-Sables wind farm
3090,2024-10-27 13:00:00+00:00,3.4,24.4,Baie-des-Sables wind farm
3091,2024-10-27 14:00:00+00:00,2.5,22.1,Baie-des-Sables wind farm
3092,2024-10-27 15:00:00+00:00,1.6,20.5,Baie-des-Sables wind farm
3093,2024-10-27 16:00:00+00:00,1.9,19.6,Baie-des-Sables wind farm
3094,2024-10-27 17:00:00+00:00,1.1,18.0,Baie-des-Sables wind farm
3095,2024-10-27 18:00:00+00:00,1.6,20.4,Baie-des-Sables wind farm
3096,2024-10-27 19:00:00+00:00,1.7,18.6,Baie-des-Sables wind farm
3097,2024-10-27 20:00:00+00:00,1.2,22.3,Baie-des-Sables wind farm
3098,2024-10-27 21:00:00+00:00,0.7,23.1,Baie-des-Sables wind farm
3099,2024-10-27 22:00:00+00:00,0.6,22.8,Baie-des-Sables wind farm
3100,2024-10-27 23:00:00+00:00,0.4,22.5,Baie-des-Sables wind farm
3101,2024-10-28 00:00:00+00:00,0.3,21.4,Baie-des-Sables wind farm
3102,2024-10-28 01:00:00+00:00,0.3,21.3,Baie-des-Sables wind farm
3103,2024-10-28 02:00:00+00:00,0.8,21.5,Baie-des-Sables wind farm
3104,2024-10-28 03:00:00+00:00,0.8,21.8,Baie-des-Sables wind farm
3105,2024-10-28 04:00:00+00:00,0.7,20.1,Baie-des-Sables wind farm
3106,2024-10-28 05:00:00+00:00,1.0,21.2,Baie-des-Sables wind farm
3107,2024-10-28 06:00:00+00:00,1.2,21.5,Baie-des-Sables wind farm
3108,2024-10-28 07:00:00+00:00,1.4,22.7,Baie-des-Sables wind farm
3109,2024-10-28 08:00:00+00:00,2.0,25.0,Baie-des-Sables wind farm
3110,2024-10-28 09:00:00+00:00,2.8,25.3,Baie-des-Sables wind farm
3111,2024-10-28 10:00:00+00:00,3.3,26.3,Baie-des-Sables wind farm
3112,2024-10-28 11:00:00+00:00,3.7,24.2,Baie-des-Sables wind farm
3113,2024-10-28 12:00:00+00:00,4.0,23.5,Baie-des-Sables wind farm
3114,2024-10-28 13:00:00+00:00,4.2,22.8,Baie-des-Sables wind farm
3115,2024-10-28 14:00:00+00:00,4.1,21.5,Baie-des-Sables wind farm
3116,2024-10-28 15:00:00+00:00,4.1,21.3,Baie-des-Sables wind farm
3117,2024-10-28 16:00:00+00:00,3.8,16.2,Baie-des-Sables wind farm
3118,2024-10-28 17:00:00+00:00,3.4,14.5,Baie-des-Sables wind farm
3119,2024-10-28 18:00:00+00:00,2.9,13.2,Baie-des-Sables wind farm
3120,2024-10-28 19:00:00+00:00,2.1,11.4,Baie-des-Sables wind farm
3121,2024-10-28 20:00:00+00:00,1.7,12.0,Baie-des-Sables wind farm
3122,2024-10-28 21:00:00+00:00,1.2,9.8,Baie-des-Sables wind farm
3123,2024-10-28 22:00:00+00:00,0.7,6.6,Baie-des-Sables wind farm
3124,2024-10-28 23:00:00+00:00,0.3,6.0,Baie-des-Sables wind farm
3125,2024-10-29 00:00:00+00:00,-0.0,5.5,Baie-des-Sables wind farm
3126,2024-10-29 01:00:00+00:00,-0.1,6.5,Baie-des-Sables wind farm
3127,2024-10-29 02:00:00+00:00,-0.7,5.5,Baie-des-Sables wind farm
3128,2024-10-29 03:00:00+00:00,-0.8,6.1,Baie-des-Sables wind farm
3129,2024-10-29 04:00:00+00:00,-1.0,5.1,Baie-des-Sables wind farm
3130,2024-10-29 05:00:00+00:00,-1.2,4.4,Baie-des-Sables wind farm
3131,2024-10-29 06:00:00+00:00,-1.6,6.7,Baie-des-Sables wind farm
3132,2024-10-29 07:00:00+00:00,-1.6,7.3,Baie-des-Sables wind farm
3133,2024-10-29 08:00:00+00:00,0.5,6.7,Baie-des-Sables wind farm
3134,2024-10-29 09:00:00+00:00,2.3,1.8,Baie-des-Sables wind farm
3135,2024-10-29 10:00:00+00:00,3.5,2.2,Baie-des-Sables wind farm
3136,2024-10-29 11:00:00+00:00,4.2,3.9,Baie-des-Sables wind farm
3137,2024-10-29 12:00:00+00:00,4.5,2.8,Baie-des-Sables wind farm
3138,2024-10-29 13:00:00+00:00,4.3,2.2,Baie-des-Sables wind farm
3139,2024-10-29 14:00:00+00:00,4.3,3.6,Baie-des-Sables wind farm
3140,2024-10-29 15:00:00+00:00,3.2,3.4,Baie-des-Sables wind farm
3141,2024-10-29 16:00:00+00:00,1.4,10.4,Baie-des-Sables wind farm
3142,2024-10-29 17:00:00+00:00,0.1,12.3,Baie-des-Sables wind farm
3143,2024-10-29 18:00:00+00:00,0.0,12.3,Baie-des-Sables wind farm
3144,2024-10-29 19:00:00+00:00,0.4,13.7,Baie-des-Sables wind farm
3145,2024-10-29 20:00:00+00:00,2.4,14.4,Baie-des-Sables wind farm
3146,2024-10-29 21:00:00+00:00,3.0,16.6,Baie-des-Sables wind farm
3147,2024-10-29 22:00:00+00:00,3.2,18.0,Baie-des-Sables wind farm
3148,2024-10-29 23:00:00+00:00,3.3,18.1,Baie-des-Sables wind farm
3149,2024-10-30 00:00:00+00:00,3.2,18.6,Baie-des-Sables wind farm
3150,2024-10-30 01:00:00+00:00,3.0,20.3,Baie-des-Sables wind farm
3151,2024-10-30 02:00:00+00:00,3.3,20.8,Baie-des-Sables wind farm
3152,2024-10-30 03:00:00+00:00,3.2,20.4,Baie-des-Sables wind farm
3153,2024-10-30 04:00:00+00:00,2.8,20.0,Baie-des-Sables wind farm
3154,2024-10-30 05:00:00+00:00,2.1,19.5,Baie-des-Sables wind farm
3155,2024-10-30 06:00:00+00:00,2.5,19.9,Baie-des-Sables wind farm
3156,2024-10-30 07:00:00+00:00,3.6,20.4,Baie-des-Sables wind farm
3157,2024-10-30 08:00:00+00:00,5.2,19.1,Baie-des-Sables wind farm
3158,2024-10-30 09:00:00+00:00,6.2,20.4,Baie-des-Sables wind farm
3159,2024-10-30 10:00:00+00:00,7.0,17.8,Baie-des-Sables wind farm
3160,2024-10-30 11:00:00+00:00,6.4,21.2,Baie-des-Sables wind farm
3161,2024-10-30 12:00:00+00:00,6.6,22.5,Baie-des-Sables wind farm
3162,2024-10-30 13:00:00+00:00,7.3,22.6,Baie-des-Sables wind farm
3163,2024-10-30 14:00:00+00:00,7.9,23.1,Baie-des-Sables wind farm
3164,2024-10-30 15:00:00+00:00,8.4,21.6,Baie-des-Sables wind farm
3165,2024-10-30 16:00:00+00:00,9.2,22.1,Baie-des-Sables wind farm
3166,2024-10-30 17:00:00+00:00,9.9,23.7,Baie-des-Sables wind farm
3167,2024-10-30 18:00:00+00:00,10.9,25.1,Baie-des-Sables wind farm
3168,2024-10-30 19:00:00+00:00,11.5,26.0,Baie-des-Sables wind farm
3169,2024-10-30 20:00:00+00:00,12.1,30.4,Baie-des-Sables wind farm
3170,2024-10-30 21:00:00+00:00,12.8,30.5,Baie-des-Sables wind farm
3171,2024-10-30 22:00:00+00:00,13.5,30.1,Baie-des-Sables wind farm
3172,2024-10-30 23:00:00+00:00,14.5,27.9,Baie-des-Sables wind farm
3173,2024-10-31 00:00:00+00:00,15.0,26.3,Baie-des-Sables wind farm
3174,2024-10-31 01:00:00+00:00,15.5,26.6,Baie-des-Sables wind farm
3175,2024-10-31 02:00:00+00:00,15.9,25.0,Baie-des-Sables wind farm
3176,2024-10-31 03:00:00+00:00,16.0,22.6,Baie-des-Sables wind farm
3177,2024-10-31 04:00:00+00:00,16.6,20.9,Baie-des-Sables wind farm
3178,2024-10-31 05:00:00+00:00,15.9,19.3,Baie-des-Sables wind farm
3179,2024-10-31 06:00:00+00:00,13.1,21.6,Baie-des-Sables wind farm
3180,2024-10-31 07:00:00+00:00,10.6,12.5,Baie-des-Sables wind farm
3181,2024-10-31 08:00:00+00:00,10.6,9.4,Baie-des-Sables wind farm
3182,2024-10-31 09:00:00+00:00,9.5,8.4,Baie-des-Sables wind farm
3183,2024-10-31 10:00:00+00:00,8.9,9.2,Baie-des-Sables wind farm
3184,2024-10-31 11:00:00+00:00,8.3,7.7,Baie-des-Sables wind farm
3185,2024-10-31 12:00:00+00:00,7.9,6.3,Baie-des-Sables wind farm
3186,2024-10-31 13:00:00+00:00,7.7,4.2,Baie-des-Sables wind farm
3187,2024-10-31 14:00:00+00:00,7.5,4.7,Baie-des-Sables wind farm
3188,2024-10-31 15:00:00+00:00,7.2,5.6,Baie-des-Sables wind farm
3189,2024-10-31 16:00:00+00:00,6.8,4.2,Baie-des-Sables wind farm
3190,2024-10-31 17:00:00+00:00,6.7,2.8,Baie-des-Sables wind farm
3191,2024-10-31 18:00:00+00:00,6.7,2.7,Baie-des-Sables wind farm
3192,2024-10-31 19:00:00+00:00,6.9,2.7,Baie-des-Sables wind farm
3193,2024-10-31 20:00:00+00:00,6.5,1.3,Baie-des-Sables wind farm
3194,2024-10-31 21:00:00+00:00,6.5,1.7,Baie-des-Sables wind farm
3195,2024-10-31 22:00:00+00:00,6.0,6.9,Baie-des-Sables wind farm
3196,2024-10-31 23:00:00+00:00,5.3,6.7,Baie-des-Sables wind farm
3197,2024-11-01 00:00:00+00:00,5.0,6.6,Baie-des-Sables wind farm
3198,2024-11-01 01:00:00+00:00,5.0,10.2,Baie-des-Sables wind farm
3199,2024-11-01 02:00:00+00:00,4.6,13.1,Baie-des-Sables wind farm
3200,2024-11-01 03:00:00+00:00,3.9,9.8,Baie-des-Sables wind farm
3201,2024-11-01 04:00:00+00:00,3.9,12.3,Baie-des-Sables wind farm
3202,2024-11-01 05:00:00+00:00,3.7,12.3,Baie-des-Sables wind farm
3203,2024-11-01 06:00:00+00:00,3.6,11.6,Baie-des-Sables wind farm
3204,2024-11-01 07:00:00+00:00,3.5,12.8,Baie-des-Sables wind farm
3205,2024-11-01 08:00:00+00:00,3.5,12.7,Baie-des-Sables wind farm
3206,2024-11-01 09:00:00+00:00,3.6,14.3,Baie-des-Sables wind farm
3207,2024-11-01 10:00:00+00:00,3.6,14.2,Baie-des-Sables wind farm
3208,2024-11-01 11:00:00+00:00,3.6,14.2,Baie-des-Sables wind farm
3209,2024-11-01 12:00:00+00:00,3.3,14.5,Baie-des-Sables wind farm
3210,2024-11-01 13:00:00+00:00,2.7,13.1,Baie-des-Sables wind farm
3211,2024-11-01 14:00:00+00:00,2.8,12.7,Baie-des-Sables wind farm
3212,2024-11-01 15:00:00+00:00,2.9,11.1,Baie-des-Sables wind farm
3213,2024-11-01 16:00:00+00:00,2.9,8.3,Baie-des-Sables wind farm
3214,2024-11-01 17:00:00+00:00,2.4,9.4,Baie-des-Sables wind farm
3215,2024-11-01 18:00:00+00:00,2.5,13.8,Baie-des-Sables wind farm
3216,2024-11-01 19:00:00+00:00,2.7,13.2,Baie-des-Sables wind farm
3217,2024-11-01 20:00:00+00:00,2.1,14.5,Baie-des-Sables wind farm
3218,2024-11-01 21:00:00+00:00,1.9,14.0,Baie-des-Sables wind farm
3219,2024-11-01 22:00:00+00:00,1.6,13.7,Baie-des-Sables wind farm
3220,2024-11-01 23:00:00+00:00,1.3,12.8,Baie-des-Sables wind farm
3221,2024-11-02 00:00:00+00:00,0.9,11.9,Baie-des-Sables wind farm
3222,2024-11-02 01:00:00+00:00,0.5,11.0,Baie-des-Sables wind farm
3223,2024-11-02 02:00:00+00:00,0.3,10.4,Baie-des-Sables wind farm
3224,2024-11-02 03:00:00+00:00,0.2,12.0,Baie-des-Sables wind farm
3225,2024-11-02 04:00:00+00:00,0.2,12.3,Baie-des-Sables wind farm
3226,2024-11-02 05:00:00+00:00,0.3,12.3,Baie-des-Sables wind farm
3227,2024-11-02 06:00:00+00:00,0.2,12.1,Baie-des-Sables wind farm
3228,2024-11-02 07:00:00+00:00,0.6,12.1,Baie-des-Sables wind farm
3229,2024-11-02 08:00:00+00:00,1.6,13.0,Baie-des-Sables wind farm
3230,2024-11-02 09:00:00+00:00,2.3,16.0,Baie-des-Sables wind farm
3231,2024-11-02 10:00:00+00:00,2.7,16.2,Baie-des-Sables wind farm
3232,2024-11-02 11:00:00+00:00,3.3,15.1,Baie-des-Sables wind farm
3233,2024-11-02 12:00:00+00:00,3.6,18.0,Baie-des-Sables wind farm
3234,2024-11-02 13:00:00+00:00,3.7,19.7,Baie-des-Sables wind farm
3235,2024-11-02 14:00:00+00:00,3.3,18.1,Baie-des-Sables wind farm
3236,2024-11-02 15:00:00+00:00,3.2,16.2,Baie-des-Sables wind farm
3237,2024-11-02 16:00:00+00:00,3.1,13.8,Baie-des-Sables wind farm
3238,2024-11-02 17:00:00+00:00,2.9,14.2,Baie-des-Sables wind farm
3239,2024-11-02 18:00:00+00:00,2.8,16.6,Baie-des-Sables wind farm
3240,2024-11-02 19:00:00+00:00,2.4,17.3,Baie-des-Sables wind farm
3241,2024-11-02 20:00:00+00:00,1.0,18.4,Baie-des-Sables wind farm
3242,2024-11-02 21:00:00+00:00,0.7,18.4,Baie-des-Sables wind farm
3243,2024-11-02 22:00:00+00:00,0.5,18.4,Baie-des-Sables wind farm
3244,2024-11-02 23:00:00+00:00,0.2,17.1,Baie-des-Sables wind farm
3245,2024-11-03 00:00:00+00:00,0.1,16.4,Baie-des-Sables wind farm
3246,2024-11-03 01:00:00+00:00,-0.0,16.0,Baie-des-Sables wind farm
3247,2024-11-03 02:00:00+00:00,-0.3,14.8,Baie-des-Sables wind farm
3248,2024-11-03 03:00:00+00:00,-0.5,14.1,Baie-des-Sables wind farm
3249,2024-11-03 04:00:00+00:00,-0.6,13.7,Baie-des-Sables wind farm
3250,2024-11-03 05:00:00+00:00,-0.6,14.3,Baie-des-Sables wind farm
3251,2024-11-03 06:00:00+00:00,-0.4,15.1,Baie-des-Sables wind farm
3252,2024-11-03 07:00:00+00:00,-0.1,15.5,Baie-des-Sables wind farm
3253,2024-11-03 08:00:00+00:00,0.6,19.8,Baie-des-Sables wind farm
3254,2024-11-03 09:00:00+00:00,1.3,20.4,Baie-des-Sables wind farm
3255,2024-11-03 10:00:00+00:00,1.9,18.7,Baie-des-Sables wind farm
3256,2024-11-03 11:00:00+00:00,2.5,17.7,Baie-des-Sables wind farm
3257,2024-11-03 12:00:00+00:00,2.9,21.3,Baie-des-Sables wind farm
3258,2024-11-03 13:00:00+00:00,3.3,21.4,Baie-des-Sables wind farm
3259,2024-11-03 14:00:00+00:00,3.2,17.8,Baie-des-Sables wind farm
3260,2024-11-03 15:00:00+00:00,2.7,14.9,Baie-des-Sables wind farm
3261,2024-11-03 16:00:00+00:00,2.5,14.5,Baie-des-Sables wind farm
3262,2024-11-03 17:00:00+00:00,2.6,13.0,Baie-des-Sables wind farm
3263,2024-11-03 18:00:00+00:00,2.7,15.2,Baie-des-Sables wind farm
3264,2024-11-03 19:00:00+00:00,2.3,16.2,Baie-des-Sables wind farm
3265,2024-11-03 20:00:00+00:00,1.9,14.9,Baie-des-Sables wind farm
3266,2024-11-03 21:00:00+00:00,1.4,12.7,Baie-des-Sables wind farm
3267,2024-11-03 22:00:00+00:00,0.9,11.9,Baie-des-Sables wind farm
3268,2024-11-03 23:00:00+00:00,0.4,12.1,Baie-des-Sables wind farm
3269,2024-11-04 00:00:00+00:00,0.1,12.2,Baie-des-Sables wind farm
3270,2024-11-04 01:00:00+00:00,0.0,10.4,Baie-des-Sables wind farm
3271,2024-11-04 02:00:00+00:00,-0.6,10.6,Baie-des-Sables wind farm
3272,2024-11-04 03:00:00+00:00,-0.9,12.1,Baie-des-Sables wind farm
3273,2024-11-04 04:00:00+00:00,-0.9,11.8,Baie-des-Sables wind farm
3274,2024-11-04 05:00:00+00:00,-0.5,12.0,Baie-des-Sables wind farm
3275,2024-11-04 06:00:00+00:00,0.3,9.1,Baie-des-Sables wind farm
3276,2024-11-04 07:00:00+00:00,0.6,7.6,Baie-des-Sables wind farm
3277,2024-11-04 08:00:00+00:00,1.7,8.3,Baie-des-Sables wind farm
3278,2024-11-04 09:00:00+00:00,2.5,9.1,Baie-des-Sables wind farm
3279,2024-11-04 10:00:00+00:00,3.6,6.7,Baie-des-Sables wind farm
3280,2024-11-04 11:00:00+00:00,4.5,6.1,Baie-des-Sables wind farm
3281,2024-11-04 12:00:00+00:00,5.7,5.3,Baie-des-Sables wind farm
3282,2024-11-04 13:00:00+00:00,6.3,5.6,Baie-des-Sables wind farm
3283,2024-11-04 14:00:00+00:00,5.9,4.7,Baie-des-Sables wind farm
3284,2024-11-04 15:00:00+00:00,5.1,2.1,Baie-des-Sables wind farm
3285,2024-11-04 16:00:00+00:00,4.4,3.2,Baie-des-Sables wind farm
3286,2024-11-04 17:00:00+00:00,3.3,8.4,Baie-des-Sables wind farm
3287,2024-11-04 18:00:00+00:00,3.6,12.9,Baie-des-Sables wind farm
3288,2024-11-04 19:00:00+00:00,3.7,13.7,Baie-des-Sables wind farm
3289,2024-11-04 20:00:00+00:00,3.8,11.2,Baie-des-Sables wind farm
3290,2024-11-04 21:00:00+00:00,3.8,12.4,Baie-des-Sables wind farm
3291,2024-11-04 22:00:00+00:00,3.7,11.0,Baie-des-Sables wind farm
3292,2024-11-04 23:00:00+00:00,3.0,11.9,Baie-des-Sables wind farm
3293,2024-11-05 00:00:00+00:00,2.4,12.8,Baie-des-Sables wind farm
3294,2024-11-05 01:00:00+00:00,2.4,14.7,Baie-des-Sables wind farm
3295,2024-11-05 02:00:00+00:00,2.7,14.4,Baie-des-Sables wind farm
3296,2024-11-05 03:00:00+00:00,2.8,14.5,Baie-des-Sables wind farm
3297,2024-11-05 04:00:00+00:00,2.9,15.1,Baie-des-Sables wind farm
3298,2024-11-05 05:00:00+00:00,3.0,14.7,Baie-des-Sables wind farm
3299,2024-11-05 06:00:00+00:00,3.3,13.7,Baie-des-Sables wind farm
3300,2024-11-05 07:00:00+00:00,3.8,12.1,Baie-des-Sables wind farm
3301,2024-11-05 08:00:00+00:00,3.7,12.8,Baie-des-Sables wind farm
3302,2024-11-05 09:00:00+00:00,4.6,12.7,Baie-des-Sables wind farm
3303,2024-11-05 10:00:00+00:00,6.1,13.2,Baie-des-Sables wind farm
3304,2024-11-05 11:00:00+00:00,7.5,11.9,Baie-des-Sables wind farm
3305,2024-11-05 12:00:00+00:00,7.9,9.7,Baie-des-Sables wind farm
3306,2024-11-05 13:00:00+00:00,9.1,15.7,Baie-des-Sables wind farm
3307,2024-11-05 14:00:00+00:00,9.5,13.9,Baie-des-Sables wind farm
3308,2024-11-05 15:00:00+00:00,9.9,15.7,Baie-des-Sables wind farm
3309,2024-11-05 16:00:00+00:00,10.2,18.3,Baie-des-Sables wind farm
3310,2024-11-05 17:00:00+00:00,10.0,17.4,Baie-des-Sables wind farm
3311,2024-11-05 18:00:00+00:00,11.0,18.6,Baie-des-Sables wind farm
3312,2024-11-05 19:00:00+00:00,11.3,17.3,Baie-des-Sables wind farm
3313,2024-11-05 20:00:00+00:00,10.9,15.2,Baie-des-Sables wind farm
3314,2024-11-05 21:00:00+00:00,11.2,14.3,Baie-des-Sables wind farm
3315,2024-11-05 22:00:00+00:00,10.9,12.1,Baie-des-Sables wind farm
3316,2024-11-05 23:00:00+00:00,10.9,10.1,Baie-des-Sables wind farm
3317,2024-11-06 00:00:00+00:00,10.9,7.9,Baie-des-Sables wind farm
3318,2024-11-06 01:00:00+00:00,10.7,6.0,Baie-des-Sables wind farm
3319,2024-11-06 02:00:00+00:00,9.7,6.1,Baie-des-Sables wind farm
3320,2024-11-06 03:00:00+00:00,9.3,7.5,Baie-des-Sables wind farm
3321,2024-11-06 04:00:00+00:00,10.5,8.6,Baie-des-Sables wind farm
3322,2024-11-06 05:00:00+00:00,10.8,12.3,Baie-des-Sables wind farm
3323,2024-11-06 06:00:00+00:00,10.4,12.9,Baie-des-Sables wind farm
3324,2024-11-06 07:00:00+00:00,9.1,11.9,Baie-des-Sables wind farm
3325,2024-11-06 08:00:00+00:00,8.4,8.0,Baie-des-Sables wind farm
3326,2024-11-06 09:00:00+00:00,8.4,6.0,Baie-des-Sables wind farm
3327,2024-11-06 10:00:00+00:00,8.4,4.2,Baie-des-Sables wind farm
3328,2024-11-06 11:00:00+00:00,7.7,12.8,Baie-des-Sables wind farm
3329,2024-11-06 12:00:00+00:00,6.9,13.1,Baie-des-Sables wind farm
3330,2024-11-06 13:00:00+00:00,6.8,12.9,Baie-des-Sables wind farm
3331,2024-11-06 14:00:00+00:00,5.8,12.0,Baie-des-Sables wind farm
3332,2024-11-06 15:00:00+00:00,5.6,13.5,Baie-des-Sables wind farm
3333,2024-11-06 16:00:00+00:00,5.1,15.0,Baie-des-Sables wind farm
3334,2024-11-06 17:00:00+00:00,5.1,16.9,Baie-des-Sables wind farm
3335,2024-11-06 18:00:00+00:00,4.3,15.5,Baie-des-Sables wind farm
3336,2024-11-06 19:00:00+00:00,4.1,17.6,Baie-des-Sables wind farm
3337,2024-11-06 20:00:00+00:00,3.7,17.1,Baie-des-Sables wind farm
3338,2024-11-06 21:00:00+00:00,3.0,15.8,Baie-des-Sables wind farm
3339,2024-11-06 22:00:00+00:00,2.7,14.2,Baie-des-Sables wind farm
3340,2024-11-06 23:00:00+00:00,2.2,12.2,Baie-des-Sables wind farm
3341,2024-11-07 00:00:00+00:00,2.1,13.5,Baie-des-Sables wind farm
3342,2024-11-07 01:00:00+00:00,2.3,14.4,Baie-des-Sables wind farm
3343,2024-11-07 02:00:00+00:00,2.2,14.9,Baie-des-Sables wind farm
3344,2024-11-07 03:00:00+00:00,2.4,15.0,Baie-des-Sables wind farm
3345,2024-11-07 04:00:00+00:00,2.7,15.6,Baie-des-Sables wind farm
3346,2024-11-07 05:00:00+00:00,2.9,17.1,Baie-des-Sables wind farm
3347,2024-11-07 06:00:00+00:00,2.9,18.9,Baie-des-Sables wind farm
3348,2024-11-07 07:00:00+00:00,3.2,19.3,Baie-des-Sables wind farm
3349,2024-11-07 08:00:00+00:00,3.9,20.2,Baie-des-Sables wind farm
3350,2024-11-07 09:00:00+00:00,4.4,24.5,Baie-des-Sables wind farm
3351,2024-11-07 10:00:00+00:00,4.9,24.4,Baie-des-Sables wind farm
3352,2024-11-07 11:00:00+00:00,5.2,26.4,Baie-des-Sables wind farm
3353,2024-11-07 12:00:00+00:00,5.2,25.8,Baie-des-Sables wind farm
3354,2024-11-07 13:00:00+00:00,5.4,24.1,Baie-des-Sables wind farm
3355,2024-11-07 14:00:00+00:00,4.7,23.5,Baie-des-Sables wind farm
3356,2024-11-07 15:00:00+00:00,4.6,23.9,Baie-des-Sables wind farm
3357,2024-11-07 16:00:00+00:00,4.3,20.6,Baie-des-Sables wind farm
3358,2024-11-07 17:00:00+00:00,4.2,20.0,Baie-des-Sables wind farm
3359,2024-11-07 18:00:00+00:00,4.2,19.3,Baie-des-Sables wind farm
3360,2024-11-07 19:00:00+00:00,4.0,16.6,Baie-des-Sables wind farm
3361,2024-11-07 20:00:00+00:00,3.3,16.6,Baie-des-Sables wind farm
3362,2024-11-07 21:00:00+00:00,3.4,17.1,Baie-des-Sables wind farm
3363,2024-11-07 22:00:00+00:00,3.3,14.9,Baie-des-Sables wind farm
3364,2024-11-07 23:00:00+00:00,2.4,12.7,Baie-des-Sables wind farm
3365,2024-11-08 00:00:00+00:00,1.9,12.7,Baie-des-Sables wind farm
3366,2024-11-08 01:00:00+00:00,1.9,13.1,Baie-des-Sables wind farm
3367,2024-11-08 02:00:00+00:00,2.2,15.7,Baie-des-Sables wind farm
3368,2024-11-08 03:00:00+00:00,2.9,15.6,Baie-des-Sables wind farm
3369,2024-11-08 04:00:00+00:00,3.7,16.5,Baie-des-Sables wind farm
3370,2024-11-08 05:00:00+00:00,4.0,17.9,Baie-des-Sables wind farm
3371,2024-11-08 06:00:00+00:00,4.3,20.1,Baie-des-Sables wind farm
3372,2024-11-08 07:00:00+00:00,4.8,21.6,Baie-des-Sables wind farm
3373,2024-11-08 08:00:00+00:00,4.9,22.6,Baie-des-Sables wind farm
3374,2024-11-08 09:00:00+00:00,5.7,21.6,Baie-des-Sables wind farm
3375,2024-11-08 10:00:00+00:00,6.3,26.3,Baie-des-Sables wind farm
3376,2024-11-08 11:00:00+00:00,7.4,27.5,Baie-des-Sables wind farm
3377,2024-11-08 12:00:00+00:00,6.9,25.7,Baie-des-Sables wind farm
3378,2024-11-08 13:00:00+00:00,5.5,27.9,Baie-des-Sables wind farm
3379,2024-11-08 14:00:00+00:00,6.0,20.9,Baie-des-Sables wind farm
3380,2024-11-08 15:00:00+00:00,6.2,23.4,Baie-des-Sables wind farm
3381,2024-11-08 16:00:00+00:00,4.9,23.8,Baie-des-Sables wind farm
3382,2024-11-08 17:00:00+00:00,4.5,23.1,Baie-des-Sables wind farm
3383,2024-11-08 18:00:00+00:00,3.6,21.4,Baie-des-Sables wind farm
3384,2024-11-08 19:00:00+00:00,3.1,19.7,Baie-des-Sables wind farm
3385,2024-11-08 20:00:00+00:00,3.4,21.0,Baie-des-Sables wind farm
3386,2024-11-08 21:00:00+00:00,3.2,23.3,Baie-des-Sables wind farm
3387,2024-11-08 22:00:00+00:00,3.0,21.4,Baie-des-Sables wind farm
3388,2024-11-08 23:00:00+00:00,2.6,19.9,Baie-des-Sables wind farm
3389,2024-11-09 00:00:00+00:00,2.5,21.0,Baie-des-Sables wind farm
3390,2024-11-09 01:00:00+00:00,2.2,21.7,Baie-des-Sables wind farm
3391,2024-11-09 02:00:00+00:00,2.2,23.4,Baie-des-Sables wind farm
3392,2024-11-09 03:00:00+00:00,1.9,22.0,Baie-des-Sables wind farm
3393,2024-11-09 04:00:00+00:00,1.7,22.9,Baie-des-Sables wind farm
3394,2024-11-09 05:00:00+00:00,1.5,23.7,Baie-des-Sables wind farm
3395,2024-11-09 06:00:00+00:00,1.4,22.7,Baie-des-Sables wind farm
3396,2024-11-09 07:00:00+00:00,1.4,24.8,Baie-des-Sables wind farm
3397,2024-11-09 08:00:00+00:00,1.0,27.0,Baie-des-Sables wind farm
3398,2024-11-09 09:00:00+00:00,1.2,25.0,Baie-des-Sables wind farm
3399,2024-11-09 10:00:00+00:00,1.5,23.1,Baie-des-Sables wind farm
3400,2024-11-09 11:00:00+00:00,1.8,22.7,Baie-des-Sables wind farm
3401,2024-11-09 12:00:00+00:00,1.9,21.7,Baie-des-Sables wind farm
3402,2024-11-09 13:00:00+00:00,1.9,21.4,Baie-des-Sables wind farm
3403,2024-11-09 14:00:00+00:00,1.8,20.5,Baie-des-Sables wind farm
3404,2024-11-09 15:00:00+00:00,1.4,17.7,Baie-des-Sables wind farm
3405,2024-11-09 16:00:00+00:00,0.6,14.5,Baie-des-Sables wind farm
3406,2024-11-09 17:00:00+00:00,0.2,13.9,Baie-des-Sables wind farm
3407,2024-11-09 18:00:00+00:00,0.0,13.3,Baie-des-Sables wind farm
3408,2024-11-09 19:00:00+00:00,-0.4,8.9,Baie-des-Sables wind farm
3409,2024-11-09 20:00:00+00:00,-1.2,9.4,Baie-des-Sables wind farm
3410,2024-11-09 21:00:00+00:00,-1.6,9.3,Baie-des-Sables wind farm
3411,2024-11-09 22:00:00+00:00,-1.9,10.8,Baie-des-Sables wind farm
3412,2024-11-09 23:00:00+00:00,-1.3,11.4,Baie-des-Sables wind farm
3413,2024-11-10 00:00:00+00:00,-1.8,11.0,Baie-des-Sables wind farm
3414,2024-11-10 01:00:00+00:00,-1.8,12.3,Baie-des-Sables wind farm
3415,2024-11-10 02:00:00+00:00,-1.4,13.4,Baie-des-Sables wind farm
3416,2024-11-10 03:00:00+00:00,-0.8,15.9,Baie-des-Sables wind farm
3417,2024-11-10 04:00:00+00:00,-0.4,16.8,Baie-des-Sables wind farm
3418,2024-11-10 05:00:00+00:00,-0.1,17.0,Baie-des-Sables wind farm
3419,2024-11-10 06:00:00+00:00,0.3,17.9,Baie-des-Sables wind farm
3420,2024-11-10 07:00:00+00:00,0.4,17.4,Baie-des-Sables wind farm
3421,2024-11-10 08:00:00+00:00,2.2,19.3,Baie-des-Sables wind farm
3422,2024-11-10 09:00:00+00:00,3.7,18.2,Baie-des-Sables wind farm
3423,2024-11-10 10:00:00+00:00,4.8,21.7,Baie-des-Sables wind farm
3424,2024-11-10 11:00:00+00:00,5.7,20.5,Baie-des-Sables wind farm
3425,2024-11-10 12:00:00+00:00,6.6,20.1,Baie-des-Sables wind farm
3426,2024-11-10 13:00:00+00:00,7.0,20.4,Baie-des-Sables wind farm
3427,2024-11-10 14:00:00+00:00,6.2,17.2,Baie-des-Sables wind farm
3428,2024-11-10 15:00:00+00:00,6.0,18.0,Baie-des-Sables wind farm
3429,2024-11-10 16:00:00+00:00,6.2,17.9,Baie-des-Sables wind farm
3430,2024-11-10 17:00:00+00:00,6.1,16.6,Baie-des-Sables wind farm
3431,2024-11-10 18:00:00+00:00,5.6,16.2,Baie-des-Sables wind farm
3432,2024-11-10 19:00:00+00:00,4.7,15.7,Baie-des-Sables wind farm
3433,2024-11-10 20:00:00+00:00,5.0,12.2,Baie-des-Sables wind farm
3434,2024-11-10 21:00:00+00:00,4.4,11.5,Baie-des-Sables wind farm
3435,2024-11-10 22:00:00+00:00,4.1,12.0,Baie-des-Sables wind farm
3436,2024-11-10 23:00:00+00:00,4.1,10.1,Baie-des-Sables wind farm
3437,2024-11-11 00:00:00+00:00,4.0,7.4,Baie-des-Sables wind farm
3438,2024-11-11 01:00:00+00:00,3.1,6.4,Baie-des-Sables wind farm
3439,2024-11-11 02:00:00+00:00,3.0,5.7,Baie-des-Sables wind farm
3440,2024-11-11 03:00:00+00:00,2.8,8.0,Baie-des-Sables wind farm
3441,2024-11-11 04:00:00+00:00,2.5,8.5,Baie-des-Sables wind farm
3442,2024-11-11 05:00:00+00:00,3.0,8.0,Baie-des-Sables wind farm
3443,2024-11-11 06:00:00+00:00,3.1,7.0,Baie-des-Sables wind farm
3444,2024-11-11 07:00:00+00:00,3.0,10.6,Baie-des-Sables wind farm
3445,2024-11-11 08:00:00+00:00,3.0,13.8,Baie-des-Sables wind farm
3446,2024-11-11 09:00:00+00:00,3.4,12.9,Baie-des-Sables wind farm
3447,2024-11-11 10:00:00+00:00,3.1,9.6,Baie-des-Sables wind farm
3448,2024-11-11 11:00:00+00:00,2.3,9.4,Baie-des-Sables wind farm
3449,2024-11-11 12:00:00+00:00,2.0,6.8,Baie-des-Sables wind farm
3450,2024-11-11 13:00:00+00:00,2.2,7.4,Baie-des-Sables wind farm
3451,2024-11-11 14:00:00+00:00,1.9,5.8,Baie-des-Sables wind farm
3452,2024-11-11 15:00:00+00:00,2.2,4.0,Baie-des-Sables wind farm
3453,2024-11-11 16:00:00+00:00,2.2,1.6,Baie-des-Sables wind farm
3454,2024-11-11 17:00:00+00:00,2.1,4.1,Baie-des-Sables wind farm
3455,2024-11-11 18:00:00+00:00,2.0,5.8,Baie-des-Sables wind farm
3456,2024-11-11 19:00:00+00:00,1.9,5.9,Baie-des-Sables wind farm
3457,2024-11-11 20:00:00+00:00,1.3,8.5,Baie-des-Sables wind farm
3458,2024-11-11 21:00:00+00:00,1.2,7.2,Baie-des-Sables wind farm
3459,2024-11-11 22:00:00+00:00,1.2,6.3,Baie-des-Sables wind farm
3460,2024-11-11 23:00:00+00:00,1.3,3.6,Baie-des-Sables wind farm
3461,2024-11-12 00:00:00+00:00,1.3,2.9,Baie-des-Sables wind farm
3462,2024-11-12 01:00:00+00:00,1.2,4.2,Baie-des-Sables wind farm
3463,2024-11-12 02:00:00+00:00,1.1,4.1,Baie-des-Sables wind farm
3464,2024-11-12 03:00:00+00:00,1.3,5.5,Baie-des-Sables wind farm
3465,2024-11-12 04:00:00+00:00,1.6,8.5,Baie-des-Sables wind farm
3466,2024-11-12 05:00:00+00:00,1.6,11.7,Baie-des-Sables wind farm
3467,2024-11-12 06:00:00+00:00,1.3,14.1,Baie-des-Sables wind farm
3468,2024-11-12 07:00:00+00:00,1.2,14.6,Baie-des-Sables wind farm
3469,2024-11-12 08:00:00+00:00,1.1,18.6,Baie-des-Sables wind farm
3470,2024-11-12 09:00:00+00:00,1.1,19.3,Baie-des-Sables wind farm
3471,2024-11-12 10:00:00+00:00,1.0,21.6,Baie-des-Sables wind farm
3472,2024-11-12 11:00:00+00:00,0.9,22.5,Baie-des-Sables wind farm
3473,2024-11-12 12:00:00+00:00,1.1,25.6,Baie-des-Sables wind farm
3474,2024-11-12 13:00:00+00:00,1.1,25.4,Baie-des-Sables wind farm
3475,2024-11-12 14:00:00+00:00,0.7,25.1,Baie-des-Sables wind farm
3476,2024-11-12 15:00:00+00:00,0.1,25.5,Baie-des-Sables wind farm
3477,2024-11-12 16:00:00+00:00,-0.9,25.1,Baie-des-Sables wind farm
3478,2024-11-12 17:00:00+00:00,-1.3,26.0,Baie-des-Sables wind farm
3479,2024-11-12 18:00:00+00:00,-1.3,26.1,Baie-des-Sables wind farm
3480,2024-11-12 19:00:00+00:00,-1.5,25.0,Baie-des-Sables wind farm
3481,2024-11-12 20:00:00+00:00,-2.0,25.5,Baie-des-Sables wind farm
3482,2024-11-12 21:00:00+00:00,-2.3,25.0,Baie-des-Sables wind farm
3483,2024-11-12 22:00:00+00:00,-2.6,23.3,Baie-des-Sables wind farm
3484,2024-11-12 23:00:00+00:00,-2.8,22.7,Baie-des-Sables wind farm
3485,2024-11-13 00:00:00+00:00,-3.0,21.6,Baie-des-Sables wind farm
3486,2024-11-13 01:00:00+00:00,-3.2,20.5,Baie-des-Sables wind farm
3487,2024-11-13 02:00:00+00:00,-3.3,19.8,Baie-des-Sables wind farm
3488,2024-11-13 03:00:00+00:00,-3.4,18.9,Baie-des-Sables wind farm
3489,2024-11-13 04:00:00+00:00,-3.6,18.5,Baie-des-Sables wind farm
3490,2024-11-13 05:00:00+00:00,-3.6,18.6,Baie-des-Sables wind farm
3491,2024-11-13 06:00:00+00:00,-3.6,18.1,Baie-des-Sables wind farm
3492,2024-11-13 07:00:00+00:00,-3.5,16.2,Baie-des-Sables wind farm
3493,2024-11-13 08:00:00+00:00,-2.8,17.8,Baie-des-Sables wind farm
3494,2024-11-13 09:00:00+00:00,-2.1,17.1,Baie-des-Sables wind farm
3495,2024-11-13 10:00:00+00:00,-1.5,15.3,Baie-des-Sables wind farm
3496,2024-11-13 11:00:00+00:00,-1.1,14.0,Baie-des-Sables wind farm
3497,2024-11-13 12:00:00+00:00,-0.9,13.0,Baie-des-Sables wind farm
3498,2024-11-13 13:00:00+00:00,-1.0,12.5,Baie-des-Sables wind farm
3499,2024-11-13 14:00:00+00:00,-1.4,11.7,Baie-des-Sables wind farm
3500,2024-11-13 15:00:00+00:00,-1.9,8.3,Baie-des-Sables wind farm
3501,2024-11-13 16:00:00+00:00,-3.7,1.5,Baie-des-Sables wind farm
3502,2024-11-13 17:00:00+00:00,-3.6,0.9,Baie-des-Sables wind farm
3503,2024-11-13 18:00:00+00:00,-3.7,1.1,Baie-des-Sables wind farm
3504,2024-11-13 19:00:00+00:00,-4.0,1.0,Baie-des-Sables wind farm
3505,2024-11-13 20:00:00+00:00,-4.4,4.3,Baie-des-Sables wind farm
3506,2024-11-13 21:00:00+00:00,-4.2,5.9,Baie-des-Sables wind farm
3507,2024-11-13 22:00:00+00:00,-4.0,4.5,Baie-des-Sables wind farm
3508,2024-11-13 23:00:00+00:00,-4.0,3.6,Baie-des-Sables wind farm
3509,2024-11-14 00:00:00+00:00,-3.5,4.4,Baie-des-Sables wind farm
3510,2024-11-14 01:00:00+00:00,-3.5,4.4,Baie-des-Sables wind farm
3511,2024-11-14 02:00:00+00:00,-3.6,4.8,Baie-des-Sables wind farm
3512,2024-11-14 03:00:00+00:00,-3.7,5.5,Baie-des-Sables wind farm
3513,2024-11-14 04:00:00+00:00,-3.2,6.2,Baie-des-Sables wind farm
3514,2024-11-14 05:00:00+00:00,-2.3,9.4,Baie-des-Sables wind farm
3515,2024-11-14 06:00:00+00:00,-2.3,11.0,Baie-des-Sables wind farm
3516,2024-11-14 07:00:00+00:00,-2.4,10.7,Baie-des-Sables wind farm
3517,2024-11-14 08:00:00+00:00,-1.9,11.1,Baie-des-Sables wind farm
3518,2024-11-14 09:00:00+00:00,-0.3,13.1,Baie-des-Sables wind farm
3519,2024-11-14 10:00:00+00:00,0.6,11.4,Baie-des-Sables wind farm
3520,2024-11-14 11:00:00+00:00,1.2,11.1,Baie-des-Sables wind farm
3521,2024-11-14 12:00:00+00:00,1.3,12.7,Baie-des-Sables wind farm
3522,2024-11-14 13:00:00+00:00,0.8,14.5,Baie-des-Sables wind farm
3523,2024-11-14 14:00:00+00:00,0.4,13.8,Baie-des-Sables wind farm
3524,2024-11-14 15:00:00+00:00,-0.5,11.2,Baie-des-Sables wind farm
3525,2024-11-14 16:00:00+00:00,-2.4,8.0,Baie-des-Sables wind farm
3526,2024-11-14 17:00:00+00:00,-2.4,8.7,Baie-des-Sables wind farm
3527,2024-11-14 18:00:00+00:00,-2.5,7.5,Baie-des-Sables wind farm
3528,2024-11-14 19:00:00+00:00,-3.4,5.9,Baie-des-Sables wind farm
3529,2024-11-14 20:00:00+00:00,-3.4,4.8,Baie-des-Sables wind farm
3530,2024-11-14 21:00:00+00:00,-3.2,2.2,Baie-des-Sables wind farm
3531,2024-11-14 22:00:00+00:00,-3.8,5.8,Baie-des-Sables wind farm
3532,2024-11-14 23:00:00+00:00,-2.4,9.1,Baie-des-Sables wind farm
3533,2024-11-15 00:00:00+00:00,-2.3,9.2,Baie-des-Sables wind farm
3534,2024-11-15 01:00:00+00:00,-3.1,6.6,Baie-des-Sables wind farm
3535,2024-11-15 02:00:00+00:00,-3.1,7.0,Baie-des-Sables wind farm
3536,2024-11-15 03:00:00+00:00,-2.8,7.3,Baie-des-Sables wind farm
3537,2024-11-15 04:00:00+00:00,-1.7,10.7,Baie-des-Sables wind farm
3538,2024-11-15 05:00:00+00:00,-1.7,8.8,Baie-des-Sables wind farm
3539,2024-11-15 06:00:00+00:00,-1.1,8.5,Baie-des-Sables wind farm
3540,2024-11-15 07:00:00+00:00,-0.1,11.0,Baie-des-Sables wind farm
3541,2024-11-15 08:00:00+00:00,1.9,13.3,Baie-des-Sables wind farm
3542,2024-11-15 09:00:00+00:00,3.3,10.7,Baie-des-Sables wind farm
3543,2024-11-15 10:00:00+00:00,3.8,15.0,Baie-des-Sables wind farm
3544,2024-11-15 11:00:00+00:00,3.8,17.4,Baie-des-Sables wind farm
3545,2024-11-15 12:00:00+00:00,3.4,19.8,Baie-des-Sables wind farm
3546,2024-11-15 13:00:00+00:00,3.4,19.8,Baie-des-Sables wind farm
3547,2024-11-15 14:00:00+00:00,3.8,17.1,Baie-des-Sables wind farm
3548,2024-11-15 15:00:00+00:00,3.7,16.7,Baie-des-Sables wind farm
3549,2024-11-15 16:00:00+00:00,3.6,16.3,Baie-des-Sables wind farm
3550,2024-11-15 17:00:00+00:00,3.5,16.4,Baie-des-Sables wind farm
3551,2024-11-15 18:00:00+00:00,3.2,17.0,Baie-des-Sables wind farm
3552,2024-11-15 19:00:00+00:00,2.8,17.0,Baie-des-Sables wind farm
3553,2024-11-15 20:00:00+00:00,3.1,9.2,Baie-des-Sables wind farm
3554,2024-11-15 21:00:00+00:00,3.6,13.9,Baie-des-Sables wind farm
3555,2024-11-15 22:00:00+00:00,3.9,16.1,Baie-des-Sables wind farm
3556,2024-11-15 23:00:00+00:00,3.9,13.6,Baie-des-Sables wind farm
3557,2024-11-16 00:00:00+00:00,3.9,13.2,Baie-des-Sables wind farm
3558,2024-11-16 01:00:00+00:00,3.9,13.4,Baie-des-Sables wind farm
3559,2024-11-16 02:00:00+00:00,3.9,12.6,Baie-des-Sables wind farm
3560,2024-11-16 03:00:00+00:00,4.0,13.4,Baie-des-Sables wind farm
3561,2024-11-16 04:00:00+00:00,3.9,11.6,Baie-des-Sables wind farm
3562,2024-11-16 05:00:00+00:00,3.8,9.0,Baie-des-Sables wind farm
3563,2024-11-16 06:00:00+00:00,3.7,7.6,Baie-des-Sables wind farm
3564,2024-11-16 07:00:00+00:00,3.6,7.8,Baie-des-Sables wind farm
3565,2024-11-16 08:00:00+00:00,3.4,6.8,Baie-des-Sables wind farm
3566,2024-11-16 09:00:00+00:00,3.3,8.1,Baie-des-Sables wind farm
3567,2024-11-16 10:00:00+00:00,3.8,7.5,Baie-des-Sables wind farm
3568,2024-11-16 11:00:00+00:00,4.0,7.3,Baie-des-Sables wind farm
3569,2024-11-16 12:00:00+00:00,4.0,6.0,Baie-des-Sables wind farm
3570,2024-11-16 13:00:00+00:00,3.9,6.9,Baie-des-Sables wind farm
3571,2024-11-16 14:00:00+00:00,3.6,7.9,Baie-des-Sables wind farm
3572,2024-11-16 15:00:00+00:00,3.3,8.8,Baie-des-Sables wind farm
3573,2024-11-16 16:00:00+00:00,3.0,9.4,Baie-des-Sables wind farm
3574,2024-11-16 17:00:00+00:00,2.9,9.2,Baie-des-Sables wind farm
3575,2024-11-16 18:00:00+00:00,2.8,9.3,Baie-des-Sables wind farm
3576,2024-11-16 19:00:00+00:00,2.7,9.2,Baie-des-Sables wind farm
3577,2024-11-16 20:00:00+00:00,3.1,11.0,Baie-des-Sables wind farm
3578,2024-11-16 21:00:00+00:00,3.1,11.0,Baie-des-Sables wind farm
3579,2024-11-16 22:00:00+00:00,3.0,11.5,Baie-des-Sables wind farm
3580,2024-11-16 23:00:00+00:00,2.9,10.8,Baie-des-Sables wind farm
3581,2024-11-17 00:00:00+00:00,2.8,10.3,Baie-des-Sables wind farm
3582,2024-11-17 01:00:00+00:00,2.8,9.7,Baie-des-Sables wind farm
3583,2024-11-17 02:00:00+00:00,2.8,9.2,Baie-des-Sables wind farm
3584,2024-11-17 03:00:00+00:00,2.7,8.8,Baie-des-Sables wind farm
3585,2024-11-17 04:00:00+00:00,2.8,8.5,Baie-des-Sables wind farm
3586,2024-11-17 05:00:00+00:00,2.8,9.0,Baie-des-Sables wind farm
3587,2024-11-17 06:00:00+00:00,2.8,9.2,Baie-des-Sables wind farm
3588,2024-11-17 07:00:00+00:00,2.8,8.5,Baie-des-Sables wind farm
3589,2024-11-17 08:00:00+00:00,3.1,10.6,Baie-des-Sables wind farm
3590,2024-11-17 09:00:00+00:00,4.1,9.0,Baie-des-Sables wind farm
3591,2024-11-17 10:00:00+00:00,4.6,8.1,Baie-des-Sables wind farm
3592,2024-11-17 11:00:00+00:00,4.9,8.5,Baie-des-Sables wind farm
3593,2024-11-17 12:00:00+00:00,5.2,9.0,Baie-des-Sables wind farm
3594,2024-11-17 13:00:00+00:00,5.1,7.7,Baie-des-Sables wind farm
3595,2024-11-17 14:00:00+00:00,5.2,6.0,Baie-des-Sables wind farm
3596,2024-11-17 15:00:00+00:00,4.9,4.1,Baie-des-Sables wind farm
3597,2024-11-17 16:00:00+00:00,3.2,4.4,Baie-des-Sables wind farm
3598,2024-11-17 17:00:00+00:00,3.2,8.7,Baie-des-Sables wind farm
3599,2024-11-17 18:00:00+00:00,3.2,7.2,Baie-des-Sables wind farm
3600,2024-11-17 19:00:00+00:00,3.2,6.8,Baie-des-Sables wind farm
3601,2024-11-17 20:00:00+00:00,3.0,3.0,Baie-des-Sables wind farm
3602,2024-11-17 21:00:00+00:00,2.7,4.9,Baie-des-Sables wind farm
3603,2024-11-17 22:00:00+00:00,2.6,5.4,Baie-des-Sables wind farm
3604,2024-11-17 23:00:00+00:00,2.4,4.9,Baie-des-Sables wind farm
3605,2024-11-18 00:00:00+00:00,2.5,5.6,Baie-des-Sables wind farm
3606,2024-11-18 01:00:00+00:00,2.2,6.3,Baie-des-Sables wind farm
3607,2024-11-18 02:00:00+00:00,2.0,8.3,Baie-des-Sables wind farm
3608,2024-11-18 03:00:00+00:00,2.2,8.1,Baie-des-Sables wind farm
3609,2024-11-18 04:00:00+00:00,2.2,6.4,Baie-des-Sables wind farm
3610,2024-11-18 05:00:00+00:00,2.1,8.7,Baie-des-Sables wind farm
3611,2024-11-18 06:00:00+00:00,2.0,3.5,Baie-des-Sables wind farm
3612,2024-11-18 07:00:00+00:00,2.1,4.2,Baie-des-Sables wind farm
3613,2024-11-18 08:00:00+00:00,1.7,8.1,Baie-des-Sables wind farm
3614,2024-11-18 09:00:00+00:00,1.9,6.9,Baie-des-Sables wind farm
3615,2024-11-18 10:00:00+00:00,1.8,8.5,Baie-des-Sables wind farm
3616,2024-11-18 11:00:00+00:00,2.2,6.4,Baie-des-Sables wind farm
3617,2024-11-18 12:00:00+00:00,2.7,9.1,Baie-des-Sables wind farm
3618,2024-11-18 13:00:00+00:00,2.5,9.3,Baie-des-Sables wind farm
3619,2024-11-18 14:00:00+00:00,2.1,10.2,Baie-des-Sables wind farm
3620,2024-11-18 15:00:00+00:00,1.5,8.4,Baie-des-Sables wind farm
3621,2024-11-18 16:00:00+00:00,1.2,7.6,Baie-des-Sables wind farm
3622,2024-11-18 17:00:00+00:00,1.4,10.5,Baie-des-Sables wind farm
3623,2024-11-18 18:00:00+00:00,1.4,13.2,Baie-des-Sables wind farm
3624,2024-11-18 19:00:00+00:00,1.7,13.1,Baie-des-Sables wind farm
3625,2024-11-18 20:00:00+00:00,2.4,14.5,Baie-des-Sables wind farm
3626,2024-11-18 21:00:00+00:00,2.4,13.9,Baie-des-Sables wind farm
3627,2024-11-18 22:00:00+00:00,2.4,13.6,Baie-des-Sables wind farm
3628,2024-11-18 23:00:00+00:00,2.4,12.1,Baie-des-Sables wind farm
3629,2024-11-19 00:00:00+00:00,2.4,11.8,Baie-des-Sables wind farm
3630,2024-11-19 01:00:00+00:00,2.4,12.2,Baie-des-Sables wind farm
3631,2024-11-19 02:00:00+00:00,2.3,11.6,Baie-des-Sables wind farm
3632,2024-11-19 03:00:00+00:00,2.1,11.0,Baie-des-Sables wind farm
3633,2024-11-19 04:00:00+00:00,2.6,11.8,Baie-des-Sables wind farm
3634,2024-11-19 05:00:00+00:00,2.8,12.8,Baie-des-Sables wind farm
3635,2024-11-19 06:00:00+00:00,2.9,11.1,Baie-des-Sables wind farm
3636,2024-11-19 07:00:00+00:00,3.0,10.6,Baie-des-Sables wind farm
3637,2024-11-19 08:00:00+00:00,3.6,11.7,Baie-des-Sables wind farm
3638,2024-11-19 09:00:00+00:00,4.1,10.9,Baie-des-Sables wind farm
3639,2024-11-19 10:00:00+00:00,5.2,9.4,Baie-des-Sables wind farm
3640,2024-11-19 11:00:00+00:00,5.6,9.0,Baie-des-Sables wind farm
3641,2024-11-19 12:00:00+00:00,6.3,7.5,Baie-des-Sables wind farm
3642,2024-11-19 13:00:00+00:00,6.9,6.6,Baie-des-Sables wind farm
3643,2024-11-19 14:00:00+00:00,6.8,9.1,Baie-des-Sables wind farm
3644,2024-11-19 15:00:00+00:00,5.8,7.6,Baie-des-Sables wind farm
3645,2024-11-19 16:00:00+00:00,4.3,4.9,Baie-des-Sables wind farm
3646,2024-11-19 17:00:00+00:00,5.1,2.3,Baie-des-Sables wind farm
3647,2024-11-19 18:00:00+00:00,5.7,0.7,Baie-des-Sables wind farm
3648,2024-11-19 19:00:00+00:00,5.1,3.6,Baie-des-Sables wind farm
3649,2024-11-19 20:00:00+00:00,5.7,7.7,Baie-des-Sables wind farm
3650,2024-11-19 21:00:00+00:00,5.3,8.3,Baie-des-Sables wind farm
3651,2024-11-19 22:00:00+00:00,5.5,9.6,Baie-des-Sables wind farm
3652,2024-11-19 23:00:00+00:00,5.7,13.3,Baie-des-Sables wind farm
3653,2024-11-20 00:00:00+00:00,5.3,12.9,Baie-des-Sables wind farm
3654,2024-11-20 01:00:00+00:00,5.2,14.0,Baie-des-Sables wind farm
3655,2024-11-20 02:00:00+00:00,5.0,15.5,Baie-des-Sables wind farm
3656,2024-11-20 03:00:00+00:00,4.8,15.7,Baie-des-Sables wind farm
3657,2024-11-20 04:00:00+00:00,4.8,16.3,Baie-des-Sables wind farm
3658,2024-11-20 05:00:00+00:00,4.9,19.1,Baie-des-Sables wind farm
3659,2024-11-20 06:00:00+00:00,4.8,19.5,Baie-des-Sables wind farm
3660,2024-11-20 07:00:00+00:00,4.9,20.1,Baie-des-Sables wind farm
3661,2024-11-20 08:00:00+00:00,5.0,19.5,Baie-des-Sables wind farm
3662,2024-11-20 09:00:00+00:00,5.5,20.4,Baie-des-Sables wind farm
3663,2024-11-20 10:00:00+00:00,5.4,20.0,Baie-des-Sables wind farm
3664,2024-11-20 11:00:00+00:00,6.1,23.3,Baie-des-Sables wind farm
3665,2024-11-20 12:00:00+00:00,6.2,21.2,Baie-des-Sables wind farm
3666,2024-11-20 13:00:00+00:00,5.7,20.7,Baie-des-Sables wind farm
3667,2024-11-20 14:00:00+00:00,5.5,22.5,Baie-des-Sables wind farm
3668,2024-11-20 15:00:00+00:00,5.2,21.9,Baie-des-Sables wind farm
3669,2024-11-20 16:00:00+00:00,4.5,19.2,Baie-des-Sables wind farm
3670,2024-11-20 17:00:00+00:00,4.5,18.3,Baie-des-Sables wind farm
3671,2024-11-20 18:00:00+00:00,4.5,17.5,Baie-des-Sables wind farm
3672,2024-11-20 19:00:00+00:00,4.5,17.5,Baie-des-Sables wind farm
3673,2024-11-20 20:00:00+00:00,4.5,17.0,Baie-des-Sables wind farm
3674,2024-11-20 21:00:00+00:00,4.5,17.0,Baie-des-Sables wind farm
3675,2024-11-20 22:00:00+00:00,4.5,17.1,Baie-des-Sables wind farm
3676,2024-11-20 23:00:00+00:00,4.3,17.2,Baie-des-Sables wind farm
3677,2024-11-21 00:00:00+00:00,4.3,18.3,Baie-des-Sables wind farm
3678,2024-11-21 01:00:00+00:00,4.1,18.0,Baie-des-Sables wind farm
3679,2024-11-21 02:00:00+00:00,4.2,17.8,Baie-des-Sables wind farm
3680,2024-11-21 03:00:00+00:00,4.3,18.9,Baie-des-Sables wind farm
3681,2024-11-21 04:00:00+00:00,4.3,19.0,Baie-des-Sables wind farm
3682,2024-11-21 05:00:00+00:00,4.3,18.8,Baie-des-Sables wind farm
3683,2024-11-21 06:00:00+00:00,4.3,19.4,Baie-des-Sables wind farm
3684,2024-11-21 07:00:00+00:00,4.2,20.1,Baie-des-Sables wind farm
3685,2024-11-21 08:00:00+00:00,4.5,16.5,Baie-des-Sables wind farm
3686,2024-11-21 09:00:00+00:00,4.9,17.5,Baie-des-Sables wind farm
3687,2024-11-21 10:00:00+00:00,5.3,19.0,Baie-des-Sables wind farm
3688,2024-11-21 11:00:00+00:00,5.6,17.1,Baie-des-Sables wind farm
3689,2024-11-21 12:00:00+00:00,5.8,19.0,Baie-des-Sables wind farm
3690,2024-11-21 13:00:00+00:00,5.4,20.9,Baie-des-Sables wind farm
3691,2024-11-21 14:00:00+00:00,5.1,20.8,Baie-des-Sables wind farm
3692,2024-11-21 15:00:00+00:00,4.9,20.9,Baie-des-Sables wind farm
3693,2024-11-21 16:00:00+00:00,4.4,19.5,Baie-des-Sables wind farm
3694,2024-11-21 17:00:00+00:00,4.3,19.6,Baie-des-Sables wind farm
3695,2024-11-21 18:00:00+00:00,4.3,19.4,Baie-des-Sables wind farm
3696,2024-11-21 19:00:00+00:00,4.4,20.2,Baie-des-Sables wind farm
3697,2024-11-21 20:00:00+00:00,4.7,19.5,Baie-des-Sables wind farm
3698,2024-11-21 21:00:00+00:00,4.5,18.8,Baie-des-Sables wind farm
3699,2024-11-21 22:00:00+00:00,4.4,19.4,Baie-des-Sables wind farm
3700,2024-11-21 23:00:00+00:00,4.1,20.5,Baie-des-Sables wind farm
3701,2024-11-22 00:00:00+00:00,3.9,21.0,Baie-des-Sables wind farm
3702,2024-11-22 01:00:00+00:00,3.8,20.2,Baie-des-Sables wind farm
3703,2024-11-22 02:00:00+00:00,3.6,18.1,Baie-des-Sables wind farm
3704,2024-11-22 03:00:00+00:00,3.5,18.3,Baie-des-Sables wind farm
3705,2024-11-22 04:00:00+00:00,3.3,18.4,Baie-des-Sables wind farm
3706,2024-11-22 05:00:00+00:00,3.2,17.2,Baie-des-Sables wind farm
3707,2024-11-22 06:00:00+00:00,3.2,16.2,Baie-des-Sables wind farm
3708,2024-11-22 07:00:00+00:00,3.1,15.9,Baie-des-Sables wind farm
3709,2024-11-22 08:00:00+00:00,3.2,17.4,Baie-des-Sables wind farm
3710,2024-11-22 09:00:00+00:00,3.1,18.2,Baie-des-Sables wind farm
3711,2024-11-22 10:00:00+00:00,3.4,18.6,Baie-des-Sables wind farm
3712,2024-11-22 11:00:00+00:00,3.2,17.9,Baie-des-Sables wind farm
3713,2024-11-22 12:00:00+00:00,3.3,17.4,Baie-des-Sables wind farm
3714,2024-11-22 13:00:00+00:00,2.9,19.5,Baie-des-Sables wind farm
3715,2024-11-22 14:00:00+00:00,2.3,17.5,Baie-des-Sables wind farm
3716,2024-11-22 15:00:00+00:00,2.2,20.5,Baie-des-Sables wind farm
3717,2024-11-22 16:00:00+00:00,1.9,17.3,Baie-des-Sables wind farm
3718,2024-11-22 17:00:00+00:00,1.7,13.8,Baie-des-Sables wind farm
3719,2024-11-22 18:00:00+00:00,1.4,13.5,Baie-des-Sables wind farm
3720,2024-11-22 19:00:00+00:00,1.2,14.5,Baie-des-Sables wind farm
3721,2024-11-22 20:00:00+00:00,1.9,13.2,Baie-des-Sables wind farm
3722,2024-11-22 21:00:00+00:00,1.7,13.5,Baie-des-Sables wind farm
3723,2024-11-22 22:00:00+00:00,1.7,13.4,Baie-des-Sables wind farm
3724,2024-11-22 23:00:00+00:00,1.5,14.0,Baie-des-Sables wind farm
3725,2024-11-23 00:00:00+00:00,1.3,14.0,Baie-des-Sables wind farm
3726,2024-11-23 01:00:00+00:00,1.3,15.3,Baie-des-Sables wind farm
3727,2024-11-23 02:00:00+00:00,1.4,16.3,Baie-des-Sables wind farm
3728,2024-11-23 03:00:00+00:00,1.5,14.9,Baie-des-Sables wind farm
3729,2024-11-23 04:00:00+00:00,1.6,14.7,Baie-des-Sables wind farm
3730,2024-11-23 05:00:00+00:00,1.6,15.6,Baie-des-Sables wind farm
3731,2024-11-23 06:00:00+00:00,1.6,17.5,Baie-des-Sables wind farm
3732,2024-11-23 07:00:00+00:00,1.7,17.7,Baie-des-Sables wind farm
3733,2024-11-23 08:00:00+00:00,1.2,18.1,Baie-des-Sables wind farm
3734,2024-11-23 09:00:00+00:00,1.5,19.7,Baie-des-Sables wind farm
3735,2024-11-23 10:00:00+00:00,2.2,20.6,Baie-des-Sables wind farm
3736,2024-11-23 11:00:00+00:00,2.2,20.4,Baie-des-Sables wind farm
3737,2024-11-23 12:00:00+00:00,1.8,23.0,Baie-des-Sables wind farm
3738,2024-11-23 13:00:00+00:00,1.7,22.7,Baie-des-Sables wind farm
3739,2024-11-23 14:00:00+00:00,1.8,24.5,Baie-des-Sables wind farm
3740,2024-11-23 15:00:00+00:00,1.8,26.4,Baie-des-Sables wind farm
3741,2024-11-23 16:00:00+00:00,2.0,29.3,Baie-des-Sables wind farm
3742,2024-11-23 17:00:00+00:00,1.9,29.7,Baie-des-Sables wind farm
3743,2024-11-23 18:00:00+00:00,1.2,26.9,Baie-des-Sables wind farm
3744,2024-11-23 19:00:00+00:00,0.9,30.4,Baie-des-Sables wind farm
3745,2024-11-23 20:00:00+00:00,0.9,28.1,Baie-des-Sables wind farm
3746,2024-11-23 21:00:00+00:00,0.9,26.1,Baie-des-Sables wind farm
3747,2024-11-23 22:00:00+00:00,0.9,24.8,Baie-des-Sables wind farm
3748,2024-11-23 23:00:00+00:00,0.9,23.9,Baie-des-Sables wind farm
3749,2024-11-24 00:00:00+00:00,1.1,24.7,Baie-des-Sables wind farm
3750,2024-11-24 01:00:00+00:00,1.4,23.3,Baie-des-Sables wind farm
3751,2024-11-24 02:00:00+00:00,2.0,21.9,Baie-des-Sables wind farm
3752,2024-11-24 03:00:00+00:00,1.8,22.5,Baie-des-Sables wind farm
3753,2024-11-24 04:00:00+00:00,1.9,22.2,Baie-des-Sables wind farm
3754,2024-11-24 05:00:00+00:00,2.0,20.2,Baie-des-Sables wind farm
3755,2024-11-24 06:00:00+00:00,2.0,20.3,Baie-des-Sables wind farm
3756,2024-11-24 07:00:00+00:00,2.2,18.4,Baie-des-Sables wind farm
3757,2024-11-24 08:00:00+00:00,1.7,15.7,Baie-des-Sables wind farm
3758,2024-11-24 09:00:00+00:00,1.7,16.6,Baie-des-Sables wind farm
3759,2024-11-24 10:00:00+00:00,1.5,14.1,Baie-des-Sables wind farm
3760,2024-11-24 11:00:00+00:00,1.1,12.8,Baie-des-Sables wind farm
3761,2024-11-24 12:00:00+00:00,1.4,13.0,Baie-des-Sables wind farm
3762,2024-11-24 13:00:00+00:00,1.5,15.0,Baie-des-Sables wind farm
3763,2024-11-24 14:00:00+00:00,1.3,15.5,Baie-des-Sables wind farm
3764,2024-11-24 15:00:00+00:00,0.9,19.8,Baie-des-Sables wind farm
3765,2024-11-24 16:00:00+00:00,1.3,17.4,Baie-des-Sables wind farm
3766,2024-11-24 17:00:00+00:00,1.4,18.2,Baie-des-Sables wind farm
3767,2024-11-24 18:00:00+00:00,1.3,17.9,Baie-des-Sables wind farm
3768,2024-11-24 19:00:00+00:00,0.9,17.1,Baie-des-Sables wind farm
3769,2024-11-24 20:00:00+00:00,0.8,19.8,Baie-des-Sables wind farm
3770,2024-11-24 21:00:00+00:00,1.0,17.9,Baie-des-Sables wind farm
3771,2024-11-24 22:00:00+00:00,0.7,15.8,Baie-des-Sables wind farm
3772,2024-11-24 23:00:00+00:00,0.6,14.1,Baie-des-Sables wind farm
3773,2024-11-25 00:00:00+00:00,1.3,11.8,Baie-des-Sables wind farm
3774,2024-11-25 01:00:00+00:00,1.6,9.9,Baie-des-Sables wind farm
3775,2024-11-25 02:00:00+00:00,1.7,9.9,Baie-des-Sables wind farm
3776,2024-11-25 03:00:00+00:00,1.8,9.5,Baie-des-Sables wind farm
3777,2024-11-25 04:00:00+00:00,1.9,10.2,Baie-des-Sables wind farm
3778,2024-11-25 05:00:00+00:00,2.1,9.4,Baie-des-Sables wind farm
3779,2024-11-25 06:00:00+00:00,2.3,9.1,Baie-des-Sables wind farm
3780,2024-11-25 07:00:00+00:00,2.3,7.9,Baie-des-Sables wind farm
3781,2024-11-25 08:00:00+00:00,2.3,12.8,Baie-des-Sables wind farm
3782,2024-11-25 09:00:00+00:00,2.6,13.0,Baie-des-Sables wind farm
3783,2024-11-25 10:00:00+00:00,3.1,10.8,Baie-des-Sables wind farm
3784,2024-11-25 11:00:00+00:00,3.6,9.1,Baie-des-Sables wind farm
3785,2024-11-25 12:00:00+00:00,4.3,7.7,Baie-des-Sables wind farm
3786,2024-11-25 13:00:00+00:00,4.6,7.9,Baie-des-Sables wind farm
3787,2024-11-25 14:00:00+00:00,4.7,8.5,Baie-des-Sables wind farm
3788,2024-11-25 15:00:00+00:00,4.2,9.0,Baie-des-Sables wind farm
3789,2024-11-25 16:00:00+00:00,3.7,9.9,Baie-des-Sables wind farm
3790,2024-11-25 17:00:00+00:00,3.7,10.1,Baie-des-Sables wind farm
3791,2024-11-25 18:00:00+00:00,3.6,9.3,Baie-des-Sables wind farm
3792,2024-11-25 19:00:00+00:00,3.6,8.7,Baie-des-Sables wind farm
3793,2024-11-25 20:00:00+00:00,3.3,11.2,Baie-des-Sables wind farm
3794,2024-11-25 21:00:00+00:00,3.1,10.9,Baie-des-Sables wind farm
3795,2024-11-25 22:00:00+00:00,2.7,9.7,Baie-des-Sables wind farm
3796,2024-11-25 23:00:00+00:00,2.3,10.4,Baie-des-Sables wind farm
3797,2024-11-26 00:00:00+00:00,2.5,11.9,Baie-des-Sables wind farm
3798,2024-11-26 01:00:00+00:00,2.5,10.5,Baie-des-Sables wind farm
3799,2024-11-26 02:00:00+00:00,2.4,10.2,Baie-des-Sables wind farm
3800,2024-11-26 03:00:00+00:00,2.3,9.4,Baie-des-Sables wind farm
3801,2024-11-26 04:00:00+00:00,2.4,7.2,Baie-des-Sables wind farm
3802,2024-11-26 05:00:00+00:00,2.4,4.9,Baie-des-Sables wind farm
3803,2024-11-26 06:00:00+00:00,2.3,3.9,Baie-des-Sables wind farm
3804,2024-11-26 07:00:00+00:00,2.3,4.3,Baie-des-Sables wind farm
3805,2024-11-26 08:00:00+00:00,2.2,6.3,Baie-des-Sables wind farm
3806,2024-11-26 09:00:00+00:00,3.1,5.8,Baie-des-Sables wind farm
3807,2024-11-26 10:00:00+00:00,4.4,6.6,Baie-des-Sables wind farm
3808,2024-11-26 11:00:00+00:00,5.3,5.4,Baie-des-Sables wind farm
3809,2024-11-26 12:00:00+00:00,5.6,7.8,Baie-des-Sables wind farm
3810,2024-11-26 13:00:00+00:00,5.9,11.8,Baie-des-Sables wind farm
3811,2024-11-26 14:00:00+00:00,5.8,12.6,Baie-des-Sables wind farm
3812,2024-11-26 15:00:00+00:00,5.3,13.2,Baie-des-Sables wind farm
3813,2024-11-26 16:00:00+00:00,4.7,15.0,Baie-des-Sables wind farm
3814,2024-11-26 17:00:00+00:00,4.2,17.0,Baie-des-Sables wind farm
3815,2024-11-26 18:00:00+00:00,3.8,18.9,Baie-des-Sables wind farm
3816,2024-11-26 19:00:00+00:00,3.3,21.9,Baie-des-Sables wind farm
3817,2024-11-26 20:00:00+00:00,2.3,20.1,Baie-des-Sables wind farm
3818,2024-11-26 21:00:00+00:00,2.2,21.8,Baie-des-Sables wind farm
3819,2024-11-26 22:00:00+00:00,2.1,22.4,Baie-des-Sables wind farm
3820,2024-11-26 23:00:00+00:00,2.0,22.1,Baie-des-Sables wind farm
3821,2024-11-27 00:00:00+00:00,2.3,20.9,Baie-des-Sables wind farm
3822,2024-11-27 01:00:00+00:00,2.1,18.6,Baie-des-Sables wind farm
3823,2024-11-27 02:00:00+00:00,1.9,15.3,Baie-des-Sables wind farm
3824,2024-11-27 03:00:00+00:00,2.1,14.0,Baie-des-Sables wind farm
3825,2024-11-27 04:00:00+00:00,2.4,12.7,Baie-des-Sables wind farm
3826,2024-11-27 05:00:00+00:00,2.6,11.9,Baie-des-Sables wind farm
3827,2024-11-27 06:00:00+00:00,2.5,12.9,Baie-des-Sables wind farm
3828,2024-11-27 07:00:00+00:00,1.5,11.9,Baie-des-Sables wind farm
3829,2024-11-27 08:00:00+00:00,1.4,14.1,Baie-des-Sables wind farm
3830,2024-11-27 09:00:00+00:00,2.6,12.6,Baie-des-Sables wind farm
3831,2024-11-27 10:00:00+00:00,3.8,13.0,Baie-des-Sables wind farm
3832,2024-11-27 11:00:00+00:00,4.7,12.6,Baie-des-Sables wind farm
3833,2024-11-27 12:00:00+00:00,4.2,15.0,Baie-des-Sables wind farm
3834,2024-11-27 13:00:00+00:00,3.0,8.7,Baie-des-Sables wind farm
3835,2024-11-27 14:00:00+00:00,2.7,6.0,Baie-des-Sables wind farm
3836,2024-11-27 15:00:00+00:00,2.2,9.0,Baie-des-Sables wind farm
3837,2024-11-27 16:00:00+00:00,1.5,8.3,Baie-des-Sables wind farm
3838,2024-11-27 17:00:00+00:00,0.8,11.0,Baie-des-Sables wind farm
3839,2024-11-27 18:00:00+00:00,0.1,15.8,Baie-des-Sables wind farm
3840,2024-11-27 19:00:00+00:00,-0.2,15.9,Baie-des-Sables wind farm
3841,2024-11-27 20:00:00+00:00,-0.5,16.1,Baie-des-Sables wind farm
3842,2024-11-27 21:00:00+00:00,-0.6,16.6,Baie-des-Sables wind farm
3843,2024-11-27 22:00:00+00:00,-0.7,15.9,Baie-des-Sables wind farm
3844,2024-11-27 23:00:00+00:00,-0.8,16.1,Baie-des-Sables wind farm
3845,2024-11-28 00:00:00+00:00,-0.9,14.6,Baie-des-Sables wind farm
3846,2024-11-28 01:00:00+00:00,-1.3,14.7,Baie-des-Sables wind farm
3847,2024-11-28 02:00:00+00:00,-1.5,14.6,Baie-des-Sables wind farm
3848,2024-11-28 03:00:00+00:00,-1.6,14.6,Baie-des-Sables wind farm
3849,2024-11-28 04:00:00+00:00,-1.6,15.0,Baie-des-Sables wind farm
3850,2024-11-28 05:00:00+00:00,-1.6,15.1,Baie-des-Sables wind farm
3851,2024-11-28 06:00:00+00:00,-1.7,14.1,Baie-des-Sables wind farm
3852,2024-11-28 07:00:00+00:00,-1.9,12.7,Baie-des-Sables wind farm
3853,2024-11-28 08:00:00+00:00,-0.7,13.6,Baie-des-Sables wind farm
3854,2024-11-28 09:00:00+00:00,1.3,11.3,Baie-des-Sables wind farm
3855,2024-11-28 10:00:00+00:00,2.8,11.9,Baie-des-Sables wind farm
3856,2024-11-28 11:00:00+00:00,3.9,12.0,Baie-des-Sables wind farm
3857,2024-11-28 12:00:00+00:00,4.5,12.6,Baie-des-Sables wind farm
3858,2024-11-28 13:00:00+00:00,4.6,15.1,Baie-des-Sables wind farm
3859,2024-11-28 14:00:00+00:00,4.4,14.8,Baie-des-Sables wind farm
3860,2024-11-28 15:00:00+00:00,3.4,10.2,Baie-des-Sables wind farm
3861,2024-11-28 16:00:00+00:00,2.4,12.3,Baie-des-Sables wind farm
3862,2024-11-28 17:00:00+00:00,2.1,15.1,Baie-des-Sables wind farm
3863,2024-11-28 18:00:00+00:00,1.6,15.6,Baie-des-Sables wind farm
3864,2024-11-28 19:00:00+00:00,1.2,17.6,Baie-des-Sables wind farm
3865,2024-11-28 20:00:00+00:00,0.7,17.4,Baie-des-Sables wind farm
3866,2024-11-28 21:00:00+00:00,0.5,18.4,Baie-des-Sables wind farm
3867,2024-11-28 22:00:00+00:00,0.8,18.3,Baie-des-Sables wind farm
3868,2024-11-28 23:00:00+00:00,0.8,14.8,Baie-des-Sables wind farm
3869,2024-11-29 00:00:00+00:00,0.7,12.3,Baie-des-Sables wind farm
3870,2024-11-29 01:00:00+00:00,0.5,11.5,Baie-des-Sables wind farm
3871,2024-11-29 02:00:00+00:00,0.3,12.0,Baie-des-Sables wind farm
3872,2024-11-29 03:00:00+00:00,0.0,12.0,Baie-des-Sables wind farm
3873,2024-11-29 04:00:00+00:00,-0.0,12.0,Baie-des-Sables wind farm
3874,2024-11-29 05:00:00+00:00,0.0,11.5,Baie-des-Sables wind farm
3875,2024-11-29 06:00:00+00:00,-0.1,9.2,Baie-des-Sables wind farm
3876,2024-11-29 07:00:00+00:00,-0.1,7.6,Baie-des-Sables wind farm
3877,2024-11-29 08:00:00+00:00,0.2,10.1,Baie-des-Sables wind farm
3878,2024-11-29 09:00:00+00:00,0.6,8.8,Baie-des-Sables wind farm
3879,2024-11-29 10:00:00+00:00,0.9,9.1,Baie-des-Sables wind farm
3880,2024-11-29 11:00:00+00:00,1.2,9.2,Baie-des-Sables wind farm
3881,2024-11-29 12:00:00+00:00,1.2,7.8,Baie-des-Sables wind farm
3882,2024-11-29 13:00:00+00:00,1.0,6.7,Baie-des-Sables wind farm
3883,2024-11-29 14:00:00+00:00,0.8,6.3,Baie-des-Sables wind farm
3884,2024-11-29 15:00:00+00:00,0.4,3.3,Baie-des-Sables wind farm
3885,2024-11-29 16:00:00+00:00,-0.3,1.9,Baie-des-Sables wind farm
3886,2024-11-29 17:00:00+00:00,-0.7,0.4,Baie-des-Sables wind farm
3887,2024-11-29 18:00:00+00:00,-0.6,0.9,Baie-des-Sables wind farm
3888,2024-11-29 19:00:00+00:00,-0.9,4.8,Baie-des-Sables wind farm
3889,2024-11-29 20:00:00+00:00,0.2,10.8,Baie-des-Sables wind farm
3890,2024-11-29 21:00:00+00:00,0.3,20.7,Baie-des-Sables wind farm
3891,2024-11-29 22:00:00+00:00,0.1,19.3,Baie-des-Sables wind farm
3892,2024-11-29 23:00:00+00:00,-0.3,16.3,Baie-des-Sables wind farm
3893,2024-11-30 00:00:00+00:00,-0.8,15.2,Baie-des-Sables wind farm
3894,2024-11-30 01:00:00+00:00,-1.9,14.4,Baie-des-Sables wind farm
3895,2024-11-30 02:00:00+00:00,-1.9,13.3,Baie-des-Sables wind farm
3896,2024-11-30 03:00:00+00:00,-1.9,15.3,Baie-des-Sables wind farm
3897,2024-11-30 04:00:00+00:00,-2.6,15.3,Baie-des-Sables wind farm
3898,2024-11-30 05:00:00+00:00,-3.1,15.2,Baie-des-Sables wind farm
3899,2024-11-30 06:00:00+00:00,-3.0,16.1,Baie-des-Sables wind farm
3900,2024-11-30 07:00:00+00:00,-2.4,16.3,Baie-des-Sables wind farm
3901,2024-11-30 08:00:00+00:00,-1.1,18.1,Baie-des-Sables wind farm
3902,2024-11-30 09:00:00+00:00,-0.3,21.3,Baie-des-Sables wind farm
3903,2024-11-30 10:00:00+00:00,0.5,21.7,Baie-des-Sables wind farm
3904,2024-11-30 11:00:00+00:00,0.7,21.6,Baie-des-Sables wind farm
3905,2024-11-30 12:00:00+00:00,0.5,21.2,Baie-des-Sables wind farm
3906,2024-11-30 13:00:00+00:00,0.2,22.0,Baie-des-Sables wind farm
3907,2024-11-30 14:00:00+00:00,-0.8,22.9,Baie-des-Sables wind farm
3908,2024-11-30 15:00:00+00:00,-1.6,22.1,Baie-des-Sables wind farm
3909,2024-11-30 16:00:00+00:00,-1.9,20.6,Baie-des-Sables wind farm
3910,2024-11-30 17:00:00+00:00,-1.8,19.7,Baie-des-Sables wind farm
3911,2024-11-30 18:00:00+00:00,-1.7,20.1,Baie-des-Sables wind farm
3912,2024-11-30 19:00:00+00:00,-1.7,21.1,Baie-des-Sables wind farm
3913,2024-11-30 20:00:00+00:00,-1.5,19.8,Baie-des-Sables wind farm
3914,2024-11-30 21:00:00+00:00,-1.8,17.4,Baie-des-Sables wind farm
3915,2024-11-30 22:00:00+00:00,-2.2,17.0,Baie-des-Sables wind farm
3916,2024-11-30 23:00:00+00:00,-2.8,16.3,Baie-des-Sables wind farm
3917,2024-12-01 00:00:00+00:00,-3.3,17.2,Baie-des-Sables wind farm
3918,2024-12-01 01:00:00+00:00,-3.3,20.7,Baie-des-Sables wind farm
3919,2024-12-01 02:00:00+00:00,-3.2,20.1,Baie-des-Sables wind farm
3920,2024-12-01 03:00:00+00:00,-3.1,18.9,Baie-des-Sables wind farm
3921,2024-12-01 04:00:00+00:00,-3.1,19.3,Baie-des-Sables wind farm
3922,2024-12-01 05:00:00+00:00,-3.2,20.8,Baie-des-Sables wind farm
3923,2024-12-01 06:00:00+00:00,-2.9,20.8,Baie-des-Sables wind farm
3924,2024-12-01 07:00:00+00:00,-3.1,20.9,Baie-des-Sables wind farm
3925,2024-12-01 08:00:00+00:00,-2.1,23.3,Baie-des-Sables wind farm
3926,2024-12-01 09:00:00+00:00,-1.6,22.9,Baie-des-Sables wind farm
3927,2024-12-01 10:00:00+00:00,-1.1,25.6,Baie-des-Sables wind farm
3928,2024-12-01 11:00:00+00:00,-0.9,24.9,Baie-des-Sables wind farm
3929,2024-12-01 12:00:00+00:00,-0.9,26.2,Baie-des-Sables wind farm
3930,2024-12-01 13:00:00+00:00,-1.0,26.8,Baie-des-Sables wind farm
3931,2024-12-01 14:00:00+00:00,-1.5,28.1,Baie-des-Sables wind farm
3932,2024-12-01 15:00:00+00:00,-1.9,22.1,Baie-des-Sables wind farm
3933,2024-12-01 16:00:00+00:00,-2.6,18.3,Baie-des-Sables wind farm
3934,2024-12-01 17:00:00+00:00,-2.9,18.4,Baie-des-Sables wind farm
3935,2024-12-01 18:00:00+00:00,-3.0,16.3,Baie-des-Sables wind farm
3936,2024-12-01 19:00:00+00:00,-3.3,15.0,Baie-des-Sables wind farm
3937,2024-12-01 20:00:00+00:00,-3.5,15.3,Baie-des-Sables wind farm
3938,2024-12-01 21:00:00+00:00,-3.1,15.2,Baie-des-Sables wind farm
3939,2024-12-01 22:00:00+00:00,-2.8,15.3,Baie-des-Sables wind farm
3940,2024-12-01 23:00:00+00:00,-2.8,16.1,Baie-des-Sables wind farm
3941,2024-12-02 00:00:00+00:00,-3.0,17.0,Baie-des-Sables wind farm
3942,2024-12-02 01:00:00+00:00,-3.0,17.1,Baie-des-Sables wind farm
3943,2024-12-02 02:00:00+00:00,-3.4,15.7,Baie-des-Sables wind farm
3944,2024-12-02 03:00:00+00:00,-3.4,15.5,Baie-des-Sables wind farm
3945,2024-12-02 04:00:00+00:00,-3.4,15.3,Baie-des-Sables wind farm
3946,2024-12-02 05:00:00+00:00,-3.5,15.7,Baie-des-Sables wind farm
3947,2024-12-02 06:00:00+00:00,-3.7,15.8,Baie-des-Sables wind farm
3948,2024-12-02 07:00:00+00:00,-3.7,14.3,Baie-des-Sables wind farm
3949,2024-12-02 08:00:00+00:00,-3.5,15.0,Baie-des-Sables wind farm
3950,2024-12-02 09:00:00+00:00,-3.2,17.4,Baie-des-Sables wind farm
3951,2024-12-02 10:00:00+00:00,-3.1,16.5,Baie-des-Sables wind farm
3952,2024-12-02 11:00:00+00:00,-2.8,16.4,Baie-des-Sables wind farm
3953,2024-12-02 12:00:00+00:00,-2.4,16.0,Baie-des-Sables wind farm
3954,2024-12-02 13:00:00+00:00,-2.4,16.3,Baie-des-Sables wind farm
3955,2024-12-02 14:00:00+00:00,-2.3,16.9,Baie-des-Sables wind farm
3956,2024-12-02 15:00:00+00:00,-2.5,15.9,Baie-des-Sables wind farm
3957,2024-12-02 16:00:00+00:00,-2.5,12.6,Baie-des-Sables wind farm
3958,2024-12-02 17:00:00+00:00,-2.5,11.9,Baie-des-Sables wind farm
3959,2024-12-02 18:00:00+00:00,-2.6,13.4,Baie-des-Sables wind farm
3960,2024-12-02 19:00:00+00:00,-2.7,12.0,Baie-des-Sables wind farm
3961,2024-12-02 20:00:00+00:00,-3.3,13.6,Baie-des-Sables wind farm
3962,2024-12-02 21:00:00+00:00,-3.2,12.7,Baie-des-Sables wind farm
3963,2024-12-02 22:00:00+00:00,-3.0,11.4,Baie-des-Sables wind farm
3964,2024-12-02 23:00:00+00:00,-3.1,10.4,Baie-des-Sables wind farm
3965,2024-12-03 00:00:00+00:00,-3.1,9.4,Baie-des-Sables wind farm
3966,2024-12-03 01:00:00+00:00,-3.1,9.4,Baie-des-Sables wind farm
3967,2024-12-03 02:00:00+00:00,-3.1,9.4,Baie-des-Sables wind farm
3968,2024-12-03 03:00:00+00:00,-3.1,10.0,Baie-des-Sables wind farm
3969,2024-12-03 04:00:00+00:00,-3.1,9.7,Baie-des-Sables wind farm
3970,2024-12-03 05:00:00+00:00,-3.2,10.7,Baie-des-Sables wind farm
3971,2024-12-03 06:00:00+00:00,-3.5,11.9,Baie-des-Sables wind farm
3972,2024-12-03 07:00:00+00:00,-3.8,13.8,Baie-des-Sables wind farm
3973,2024-12-03 08:00:00+00:00,-3.8,13.4,Baie-des-Sables wind farm
3974,2024-12-03 09:00:00+00:00,-3.9,14.5,Baie-des-Sables wind farm
3975,2024-12-03 10:00:00+00:00,-4.1,15.0,Baie-des-Sables wind farm
3976,2024-12-03 11:00:00+00:00,-4.1,14.0,Baie-des-Sables wind farm
3977,2024-12-03 12:00:00+00:00,-4.2,11.7,Baie-des-Sables wind farm
3978,2024-12-03 13:00:00+00:00,-4.3,11.4,Baie-des-Sables wind farm
3979,2024-12-03 14:00:00+00:00,-4.4,14.2,Baie-des-Sables wind farm
3980,2024-12-03 15:00:00+00:00,-4.7,15.5,Baie-des-Sables wind farm
3981,2024-12-03 16:00:00+00:00,-4.9,14.8,Baie-des-Sables wind farm
3982,2024-12-03 17:00:00+00:00,-5.0,15.6,Baie-des-Sables wind farm
3983,2024-12-03 18:00:00+00:00,-5.2,15.1,Baie-des-Sables wind farm
3984,2024-12-03 19:00:00+00:00,-5.3,13.7,Baie-des-Sables wind farm
3985,2024-12-03 20:00:00+00:00,-6.3,12.7,Baie-des-Sables wind farm
3986,2024-12-03 21:00:00+00:00,-6.4,12.2,Baie-des-Sables wind farm
3987,2024-12-03 22:00:00+00:00,-6.6,10.7,Baie-des-Sables wind farm
3988,2024-12-03 23:00:00+00:00,-6.5,9.7,Baie-des-Sables wind farm
3989,2024-12-04 00:00:00+00:00,-6.2,9.1,Baie-des-Sables wind farm
3990,2024-12-04 01:00:00+00:00,-6.2,7.3,Baie-des-Sables wind farm
3991,2024-12-04 02:00:00+00:00,-7.2,5.1,Baie-des-Sables wind farm
3992,2024-12-04 03:00:00+00:00,-8.4,3.8,Baie-des-Sables wind farm
3993,2024-12-04 04:00:00+00:00,-8.2,2.4,Baie-des-Sables wind farm
3994,2024-12-04 05:00:00+00:00,-8.5,2.9,Baie-des-Sables wind farm
3995,2024-12-04 06:00:00+00:00,-8.1,7.4,Baie-des-Sables wind farm
3996,2024-12-04 07:00:00+00:00,-7.8,7.7,Baie-des-Sables wind farm
3997,2024-12-04 08:00:00+00:00,-7.8,5.4,Baie-des-Sables wind farm
3998,2024-12-04 09:00:00+00:00,-6.3,8.6,Baie-des-Sables wind farm
3999,2024-12-04 10:00:00+00:00,-5.0,11.4,Baie-des-Sables wind farm
4000,2024-12-04 11:00:00+00:00,-4.1,10.1,Baie-des-Sables wind farm
4001,2024-12-04 12:00:00+00:00,-3.5,10.9,Baie-des-Sables wind farm
4002,2024-12-04 13:00:00+00:00,-3.1,11.0,Baie-des-Sables wind farm
4003,2024-12-04 14:00:00+00:00,-3.4,11.1,Baie-des-Sables wind farm
4004,2024-12-04 15:00:00+00:00,-3.9,11.9,Baie-des-Sables wind farm
4005,2024-12-04 16:00:00+00:00,-4.6,14.6,Baie-des-Sables wind farm
4006,2024-12-04 17:00:00+00:00,-4.6,17.8,Baie-des-Sables wind farm
4007,2024-12-04 18:00:00+00:00,-4.8,19.2,Baie-des-Sables wind farm
4008,2024-12-04 19:00:00+00:00,-4.7,19.4,Baie-des-Sables wind farm
4009,2024-12-04 20:00:00+00:00,-5.4,19.6,Baie-des-Sables wind farm
4010,2024-12-04 21:00:00+00:00,-5.4,20.4,Baie-des-Sables wind farm
4011,2024-12-04 22:00:00+00:00,-5.5,22.2,Baie-des-Sables wind farm
4012,2024-12-04 23:00:00+00:00,-5.5,23.9,Baie-des-Sables wind farm
4013,2024-12-05 00:00:00+00:00,-5.3,24.6,Baie-des-Sables wind farm
4014,2024-12-05 01:00:00+00:00,-5.4,25.3,Baie-des-Sables wind farm
4015,2024-12-05 02:00:00+00:00,-5.3,26.0,Baie-des-Sables wind farm
4016,2024-12-05 03:00:00+00:00,-4.9,28.5,Baie-des-Sables wind farm
4017,2024-12-05 04:00:00+00:00,-4.6,29.9,Baie-des-Sables wind farm
4018,2024-12-05 05:00:00+00:00,-4.4,30.4,Baie-des-Sables wind farm
4019,2024-12-05 06:00:00+00:00,-4.3,33.7,Baie-des-Sables wind farm
4020,2024-12-05 07:00:00+00:00,-4.0,31.4,Baie-des-Sables wind farm
4021,2024-12-05 08:00:00+00:00,-3.8,37.8,Baie-des-Sables wind farm
4022,2024-12-05 09:00:00+00:00,-3.0,38.8,Baie-des-Sables wind farm
4023,2024-12-05 10:00:00+00:00,-2.2,40.5,Baie-des-Sables wind farm
4024,2024-12-05 11:00:00+00:00,-1.8,32.7,Baie-des-Sables wind farm
4025,2024-12-05 12:00:00+00:00,-1.3,29.9,Baie-des-Sables wind farm
4026,2024-12-05 13:00:00+00:00,-0.9,26.9,Baie-des-Sables wind farm
4027,2024-12-05 14:00:00+00:00,-0.7,22.0,Baie-des-Sables wind farm
4028,2024-12-05 15:00:00+00:00,-0.7,16.4,Baie-des-Sables wind farm
4029,2024-12-05 16:00:00+00:00,-1.0,13.9,Baie-des-Sables wind farm
4030,2024-12-05 17:00:00+00:00,-1.2,14.7,Baie-des-Sables wind farm
4031,2024-12-05 18:00:00+00:00,-1.1,17.3,Baie-des-Sables wind farm
4032,2024-12-05 19:00:00+00:00,-1.0,17.1,Baie-des-Sables wind farm
4033,2024-12-05 20:00:00+00:00,-1.0,14.4,Baie-des-Sables wind farm
4034,2024-12-05 21:00:00+00:00,-0.7,11.9,Baie-des-Sables wind farm
4035,2024-12-05 22:00:00+00:00,-0.3,16.1,Baie-des-Sables wind farm
4036,2024-12-05 23:00:00+00:00,-1.0,26.4,Baie-des-Sables wind farm
4037,2024-12-06 00:00:00+00:00,-1.7,22.6,Baie-des-Sables wind farm
4038,2024-12-06 01:00:00+00:00,-1.7,23.3,Baie-des-Sables wind farm
4039,2024-12-06 02:00:00+00:00,-2.5,20.2,Baie-des-Sables wind farm
4040,2024-12-06 03:00:00+00:00,-2.6,21.6,Baie-des-Sables wind farm
4041,2024-12-06 04:00:00+00:00,-2.7,22.5,Baie-des-Sables wind farm
4042,2024-12-06 05:00:00+00:00,-2.8,22.4,Baie-des-Sables wind farm
4043,2024-12-06 06:00:00+00:00,-2.6,25.9,Baie-des-Sables wind farm
4044,2024-12-06 07:00:00+00:00,-2.5,28.0,Baie-des-Sables wind farm
4045,2024-12-06 08:00:00+00:00,-2.9,32.2,Baie-des-Sables wind farm
4046,2024-12-06 09:00:00+00:00,-4.4,34.0,Baie-des-Sables wind farm
4047,2024-12-06 10:00:00+00:00,-5.3,33.1,Baie-des-Sables wind farm
4048,2024-12-06 11:00:00+00:00,-5.9,32.0,Baie-des-Sables wind farm
4049,2024-12-06 12:00:00+00:00,-6.4,30.6,Baie-des-Sables wind farm
4050,2024-12-06 13:00:00+00:00,-6.7,31.7,Baie-des-Sables wind farm
4051,2024-12-06 14:00:00+00:00,-6.8,32.5,Baie-des-Sables wind farm
4052,2024-12-06 15:00:00+00:00,-7.0,32.9,Baie-des-Sables wind farm
4053,2024-12-06 16:00:00+00:00,-7.4,32.5,Baie-des-Sables wind farm
4054,2024-12-06 17:00:00+00:00,-7.6,31.6,Baie-des-Sables wind farm
4055,2024-12-06 18:00:00+00:00,-7.5,31.0,Baie-des-Sables wind farm
4056,2024-12-06 19:00:00+00:00,-7.4,28.5,Baie-des-Sables wind farm
4057,2024-12-06 20:00:00+00:00,-7.4,26.1,Baie-des-Sables wind farm
4058,2024-12-06 21:00:00+00:00,-7.8,25.4,Baie-des-Sables wind farm
4059,2024-12-06 22:00:00+00:00,-8.3,23.6,Baie-des-Sables wind farm
4060,2024-12-06 23:00:00+00:00,-8.6,22.4,Baie-des-Sables wind farm
4061,2024-12-07 00:00:00+00:00,-9.0,21.6,Baie-des-Sables wind farm
4062,2024-12-07 01:00:00+00:00,-9.4,21.5,Baie-des-Sables wind farm
4063,2024-12-07 02:00:00+00:00,-9.8,21.5,Baie-des-Sables wind farm
4064,2024-12-07 03:00:00+00:00,-10.5,20.9,Baie-des-Sables wind farm
4065,2024-12-07 04:00:00+00:00,-10.9,20.7,Baie-des-Sables wind farm
4066,2024-12-07 05:00:00+00:00,-11.2,20.3,Baie-des-Sables wind farm
4067,2024-12-07 06:00:00+00:00,-11.4,20.0,Baie-des-Sables wind farm
4068,2024-12-07 07:00:00+00:00,-11.4,20.2,Baie-des-Sables wind farm
4069,2024-12-07 08:00:00+00:00,-10.4,23.4,Baie-des-Sables wind farm
4070,2024-12-07 09:00:00+00:00,-10.5,24.5,Baie-des-Sables wind farm
4071,2024-12-07 10:00:00+00:00,-10.5,24.0,Baie-des-Sables wind farm
4072,2024-12-07 11:00:00+00:00,-10.6,24.5,Baie-des-Sables wind farm
4073,2024-12-07 12:00:00+00:00,-10.3,25.8,Baie-des-Sables wind farm
4074,2024-12-07 13:00:00+00:00,-9.8,24.9,Baie-des-Sables wind farm
4075,2024-12-07 14:00:00+00:00,-9.5,24.9,Baie-des-Sables wind farm
4076,2024-12-07 15:00:00+00:00,-9.3,21.3,Baie-des-Sables wind farm
4077,2024-12-07 16:00:00+00:00,-9.3,19.5,Baie-des-Sables wind farm
4078,2024-12-07 17:00:00+00:00,-9.1,18.2,Baie-des-Sables wind farm
4079,2024-12-07 18:00:00+00:00,-9.5,16.8,Baie-des-Sables wind farm
4080,2024-12-07 19:00:00+00:00,-10.0,15.5,Baie-des-Sables wind farm
4081,2024-12-07 20:00:00+00:00,-10.1,11.9,Baie-des-Sables wind farm
4082,2024-12-07 21:00:00+00:00,-10.3,9.4,Baie-des-Sables wind farm
4083,2024-12-07 22:00:00+00:00,-10.5,9.6,Baie-des-Sables wind farm
4084,2024-12-07 23:00:00+00:00,-10.2,10.7,Baie-des-Sables wind farm
4085,2024-12-08 00:00:00+00:00,-10.6,9.4,Baie-des-Sables wind farm
4086,2024-12-08 01:00:00+00:00,-11.7,10.1,Baie-des-Sables wind farm
4087,2024-12-08 02:00:00+00:00,-12.7,10.5,Baie-des-Sables wind farm
4088,2024-12-08 03:00:00+00:00,-14.4,10.4,Baie-des-Sables wind farm
4089,2024-12-08 04:00:00+00:00,-14.8,12.6,Baie-des-Sables wind farm
4090,2024-12-08 05:00:00+00:00,-14.6,15.0,Baie-des-Sables wind farm
4091,2024-12-08 06:00:00+00:00,-13.8,17.4,Baie-des-Sables wind farm
4092,2024-12-08 07:00:00+00:00,-13.3,19.0,Baie-des-Sables wind farm
4093,2024-12-08 08:00:00+00:00,-13.7,21.7,Baie-des-Sables wind farm
4094,2024-12-08 09:00:00+00:00,-12.6,22.6,Baie-des-Sables wind farm
4095,2024-12-08 10:00:00+00:00,-10.7,22.2,Baie-des-Sables wind farm
4096,2024-12-08 11:00:00+00:00,-10.0,17.2,Baie-des-Sables wind farm
4097,2024-12-08 12:00:00+00:00,-8.8,12.8,Baie-des-Sables wind farm
4098,2024-12-08 13:00:00+00:00,-8.2,13.0,Baie-des-Sables wind farm
4099,2024-12-08 14:00:00+00:00,-7.7,11.2,Baie-des-Sables wind farm
4100,2024-12-08 15:00:00+00:00,-7.3,9.6,Baie-des-Sables wind farm
4101,2024-12-08 16:00:00+00:00,-7.2,8.2,Baie-des-Sables wind farm
4102,2024-12-08 17:00:00+00:00,-7.1,8.4,Baie-des-Sables wind farm
4103,2024-12-08 18:00:00+00:00,-6.9,7.9,Baie-des-Sables wind farm
4104,2024-12-08 19:00:00+00:00,-6.6,5.4,Baie-des-Sables wind farm
4105,2024-12-08 20:00:00+00:00,-6.8,0.5,Baie-des-Sables wind farm
4106,2024-12-08 21:00:00+00:00,-6.5,3.3,Baie-des-Sables wind farm
4107,2024-12-08 22:00:00+00:00,-6.5,8.6,Baie-des-Sables wind farm
4108,2024-12-08 23:00:00+00:00,-6.4,11.5,Baie-des-Sables wind farm
4109,2024-12-09 00:00:00+00:00,-5.4,11.8,Baie-des-Sables wind farm
4110,2024-12-09 01:00:00+00:00,-5.0,14.9,Baie-des-Sables wind farm
4111,2024-12-09 02:00:00+00:00,-5.3,16.2,Baie-des-Sables wind farm
4112,2024-12-09 03:00:00+00:00,-6.2,19.3,Baie-des-Sables wind farm
4113,2024-12-09 04:00:00+00:00,-7.2,17.2,Baie-des-Sables wind farm
4114,2024-12-09 05:00:00+00:00,-7.6,17.8,Baie-des-Sables wind farm
4115,2024-12-09 06:00:00+00:00,-8.3,19.9,Baie-des-Sables wind farm
4116,2024-12-09 07:00:00+00:00,-8.7,19.4,Baie-des-Sables wind farm
4117,2024-12-09 08:00:00+00:00,-8.9,19.2,Baie-des-Sables wind farm
4118,2024-12-09 09:00:00+00:00,-9.1,20.5,Baie-des-Sables wind farm
4119,2024-12-09 10:00:00+00:00,-9.0,21.8,Baie-des-Sables wind farm
4120,2024-12-09 11:00:00+00:00,-8.9,20.5,Baie-des-Sables wind farm
4121,2024-12-09 12:00:00+00:00,-8.5,18.9,Baie-des-Sables wind farm
4122,2024-12-09 13:00:00+00:00,-8.1,17.1,Baie-des-Sables wind farm
4123,2024-12-09 14:00:00+00:00,-7.8,14.7,Baie-des-Sables wind farm
4124,2024-12-09 15:00:00+00:00,-8.4,9.9,Baie-des-Sables wind farm
4125,2024-12-09 16:00:00+00:00,-9.2,11.1,Baie-des-Sables wind farm
4126,2024-12-09 17:00:00+00:00,-9.3,11.6,Baie-des-Sables wind farm
4127,2024-12-09 18:00:00+00:00,-9.6,10.1,Baie-des-Sables wind farm
4128,2024-12-09 19:00:00+00:00,-10.9,6.7,Baie-des-Sables wind farm
4129,2024-12-09 20:00:00+00:00,-12.2,4.1,Baie-des-Sables wind farm
4130,2024-12-09 21:00:00+00:00,-11.8,7.0,Baie-des-Sables wind farm
4131,2024-12-09 22:00:00+00:00,-11.6,5.8,Baie-des-Sables wind farm
4132,2024-12-09 23:00:00+00:00,-9.1,8.2,Baie-des-Sables wind farm
4133,2024-12-10 00:00:00+00:00,-8.7,7.4,Baie-des-Sables wind farm
4134,2024-12-10 01:00:00+00:00,-8.8,6.6,Baie-des-Sables wind farm
4135,2024-12-10 02:00:00+00:00,-8.8,6.9,Baie-des-Sables wind farm
4136,2024-12-10 03:00:00+00:00,-9.2,8.0,Baie-des-Sables wind farm
4137,2024-12-10 04:00:00+00:00,-9.8,9.5,Baie-des-Sables wind farm
4138,2024-12-10 05:00:00+00:00,-9.6,13.0,Baie-des-Sables wind farm
4139,2024-12-10 06:00:00+00:00,-9.0,14.7,Baie-des-Sables wind farm
4140,2024-12-10 07:00:00+00:00,-8.8,17.4,Baie-des-Sables wind farm
4141,2024-12-10 08:00:00+00:00,-8.9,23.1,Baie-des-Sables wind farm
4142,2024-12-10 09:00:00+00:00,-7.7,22.9,Baie-des-Sables wind farm
4143,2024-12-10 10:00:00+00:00,-6.7,21.4,Baie-des-Sables wind farm
4144,2024-12-10 11:00:00+00:00,-6.3,3.5,Baie-des-Sables wind farm
4145,2024-12-10 12:00:00+00:00,-6.0,5.6,Baie-des-Sables wind farm
4146,2024-12-10 13:00:00+00:00,-5.2,10.1,Baie-des-Sables wind farm
4147,2024-12-10 14:00:00+00:00,-4.3,12.2,Baie-des-Sables wind farm
4148,2024-12-10 15:00:00+00:00,-3.9,12.3,Baie-des-Sables wind farm
4149,2024-12-10 16:00:00+00:00,-3.6,12.6,Baie-des-Sables wind farm
4150,2024-12-10 17:00:00+00:00,-3.3,14.0,Baie-des-Sables wind farm
4151,2024-12-10 18:00:00+00:00,-3.0,16.2,Baie-des-Sables wind farm
4152,2024-12-10 19:00:00+00:00,-2.8,16.1,Baie-des-Sables wind farm
4153,2024-12-10 20:00:00+00:00,-3.5,14.7,Baie-des-Sables wind farm
4154,2024-12-10 21:00:00+00:00,-3.3,15.4,Baie-des-Sables wind farm
4155,2024-12-10 22:00:00+00:00,-3.0,15.6,Baie-des-Sables wind farm
4156,2024-12-10 23:00:00+00:00,-2.7,15.8,Baie-des-Sables wind farm
4157,2024-12-11 00:00:00+00:00,-2.4,16.6,Baie-des-Sables wind farm
4158,2024-12-11 01:00:00+00:00,-2.1,17.4,Baie-des-Sables wind farm
4159,2024-12-11 02:00:00+00:00,-1.5,18.1,Baie-des-Sables wind farm
4160,2024-12-11 03:00:00+00:00,-1.2,19.9,Baie-des-Sables wind farm
4161,2024-12-11 04:00:00+00:00,-0.5,23.1,Baie-des-Sables wind farm
4162,2024-12-11 05:00:00+00:00,0.1,22.0,Baie-des-Sables wind farm
4163,2024-12-11 06:00:00+00:00,0.6,20.0,Baie-des-Sables wind farm
4164,2024-12-11 07:00:00+00:00,1.0,23.5,Baie-des-Sables wind farm
4165,2024-12-11 08:00:00+00:00,0.8,13.4,Baie-des-Sables wind farm
4166,2024-12-11 09:00:00+00:00,1.1,11.2,Baie-des-Sables wind farm
4167,2024-12-11 10:00:00+00:00,1.8,14.1,Baie-des-Sables wind farm
4168,2024-12-11 11:00:00+00:00,2.0,17.2,Baie-des-Sables wind farm
4169,2024-12-11 12:00:00+00:00,2.3,17.7,Baie-des-Sables wind farm
4170,2024-12-11 13:00:00+00:00,2.5,15.3,Baie-des-Sables wind farm
4171,2024-12-11 14:00:00+00:00,2.6,14.0,Baie-des-Sables wind farm
4172,2024-12-11 15:00:00+00:00,2.6,9.8,Baie-des-Sables wind farm
4173,2024-12-11 16:00:00+00:00,2.6,12.1,Baie-des-Sables wind farm
4174,2024-12-11 17:00:00+00:00,2.8,12.6,Baie-des-Sables wind farm
4175,2024-12-11 18:00:00+00:00,2.7,11.4,Baie-des-Sables wind farm
4176,2024-12-11 19:00:00+00:00,3.1,12.7,Baie-des-Sables wind farm
4177,2024-12-11 20:00:00+00:00,3.1,11.3,Baie-des-Sables wind farm
4178,2024-12-11 21:00:00+00:00,4.3,12.6,Baie-des-Sables wind farm
4179,2024-12-11 22:00:00+00:00,5.0,14.4,Baie-des-Sables wind farm
4180,2024-12-11 23:00:00+00:00,7.1,20.6,Baie-des-Sables wind farm
4181,2024-12-12 00:00:00+00:00,9.0,28.4,Baie-des-Sables wind farm
4182,2024-12-12 01:00:00+00:00,10.2,30.5,Baie-des-Sables wind farm
4183,2024-12-12 02:00:00+00:00,10.6,27.7,Baie-des-Sables wind farm
4184,2024-12-12 03:00:00+00:00,10.4,27.3,Baie-des-Sables wind farm
4185,2024-12-12 04:00:00+00:00,10.5,29.4,Baie-des-Sables wind farm
4186,2024-12-12 05:00:00+00:00,9.9,20.6,Baie-des-Sables wind farm
4187,2024-12-12 06:00:00+00:00,4.9,28.1,Baie-des-Sables wind farm
4188,2024-12-12 07:00:00+00:00,3.0,25.2,Baie-des-Sables wind farm
4189,2024-12-12 08:00:00+00:00,2.8,22.9,Baie-des-Sables wind farm
4190,2024-12-12 09:00:00+00:00,3.1,24.1,Baie-des-Sables wind farm
4191,2024-12-12 10:00:00+00:00,3.3,28.9,Baie-des-Sables wind farm
4192,2024-12-12 11:00:00+00:00,3.8,30.4,Baie-des-Sables wind farm
4193,2024-12-12 12:00:00+00:00,3.1,34.1,Baie-des-Sables wind farm
4194,2024-12-12 13:00:00+00:00,2.2,31.8,Baie-des-Sables wind farm
4195,2024-12-12 14:00:00+00:00,1.1,31.9,Baie-des-Sables wind farm
4196,2024-12-12 15:00:00+00:00,0.3,29.9,Baie-des-Sables wind farm
4197,2024-12-12 16:00:00+00:00,-0.5,29.6,Baie-des-Sables wind farm
4198,2024-12-12 17:00:00+00:00,-0.9,29.2,Baie-des-Sables wind farm
4199,2024-12-12 18:00:00+00:00,-1.4,26.8,Baie-des-Sables wind farm
4200,2024-12-12 19:00:00+00:00,-1.6,26.0,Baie-des-Sables wind farm
4201,2024-12-12 20:00:00+00:00,-1.8,29.7,Baie-des-Sables wind farm
4202,2024-12-12 21:00:00+00:00,-2.5,30.2,Baie-des-Sables wind farm
4203,2024-12-12 22:00:00+00:00,-3.2,28.9,Baie-des-Sables wind farm
4204,2024-12-12 23:00:00+00:00,-3.8,27.9,Baie-des-Sables wind farm
4205,2024-12-13 00:00:00+00:00,-4.3,28.1,Baie-des-Sables wind farm
4206,2024-12-13 01:00:00+00:00,-4.6,28.3,Baie-des-Sables wind farm
4207,2024-12-13 02:00:00+00:00,-4.9,27.9,Baie-des-Sables wind farm
4208,2024-12-13 03:00:00+00:00,-5.1,26.2,Baie-des-Sables wind farm
4209,2024-12-13 04:00:00+00:00,-5.4,25.8,Baie-des-Sables wind farm
4210,2024-12-13 05:00:00+00:00,-5.9,26.8,Baie-des-Sables wind farm
4211,2024-12-13 06:00:00+00:00,-6.4,25.5,Baie-des-Sables wind farm
4212,2024-12-13 07:00:00+00:00,-7.0,27.0,Baie-des-Sables wind farm
4213,2024-12-13 08:00:00+00:00,-6.9,28.4,Baie-des-Sables wind farm
4214,2024-12-13 09:00:00+00:00,-7.3,29.2,Baie-des-Sables wind farm
4215,2024-12-13 10:00:00+00:00,-7.2,28.3,Baie-des-Sables wind farm
4216,2024-12-13 11:00:00+00:00,-7.1,30.4,Baie-des-Sables wind farm
4217,2024-12-13 12:00:00+00:00,-6.8,33.1,Baie-des-Sables wind farm
4218,2024-12-13 13:00:00+00:00,-6.6,31.5,Baie-des-Sables wind farm
4219,2024-12-13 14:00:00+00:00,-6.7,31.7,Baie-des-Sables wind farm
4220,2024-12-13 15:00:00+00:00,-6.8,31.4,Baie-des-Sables wind farm
4221,2024-12-13 16:00:00+00:00,-6.7,28.9,Baie-des-Sables wind farm
4222,2024-12-13 17:00:00+00:00,-7.0,28.0,Baie-des-Sables wind farm
4223,2024-12-13 18:00:00+00:00,-7.4,28.0,Baie-des-Sables wind farm
4224,2024-12-13 19:00:00+00:00,-7.6,28.1,Baie-des-Sables wind farm
4225,2024-12-13 20:00:00+00:00,-6.0,30.6,Baie-des-Sables wind farm
4226,2024-12-13 21:00:00+00:00,-6.2,29.0,Baie-des-Sables wind farm
4227,2024-12-13 22:00:00+00:00,-6.5,27.8,Baie-des-Sables wind farm
4228,2024-12-13 23:00:00+00:00,-6.7,28.1,Baie-des-Sables wind farm
4229,2024-12-14 00:00:00+00:00,-7.1,27.2,Baie-des-Sables wind farm
4230,2024-12-14 01:00:00+00:00,-7.6,26.9,Baie-des-Sables wind farm
4231,2024-12-14 02:00:00+00:00,-8.0,26.1,Baie-des-Sables wind farm
4232,2024-12-14 03:00:00+00:00,-8.4,24.9,Baie-des-Sables wind farm
4233,2024-12-14 04:00:00+00:00,-8.6,23.6,Baie-des-Sables wind farm
4234,2024-12-14 05:00:00+00:00,-8.5,23.3,Baie-des-Sables wind farm
4235,2024-12-14 06:00:00+00:00,-8.4,23.6,Baie-des-Sables wind farm
4236,2024-12-14 07:00:00+00:00,-8.4,22.0,Baie-des-Sables wind farm
4237,2024-12-14 08:00:00+00:00,-8.5,23.2,Baie-des-Sables wind farm
4238,2024-12-14 09:00:00+00:00,-8.1,23.2,Baie-des-Sables wind farm
4239,2024-12-14 10:00:00+00:00,-7.5,22.4,Baie-des-Sables wind farm
4240,2024-12-14 11:00:00+00:00,-7.1,23.1,Baie-des-Sables wind farm
4241,2024-12-14 12:00:00+00:00,-6.7,21.6,Baie-des-Sables wind farm
4242,2024-12-14 13:00:00+00:00,-6.4,20.5,Baie-des-Sables wind farm
4243,2024-12-14 14:00:00+00:00,-6.5,22.2,Baie-des-Sables wind farm
4244,2024-12-14 15:00:00+00:00,-6.7,20.8,Baie-des-Sables wind farm
4245,2024-12-14 16:00:00+00:00,-6.4,19.1,Baie-des-Sables wind farm
4246,2024-12-14 17:00:00+00:00,-5.9,18.6,Baie-des-Sables wind farm
4247,2024-12-14 18:00:00+00:00,-6.4,18.0,Baie-des-Sables wind farm
4248,2024-12-14 19:00:00+00:00,-7.3,15.5,Baie-des-Sables wind farm
4249,2024-12-14 20:00:00+00:00,-7.6,16.1,Baie-des-Sables wind farm
4250,2024-12-14 21:00:00+00:00,-7.9,16.8,Baie-des-Sables wind farm
4251,2024-12-14 22:00:00+00:00,-8.0,16.6,Baie-des-Sables wind farm
4252,2024-12-14 23:00:00+00:00,-8.3,16.4,Baie-des-Sables wind farm
4253,2024-12-15 00:00:00+00:00,-8.3,15.9,Baie-des-Sables wind farm
4254,2024-12-15 01:00:00+00:00,-8.3,15.7,Baie-des-Sables wind farm
4255,2024-12-15 02:00:00+00:00,-8.6,15.5,Baie-des-Sables wind farm
4256,2024-12-15 03:00:00+00:00,-8.7,15.1,Baie-des-Sables wind farm
4257,2024-12-15 04:00:00+00:00,-8.8,14.9,Baie-des-Sables wind farm
4258,2024-12-15 05:00:00+00:00,-8.8,14.3,Baie-des-Sables wind farm
4259,2024-12-15 06:00:00+00:00,-8.5,15.4,Baie-des-Sables wind farm
4260,2024-12-15 07:00:00+00:00,-8.1,16.4,Baie-des-Sables wind farm
4261,2024-12-15 08:00:00+00:00,-7.6,15.8,Baie-des-Sables wind farm
4262,2024-12-15 09:00:00+00:00,-7.3,13.9,Baie-des-Sables wind farm
4263,2024-12-15 10:00:00+00:00,-7.2,13.4,Baie-des-Sables wind farm
4264,2024-12-15 11:00:00+00:00,-6.3,12.8,Baie-des-Sables wind farm
4265,2024-12-15 12:00:00+00:00,-5.3,14.8,Baie-des-Sables wind farm
4266,2024-12-15 13:00:00+00:00,-5.2,14.5,Baie-des-Sables wind farm
4267,2024-12-15 14:00:00+00:00,-5.0,11.5,Baie-des-Sables wind farm
4268,2024-12-15 15:00:00+00:00,-5.5,9.8,Baie-des-Sables wind farm
4269,2024-12-15 16:00:00+00:00,-6.4,9.3,Baie-des-Sables wind farm
4270,2024-12-15 17:00:00+00:00,-6.8,11.4,Baie-des-Sables wind farm
4271,2024-12-15 18:00:00+00:00,-7.2,12.8,Baie-des-Sables wind farm
4272,2024-12-15 19:00:00+00:00,-7.3,13.2,Baie-des-Sables wind farm
4273,2024-12-15 20:00:00+00:00,-7.3,12.7,Baie-des-Sables wind farm
4274,2024-12-15 21:00:00+00:00,-7.3,12.2,Baie-des-Sables wind farm
4275,2024-12-15 22:00:00+00:00,-7.3,12.6,Baie-des-Sables wind farm
4276,2024-12-15 23:00:00+00:00,-7.2,12.2,Baie-des-Sables wind farm
4277,2024-12-16 00:00:00+00:00,-7.3,12.9,Baie-des-Sables wind farm
4278,2024-12-16 01:00:00+00:00,-7.2,12.8,Baie-des-Sables wind farm
4279,2024-12-16 02:00:00+00:00,-7.3,12.0,Baie-des-Sables wind farm
4280,2024-12-16 03:00:00+00:00,-7.3,12.0,Baie-des-Sables wind farm
4281,2024-12-16 04:00:00+00:00,-7.1,12.1,Baie-des-Sables wind farm
4282,2024-12-16 05:00:00+00:00,-7.0,11.8,Baie-des-Sables wind farm
4283,2024-12-16 06:00:00+00:00,-7.0,11.1,Baie-des-Sables wind farm
4284,2024-12-16 07:00:00+00:00,-7.1,11.3,Baie-des-Sables wind farm
4285,2024-12-16 08:00:00+00:00,-8.0,11.3,Baie-des-Sables wind farm
4286,2024-12-16 09:00:00+00:00,-5.4,12.3,Baie-des-Sables wind farm
4287,2024-12-16 10:00:00+00:00,-3.2,9.8,Baie-des-Sables wind farm
4288,2024-12-16 11:00:00+00:00,-1.7,11.2,Baie-des-Sables wind farm
4289,2024-12-16 12:00:00+00:00,-0.5,10.4,Baie-des-Sables wind farm
4290,2024-12-16 13:00:00+00:00,0.1,8.7,Baie-des-Sables wind farm
4291,2024-12-16 14:00:00+00:00,-0.1,7.4,Baie-des-Sables wind farm
4292,2024-12-16 15:00:00+00:00,-2.3,4.0,Baie-des-Sables wind farm
4293,2024-12-16 16:00:00+00:00,-2.2,8.9,Baie-des-Sables wind farm
4294,2024-12-16 17:00:00+00:00,-1.1,11.9,Baie-des-Sables wind farm
4295,2024-12-16 18:00:00+00:00,-0.5,13.1,Baie-des-Sables wind farm
4296,2024-12-16 19:00:00+00:00,-0.1,13.8,Baie-des-Sables wind farm
4297,2024-12-16 20:00:00+00:00,-0.4,12.8,Baie-des-Sables wind farm
4298,2024-12-16 21:00:00+00:00,-0.2,14.3,Baie-des-Sables wind farm
4299,2024-12-16 22:00:00+00:00,-0.2,14.2,Baie-des-Sables wind farm
4300,2024-12-16 23:00:00+00:00,-1.2,14.8,Baie-des-Sables wind farm
4301,2024-12-17 00:00:00+00:00,-0.7,17.3,Baie-des-Sables wind farm
4302,2024-12-17 01:00:00+00:00,0.3,20.9,Baie-des-Sables wind farm
4303,2024-12-17 02:00:00+00:00,0.4,22.8,Baie-des-Sables wind farm
4304,2024-12-17 03:00:00+00:00,0.1,24.9,Baie-des-Sables wind farm
4305,2024-12-17 04:00:00+00:00,1.1,26.1,Baie-des-Sables wind farm
4306,2024-12-17 05:00:00+00:00,1.4,21.2,Baie-des-Sables wind farm
4307,2024-12-17 06:00:00+00:00,2.0,24.1,Baie-des-Sables wind farm
4308,2024-12-17 07:00:00+00:00,2.0,29.2,Baie-des-Sables wind farm
4309,2024-12-17 08:00:00+00:00,2.1,33.2,Baie-des-Sables wind farm
4310,2024-12-17 09:00:00+00:00,3.3,34.2,Baie-des-Sables wind farm
4311,2024-12-17 10:00:00+00:00,4.4,29.4,Baie-des-Sables wind farm
4312,2024-12-17 11:00:00+00:00,5.7,28.3,Baie-des-Sables wind farm
4313,2024-12-17 12:00:00+00:00,7.0,28.6,Baie-des-Sables wind farm
4314,2024-12-17 13:00:00+00:00,7.3,26.9,Baie-des-Sables wind farm
4315,2024-12-17 14:00:00+00:00,6.2,23.6,Baie-des-Sables wind farm
4316,2024-12-17 15:00:00+00:00,5.2,27.6,Baie-des-Sables wind farm
4317,2024-12-17 16:00:00+00:00,3.7,27.1,Baie-des-Sables wind farm
4318,2024-12-17 17:00:00+00:00,3.6,26.4,Baie-des-Sables wind farm
4319,2024-12-17 18:00:00+00:00,3.5,26.1,Baie-des-Sables wind farm
4320,2024-12-17 19:00:00+00:00,3.3,27.4,Baie-des-Sables wind farm
4321,2024-12-17 20:00:00+00:00,3.1,28.0,Baie-des-Sables wind farm
4322,2024-12-17 21:00:00+00:00,2.9,28.0,Baie-des-Sables wind farm
4323,2024-12-17 22:00:00+00:00,2.7,27.6,Baie-des-Sables wind farm
4324,2024-12-17 23:00:00+00:00,2.6,27.1,Baie-des-Sables wind farm
4325,2024-12-18 00:00:00+00:00,2.8,27.0,Baie-des-Sables wind farm
4326,2024-12-18 01:00:00+00:00,2.6,25.8,Baie-des-Sables wind farm
4327,2024-12-18 02:00:00+00:00,2.5,25.6,Baie-des-Sables wind farm
4328,2024-12-18 03:00:00+00:00,3.1,24.5,Baie-des-Sables wind farm
4329,2024-12-18 04:00:00+00:00,2.5,21.2,Baie-des-Sables wind farm
4330,2024-12-18 05:00:00+00:00,2.0,18.8,Baie-des-Sables wind farm
4331,2024-12-18 06:00:00+00:00,2.0,22.3,Baie-des-Sables wind farm
4332,2024-12-18 07:00:00+00:00,2.2,23.9,Baie-des-Sables wind farm
4333,2024-12-18 08:00:00+00:00,2.3,20.0,Baie-des-Sables wind farm
4334,2024-12-18 09:00:00+00:00,2.4,17.5,Baie-des-Sables wind farm
4335,2024-12-18 10:00:00+00:00,3.2,20.6,Baie-des-Sables wind farm
4336,2024-12-18 11:00:00+00:00,3.2,21.7,Baie-des-Sables wind farm
4337,2024-12-18 12:00:00+00:00,2.9,21.6,Baie-des-Sables wind farm
4338,2024-12-18 13:00:00+00:00,2.6,20.7,Baie-des-Sables wind farm
4339,2024-12-18 14:00:00+00:00,2.2,17.0,Baie-des-Sables wind farm
4340,2024-12-18 15:00:00+00:00,1.5,16.5,Baie-des-Sables wind farm
4341,2024-12-18 16:00:00+00:00,0.5,13.2,Baie-des-Sables wind farm
4342,2024-12-18 17:00:00+00:00,0.3,11.6,Baie-des-Sables wind farm
4343,2024-12-18 18:00:00+00:00,0.4,9.6,Baie-des-Sables wind farm
4344,2024-12-18 19:00:00+00:00,0.2,6.5,Baie-des-Sables wind farm
4345,2024-12-18 20:00:00+00:00,0.3,4.2,Baie-des-Sables wind farm
4346,2024-12-18 21:00:00+00:00,0.0,2.4,Baie-des-Sables wind farm
4347,2024-12-18 22:00:00+00:00,-0.2,0.2,Baie-des-Sables wind farm
4348,2024-12-18 23:00:00+00:00,-0.3,3.8,Baie-des-Sables wind farm
4349,2024-12-19 00:00:00+00:00,-0.9,6.7,Baie-des-Sables wind farm
4350,2024-12-19 01:00:00+00:00,-1.9,10.6,Baie-des-Sables wind farm
4351,2024-12-19 02:00:00+00:00,-2.7,9.4,Baie-des-Sables wind farm
4352,2024-12-19 03:00:00+00:00,-2.9,6.7,Baie-des-Sables wind farm
4353,2024-12-19 04:00:00+00:00,-2.7,5.1,Baie-des-Sables wind farm
4354,2024-12-19 05:00:00+00:00,-2.6,6.4,Baie-des-Sables wind farm
4355,2024-12-19 06:00:00+00:00,-2.6,11.0,Baie-des-Sables wind farm
4356,2024-12-19 07:00:00+00:00,-2.8,12.4,Baie-des-Sables wind farm
4357,2024-12-19 08:00:00+00:00,-3.2,12.7,Baie-des-Sables wind farm
4358,2024-12-19 09:00:00+00:00,-3.4,15.4,Baie-des-Sables wind farm
4359,2024-12-19 10:00:00+00:00,-3.5,18.5,Baie-des-Sables wind farm
4360,2024-12-19 11:00:00+00:00,-4.0,20.9,Baie-des-Sables wind farm
4361,2024-12-19 12:00:00+00:00,-4.4,21.7,Baie-des-Sables wind farm
4362,2024-12-19 13:00:00+00:00,-4.9,24.5,Baie-des-Sables wind farm
4363,2024-12-19 14:00:00+00:00,-5.8,25.6,Baie-des-Sables wind farm
4364,2024-12-19 15:00:00+00:00,-7.0,24.7,Baie-des-Sables wind farm
4365,2024-12-19 16:00:00+00:00,-7.8,22.9,Baie-des-Sables wind farm
4366,2024-12-19 17:00:00+00:00,-8.0,21.5,Baie-des-Sables wind farm
4367,2024-12-19 18:00:00+00:00,-8.3,20.3,Baie-des-Sables wind farm
4368,2024-12-19 19:00:00+00:00,-8.6,20.3,Baie-des-Sables wind farm
4369,2024-12-19 20:00:00+00:00,-8.9,17.6,Baie-des-Sables wind farm
4370,2024-12-19 21:00:00+00:00,-9.4,14.9,Baie-des-Sables wind farm
4371,2024-12-19 22:00:00+00:00,-9.8,14.0,Baie-des-Sables wind farm
4372,2024-12-19 23:00:00+00:00,-10.3,9.6,Baie-des-Sables wind farm
4373,2024-12-20 00:00:00+00:00,-10.4,9.2,Baie-des-Sables wind farm
4374,2024-12-20 01:00:00+00:00,-10.3,9.9,Baie-des-Sables wind farm
4375,2024-12-20 02:00:00+00:00,-10.4,8.2,Baie-des-Sables wind farm
4376,2024-12-20 03:00:00+00:00,-10.6,6.3,Baie-des-Sables wind farm
4377,2024-12-20 04:00:00+00:00,-10.9,7.2,Baie-des-Sables wind farm
4378,2024-12-20 05:00:00+00:00,-11.0,7.0,Baie-des-Sables wind farm
4379,2024-12-20 06:00:00+00:00,-10.9,5.8,Baie-des-Sables wind farm
4380,2024-12-20 07:00:00+00:00,-10.9,4.9,Baie-des-Sables wind farm
4381,2024-12-20 08:00:00+00:00,-11.2,4.1,Baie-des-Sables wind farm
4382,2024-12-20 09:00:00+00:00,-10.8,2.4,Baie-des-Sables wind farm
4383,2024-12-20 10:00:00+00:00,-10.5,2.3,Baie-des-Sables wind farm
4384,2024-12-20 11:00:00+00:00,-10.1,2.8,Baie-des-Sables wind farm
4385,2024-12-20 12:00:00+00:00,-9.8,2.3,Baie-des-Sables wind farm
4386,2024-12-20 13:00:00+00:00,-9.8,1.2,Baie-des-Sables wind farm
4387,2024-12-20 14:00:00+00:00,-10.1,0.6,Baie-des-Sables wind farm
4388,2024-12-20 15:00:00+00:00,-10.7,1.8,Baie-des-Sables wind farm
4389,2024-12-20 16:00:00+00:00,-10.4,7.5,Baie-des-Sables wind farm
4390,2024-12-20 17:00:00+00:00,-11.3,5.3,Baie-des-Sables wind farm
4391,2024-12-20 18:00:00+00:00,-12.1,3.4,Baie-des-Sables wind farm
4392,2024-12-20 19:00:00+00:00,-10.1,6.2,Baie-des-Sables wind farm
4393,2024-12-20 20:00:00+00:00,-9.4,3.8,Baie-des-Sables wind farm
4394,2024-12-20 21:00:00+00:00,-9.2,5.4,Baie-des-Sables wind farm
4395,2024-12-20 22:00:00+00:00,-8.9,6.3,Baie-des-Sables wind farm
4396,2024-12-20 23:00:00+00:00,-8.2,6.5,Baie-des-Sables wind farm
4397,2024-12-21 00:00:00+00:00,-7.5,7.7,Baie-des-Sables wind farm
4398,2024-12-21 01:00:00+00:00,-6.7,11.8,Baie-des-Sables wind farm
4399,2024-12-21 02:00:00+00:00,-6.3,14.0,Baie-des-Sables wind farm
4400,2024-12-21 03:00:00+00:00,-5.9,13.9,Baie-des-Sables wind farm
4401,2024-12-21 04:00:00+00:00,-5.7,13.5,Baie-des-Sables wind farm
4402,2024-12-21 05:00:00+00:00,-5.7,13.3,Baie-des-Sables wind farm
4403,2024-12-21 06:00:00+00:00,-5.6,14.5,Baie-des-Sables wind farm
4404,2024-12-21 07:00:00+00:00,-5.5,11.8,Baie-des-Sables wind farm
4405,2024-12-21 08:00:00+00:00,-5.6,19.3,Baie-des-Sables wind farm
4406,2024-12-21 09:00:00+00:00,-5.2,17.8,Baie-des-Sables wind farm
4407,2024-12-21 10:00:00+00:00,-5.0,17.5,Baie-des-Sables wind farm
4408,2024-12-21 11:00:00+00:00,-4.9,20.1,Baie-des-Sables wind farm
4409,2024-12-21 12:00:00+00:00,-5.9,22.7,Baie-des-Sables wind farm
4410,2024-12-21 13:00:00+00:00,-6.5,22.7,Baie-des-Sables wind farm
4411,2024-12-21 14:00:00+00:00,-6.6,20.6,Baie-des-Sables wind farm
4412,2024-12-21 15:00:00+00:00,-6.9,18.0,Baie-des-Sables wind farm
4413,2024-12-21 16:00:00+00:00,-8.1,22.5,Baie-des-Sables wind farm
4414,2024-12-21 17:00:00+00:00,-9.3,22.3,Baie-des-Sables wind farm
4415,2024-12-21 18:00:00+00:00,-10.0,22.5,Baie-des-Sables wind farm
4416,2024-12-21 19:00:00+00:00,-11.0,21.4,Baie-des-Sables wind farm
4417,2024-12-21 20:00:00+00:00,-12.4,22.0,Baie-des-Sables wind farm
4418,2024-12-21 21:00:00+00:00,-12.8,21.6,Baie-des-Sables wind farm
4419,2024-12-21 22:00:00+00:00,-13.2,22.4,Baie-des-Sables wind farm
4420,2024-12-21 23:00:00+00:00,-13.6,21.6,Baie-des-Sables wind farm
4421,2024-12-22 00:00:00+00:00,-13.8,21.7,Baie-des-Sables wind farm
4422,2024-12-22 01:00:00+00:00,-14.1,20.4,Baie-des-Sables wind farm
4423,2024-12-22 02:00:00+00:00,-14.2,19.2,Baie-des-Sables wind farm
4424,2024-12-22 03:00:00+00:00,-13.9,18.7,Baie-des-Sables wind farm
4425,2024-12-22 04:00:00+00:00,-13.7,18.1,Baie-des-Sables wind farm
4426,2024-12-22 05:00:00+00:00,-13.5,18.1,Baie-des-Sables wind farm
4427,2024-12-22 06:00:00+00:00,-13.4,19.1,Baie-des-Sables wind farm
4428,2024-12-22 07:00:00+00:00,-13.4,18.2,Baie-des-Sables wind farm
4429,2024-12-22 08:00:00+00:00,-12.7,19.0,Baie-des-Sables wind farm
4430,2024-12-22 09:00:00+00:00,-12.3,20.0,Baie-des-Sables wind farm
4431,2024-12-22 10:00:00+00:00,-12.0,19.2,Baie-des-Sables wind farm
4432,2024-12-22 11:00:00+00:00,-11.3,19.3,Baie-des-Sables wind farm
4433,2024-12-22 12:00:00+00:00,-10.5,19.6,Baie-des-Sables wind farm
4434,2024-12-22 13:00:00+00:00,-10.0,18.6,Baie-des-Sables wind farm
4435,2024-12-22 14:00:00+00:00,-9.7,16.9,Baie-des-Sables wind farm
4436,2024-12-22 15:00:00+00:00,-9.7,16.2,Baie-des-Sables wind farm
4437,2024-12-22 16:00:00+00:00,-10.1,18.0,Baie-des-Sables wind farm
4438,2024-12-22 17:00:00+00:00,-10.0,18.9,Baie-des-Sables wind farm
4439,2024-12-22 18:00:00+00:00,-10.1,19.3,Baie-des-Sables wind farm
4440,2024-12-22 19:00:00+00:00,-10.4,19.4,Baie-des-Sables wind farm
4441,2024-12-22 20:00:00+00:00,-10.2,19.7,Baie-des-Sables wind farm
4442,2024-12-22 21:00:00+00:00,-10.9,18.2,Baie-des-Sables wind farm
4443,2024-12-22 22:00:00+00:00,-11.5,17.1,Baie-des-Sables wind farm
4444,2024-12-22 23:00:00+00:00,-11.7,16.2,Baie-des-Sables wind farm
4445,2024-12-23 00:00:00+00:00,-12.0,15.2,Baie-des-Sables wind farm
4446,2024-12-23 01:00:00+00:00,-12.4,14.6,Baie-des-Sables wind farm
4447,2024-12-23 02:00:00+00:00,-12.3,16.0,Baie-des-Sables wind farm
4448,2024-12-23 03:00:00+00:00,-12.7,16.2,Baie-des-Sables wind farm
4449,2024-12-23 04:00:00+00:00,-13.0,16.6,Baie-des-Sables wind farm
4450,2024-12-23 05:00:00+00:00,-13.3,16.7,Baie-des-Sables wind farm
4451,2024-12-23 06:00:00+00:00,-13.5,15.8,Baie-des-Sables wind farm
4452,2024-12-23 07:00:00+00:00,-13.5,15.4,Baie-des-Sables wind farm
4453,2024-12-23 08:00:00+00:00,-14.1,14.6,Baie-des-Sables wind farm
4454,2024-12-23 09:00:00+00:00,-14.0,16.9,Baie-des-Sables wind farm
4455,2024-12-23 10:00:00+00:00,-13.6,15.9,Baie-des-Sables wind farm
4456,2024-12-23 11:00:00+00:00,-13.2,15.1,Baie-des-Sables wind farm
4457,2024-12-23 12:00:00+00:00,-12.6,13.9,Baie-des-Sables wind farm
4458,2024-12-23 13:00:00+00:00,-12.1,12.5,Baie-des-Sables wind farm
4459,2024-12-23 14:00:00+00:00,-12.0,10.7,Baie-des-Sables wind farm
4460,2024-12-23 15:00:00+00:00,-12.1,9.7,Baie-des-Sables wind farm
4461,2024-12-23 16:00:00+00:00,-12.9,9.0,Baie-des-Sables wind farm
4462,2024-12-23 17:00:00+00:00,-13.4,10.5,Baie-des-Sables wind farm
4463,2024-12-23 18:00:00+00:00,-13.6,9.9,Baie-des-Sables wind farm
4464,2024-12-23 19:00:00+00:00,-14.3,10.2,Baie-des-Sables wind farm
4465,2024-12-23 20:00:00+00:00,-15.2,11.6,Baie-des-Sables wind farm
4466,2024-12-23 21:00:00+00:00,-15.2,11.7,Baie-des-Sables wind farm
4467,2024-12-23 22:00:00+00:00,-14.6,11.0,Baie-des-Sables wind farm
4468,2024-12-23 23:00:00+00:00,-13.9,11.0,Baie-des-Sables wind farm
4469,2024-12-24 00:00:00+00:00,-12.7,12.1,Baie-des-Sables wind farm
4470,2024-12-24 01:00:00+00:00,-11.7,11.0,Baie-des-Sables wind farm
4471,2024-12-24 02:00:00+00:00,-11.2,11.2,Baie-des-Sables wind farm
4472,2024-12-24 03:00:00+00:00,-11.0,10.7,Baie-des-Sables wind farm
4473,2024-12-24 04:00:00+00:00,-10.8,9.5,Baie-des-Sables wind farm
4474,2024-12-24 05:00:00+00:00,-10.8,10.3,Baie-des-Sables wind farm
4475,2024-12-24 06:00:00+00:00,-10.9,10.7,Baie-des-Sables wind farm
4476,2024-12-24 07:00:00+00:00,-10.9,11.1,Baie-des-Sables wind farm
4477,2024-12-24 08:00:00+00:00,-11.9,13.4,Baie-des-Sables wind farm
4478,2024-12-24 09:00:00+00:00,-11.6,12.1,Baie-des-Sables wind farm
4479,2024-12-24 10:00:00+00:00,-10.3,9.0,Baie-des-Sables wind farm
4480,2024-12-24 11:00:00+00:00,-9.6,5.5,Baie-des-Sables wind farm
4481,2024-12-24 12:00:00+00:00,-9.0,3.8,Baie-des-Sables wind farm
4482,2024-12-24 13:00:00+00:00,-8.8,4.4,Baie-des-Sables wind farm
4483,2024-12-24 14:00:00+00:00,-8.8,5.0,Baie-des-Sables wind farm
4484,2024-12-24 15:00:00+00:00,-10.8,5.1,Baie-des-Sables wind farm
4485,2024-12-24 16:00:00+00:00,-11.7,4.5,Baie-des-Sables wind farm
4486,2024-12-24 17:00:00+00:00,-11.0,4.3,Baie-des-Sables wind farm
4487,2024-12-24 18:00:00+00:00,-10.3,4.5,Baie-des-Sables wind farm
4488,2024-12-24 19:00:00+00:00,-9.9,3.2,Baie-des-Sables wind farm
4489,2024-12-24 20:00:00+00:00,-9.5,4.4,Baie-des-Sables wind farm
4490,2024-12-24 21:00:00+00:00,-8.4,5.3,Baie-des-Sables wind farm
4491,2024-12-24 22:00:00+00:00,-8.0,4.8,Baie-des-Sables wind farm
4492,2024-12-24 23:00:00+00:00,-6.9,5.8,Baie-des-Sables wind farm
4493,2024-12-25 00:00:00+00:00,-6.8,7.3,Baie-des-Sables wind farm
4494,2024-12-25 01:00:00+00:00,-6.8,8.5,Baie-des-Sables wind farm
4495,2024-12-25 02:00:00+00:00,-7.1,8.2,Baie-des-Sables wind farm
4496,2024-12-25 03:00:00+00:00,-7.1,6.6,Baie-des-Sables wind farm
4497,2024-12-25 04:00:00+00:00,-7.1,4.6,Baie-des-Sables wind farm
4498,2024-12-25 05:00:00+00:00,-7.3,3.3,Baie-des-Sables wind farm
4499,2024-12-25 06:00:00+00:00,-7.5,5.1,Baie-des-Sables wind farm
4500,2024-12-25 07:00:00+00:00,-7.4,6.2,Baie-des-Sables wind farm
4501,2024-12-25 08:00:00+00:00,-8.4,5.8,Baie-des-Sables wind farm
4502,2024-12-25 09:00:00+00:00,-7.8,7.4,Baie-des-Sables wind farm
4503,2024-12-25 10:00:00+00:00,-7.5,8.3,Baie-des-Sables wind farm
4504,2024-12-25 11:00:00+00:00,-7.6,9.1,Baie-des-Sables wind farm
4505,2024-12-25 12:00:00+00:00,-7.8,10.3,Baie-des-Sables wind farm
4506,2024-12-25 13:00:00+00:00,-8.2,9.7,Baie-des-Sables wind farm
4507,2024-12-25 14:00:00+00:00,-8.3,8.2,Baie-des-Sables wind farm
4508,2024-12-25 15:00:00+00:00,-8.5,7.3,Baie-des-Sables wind farm
4509,2024-12-25 16:00:00+00:00,-9.0,6.4,Baie-des-Sables wind farm
4510,2024-12-25 17:00:00+00:00,-9.6,8.1,Baie-des-Sables wind farm
4511,2024-12-25 18:00:00+00:00,-10.3,9.0,Baie-des-Sables wind farm
4512,2024-12-25 19:00:00+00:00,-11.1,8.3,Baie-des-Sables wind farm
4513,2024-12-25 20:00:00+00:00,-11.0,10.6,Baie-des-Sables wind farm
4514,2024-12-25 21:00:00+00:00,-10.6,12.7,Baie-des-Sables wind farm
4515,2024-12-25 22:00:00+00:00,-9.9,13.1,Baie-des-Sables wind farm
4516,2024-12-25 23:00:00+00:00,-10.0,13.0,Baie-des-Sables wind farm
4517,2024-12-26 00:00:00+00:00,-10.1,12.9,Baie-des-Sables wind farm
4518,2024-12-26 01:00:00+00:00,-9.0,14.7,Baie-des-Sables wind farm
4519,2024-12-26 02:00:00+00:00,-8.3,12.4,Baie-des-Sables wind farm
4520,2024-12-26 03:00:00+00:00,-8.1,11.7,Baie-des-Sables wind farm
4521,2024-12-26 04:00:00+00:00,-8.2,11.8,Baie-des-Sables wind farm
4522,2024-12-26 05:00:00+00:00,-8.9,11.7,Baie-des-Sables wind farm
4523,2024-12-26 06:00:00+00:00,-9.9,11.0,Baie-des-Sables wind farm
4524,2024-12-26 07:00:00+00:00,-9.9,11.1,Baie-des-Sables wind farm
4525,2024-12-26 08:00:00+00:00,-10.2,12.5,Baie-des-Sables wind farm
4526,2024-12-26 09:00:00+00:00,-9.1,12.4,Baie-des-Sables wind farm
4527,2024-12-26 10:00:00+00:00,-8.3,14.6,Baie-des-Sables wind farm
4528,2024-12-26 11:00:00+00:00,-7.7,14.0,Baie-des-Sables wind farm
4529,2024-12-26 12:00:00+00:00,-7.4,12.7,Baie-des-Sables wind farm
4530,2024-12-26 13:00:00+00:00,-7.2,11.3,Baie-des-Sables wind farm
4531,2024-12-26 14:00:00+00:00,-7.2,11.0,Baie-des-Sables wind farm
4532,2024-12-26 15:00:00+00:00,-7.4,10.8,Baie-des-Sables wind farm
4533,2024-12-26 16:00:00+00:00,-8.1,11.0,Baie-des-Sables wind farm
4534,2024-12-26 17:00:00+00:00,-8.7,11.0,Baie-des-Sables wind farm
4535,2024-12-26 18:00:00+00:00,-9.2,10.6,Baie-des-Sables wind farm
4536,2024-12-26 19:00:00+00:00,-9.5,10.8,Baie-des-Sables wind farm
4537,2024-12-26 20:00:00+00:00,-9.4,10.3,Baie-des-Sables wind farm
4538,2024-12-26 21:00:00+00:00,-9.1,9.7,Baie-des-Sables wind farm
4539,2024-12-26 22:00:00+00:00,-9.5,9.0,Baie-des-Sables wind farm
4540,2024-12-26 23:00:00+00:00,-9.9,10.2,Baie-des-Sables wind farm
4541,2024-12-27 00:00:00+00:00,-9.7,10.8,Baie-des-Sables wind farm
4542,2024-12-27 01:00:00+00:00,-9.4,10.3,Baie-des-Sables wind farm
4543,2024-12-27 02:00:00+00:00,-9.5,9.1,Baie-des-Sables wind farm
4544,2024-12-27 03:00:00+00:00,-9.2,9.2,Baie-des-Sables wind farm
4545,2024-12-27 04:00:00+00:00,-9.1,10.1,Baie-des-Sables wind farm
4546,2024-12-27 05:00:00+00:00,-9.2,11.2,Baie-des-Sables wind farm
4547,2024-12-27 06:00:00+00:00,-9.2,12.0,Baie-des-Sables wind farm
4548,2024-12-27 07:00:00+00:00,-9.0,11.0,Baie-des-Sables wind farm
4549,2024-12-27 08:00:00+00:00,-9.7,10.3,Baie-des-Sables wind farm
4550,2024-12-27 09:00:00+00:00,-8.5,14.3,Baie-des-Sables wind farm
4551,2024-12-27 10:00:00+00:00,-8.1,12.6,Baie-des-Sables wind farm
4552,2024-12-27 11:00:00+00:00,-7.7,12.9,Baie-des-Sables wind farm
4553,2024-12-27 12:00:00+00:00,-7.1,13.1,Baie-des-Sables wind farm
4554,2024-12-27 13:00:00+00:00,-6.8,11.0,Baie-des-Sables wind farm
4555,2024-12-27 14:00:00+00:00,-6.6,11.6,Baie-des-Sables wind farm
4556,2024-12-27 15:00:00+00:00,-6.7,12.2,Baie-des-Sables wind farm
4557,2024-12-27 16:00:00+00:00,-7.4,12.9,Baie-des-Sables wind farm
4558,2024-12-27 17:00:00+00:00,-8.2,12.2,Baie-des-Sables wind farm
4559,2024-12-27 18:00:00+00:00,-8.2,11.5,Baie-des-Sables wind farm
4560,2024-12-27 19:00:00+00:00,-8.3,11.0,Baie-des-Sables wind farm
4561,2024-12-27 20:00:00+00:00,-8.1,10.9,Baie-des-Sables wind farm
4562,2024-12-27 21:00:00+00:00,-7.3,9.6,Baie-des-Sables wind farm
4563,2024-12-27 22:00:00+00:00,-6.4,7.7,Baie-des-Sables wind farm
4564,2024-12-27 23:00:00+00:00,-5.8,6.6,Baie-des-Sables wind farm
4565,2024-12-28 00:00:00+00:00,-5.6,6.9,Baie-des-Sables wind farm
4566,2024-12-28 01:00:00+00:00,-5.2,8.2,Baie-des-Sables wind farm
4567,2024-12-28 02:00:00+00:00,-5.0,8.6,Baie-des-Sables wind farm
4568,2024-12-28 03:00:00+00:00,-5.4,7.6,Baie-des-Sables wind farm
4569,2024-12-28 04:00:00+00:00,-5.4,5.9,Baie-des-Sables wind farm
4570,2024-12-28 05:00:00+00:00,-5.3,5.0,Baie-des-Sables wind farm
4571,2024-12-28 06:00:00+00:00,-5.3,6.0,Baie-des-Sables wind farm
4572,2024-12-28 07:00:00+00:00,-5.1,5.8,Baie-des-Sables wind farm
4573,2024-12-28 08:00:00+00:00,-5.3,4.6,Baie-des-Sables wind farm
4574,2024-12-28 09:00:00+00:00,-4.6,2.8,Baie-des-Sables wind farm
4575,2024-12-28 10:00:00+00:00,-3.3,2.2,Baie-des-Sables wind farm
4576,2024-12-28 11:00:00+00:00,-1.8,2.8,Baie-des-Sables wind farm
4577,2024-12-28 12:00:00+00:00,-0.8,3.5,Baie-des-Sables wind farm
4578,2024-12-28 13:00:00+00:00,-0.1,1.5,Baie-des-Sables wind farm
4579,2024-12-28 14:00:00+00:00,-0.7,3.1,Baie-des-Sables wind farm
4580,2024-12-28 15:00:00+00:00,-2.4,2.9,Baie-des-Sables wind farm
4581,2024-12-28 16:00:00+00:00,-2.3,3.1,Baie-des-Sables wind farm
4582,2024-12-28 17:00:00+00:00,-2.4,2.9,Baie-des-Sables wind farm
4583,2024-12-28 18:00:00+00:00,-2.7,2.8,Baie-des-Sables wind farm
4584,2024-12-28 19:00:00+00:00,-1.8,2.6,Baie-des-Sables wind farm
4585,2024-12-28 20:00:00+00:00,-1.9,4.0,Baie-des-Sables wind farm
4586,2024-12-28 21:00:00+00:00,-1.3,4.6,Baie-des-Sables wind farm
4587,2024-12-28 22:00:00+00:00,-3.3,5.2,Baie-des-Sables wind farm
4588,2024-12-28 23:00:00+00:00,-4.4,6.1,Baie-des-Sables wind farm
4589,2024-12-29 00:00:00+00:00,-2.8,9.1,Baie-des-Sables wind farm
4590,2024-12-29 01:00:00+00:00,-2.8,7.3,Baie-des-Sables wind farm
4591,2024-12-29 02:00:00+00:00,-1.6,6.7,Baie-des-Sables wind farm
4592,2024-12-29 03:00:00+00:00,-0.9,8.3,Baie-des-Sables wind farm
4593,2024-12-29 04:00:00+00:00,-0.5,8.9,Baie-des-Sables wind farm
4594,2024-12-29 05:00:00+00:00,-0.3,8.7,Baie-des-Sables wind farm
4595,2024-12-29 06:00:00+00:00,0.1,8.3,Baie-des-Sables wind farm
4596,2024-12-29 07:00:00+00:00,0.4,8.4,Baie-des-Sables wind farm
4597,2024-12-29 08:00:00+00:00,0.3,8.1,Baie-des-Sables wind farm
4598,2024-12-29 09:00:00+00:00,0.8,7.2,Baie-des-Sables wind farm
4599,2024-12-29 10:00:00+00:00,1.4,4.7,Baie-des-Sables wind farm
4600,2024-12-29 11:00:00+00:00,1.9,3.8,Baie-des-Sables wind farm
4601,2024-12-29 12:00:00+00:00,2.6,2.0,Baie-des-Sables wind farm
4602,2024-12-29 13:00:00+00:00,3.2,0.6,Baie-des-Sables wind farm
4603,2024-12-29 14:00:00+00:00,3.0,0.9,Baie-des-Sables wind farm
4604,2024-12-29 15:00:00+00:00,2.5,0.9,Baie-des-Sables wind farm
4605,2024-12-29 16:00:00+00:00,1.9,3.0,Baie-des-Sables wind farm
4606,2024-12-29 17:00:00+00:00,1.6,3.5,Baie-des-Sables wind farm
4607,2024-12-29 18:00:00+00:00,1.8,3.6,Baie-des-Sables wind farm
4608,2024-12-29 19:00:00+00:00,1.9,5.3,Baie-des-Sables wind farm
4609,2024-12-29 20:00:00+00:00,2.0,6.7,Baie-des-Sables wind farm
4610,2024-12-29 21:00:00+00:00,1.9,5.8,Baie-des-Sables wind farm
4611,2024-12-29 22:00:00+00:00,1.7,7.8,Baie-des-Sables wind farm
4612,2024-12-29 23:00:00+00:00,2.0,11.3,Baie-des-Sables wind farm
4613,2024-12-30 00:00:00+00:00,2.3,15.8,Baie-des-Sables wind farm
4614,2024-12-30 01:00:00+00:00,2.7,17.5,Baie-des-Sables wind farm
4615,2024-12-30 02:00:00+00:00,3.0,19.7,Baie-des-Sables wind farm
4616,2024-12-30 03:00:00+00:00,3.4,14.8,Baie-des-Sables wind farm
4617,2024-12-30 04:00:00+00:00,3.2,12.0,Baie-des-Sables wind farm
4618,2024-12-30 05:00:00+00:00,3.3,14.9,Baie-des-Sables wind farm
4619,2024-12-30 06:00:00+00:00,3.2,16.1,Baie-des-Sables wind farm
4620,2024-12-30 07:00:00+00:00,3.4,18.4,Baie-des-Sables wind farm
4621,2024-12-30 08:00:00+00:00,3.7,16.6,Baie-des-Sables wind farm
4622,2024-12-30 09:00:00+00:00,3.9,17.0,Baie-des-Sables wind farm
4623,2024-12-30 10:00:00+00:00,4.8,19.3,Baie-des-Sables wind farm
4624,2024-12-30 11:00:00+00:00,5.7,22.5,Baie-des-Sables wind farm
4625,2024-12-30 12:00:00+00:00,5.9,24.1,Baie-des-Sables wind farm
4626,2024-12-30 13:00:00+00:00,5.2,23.1,Baie-des-Sables wind farm
4627,2024-12-30 14:00:00+00:00,5.5,23.6,Baie-des-Sables wind farm
4628,2024-12-30 15:00:00+00:00,5.9,23.8,Baie-des-Sables wind farm
4629,2024-12-30 16:00:00+00:00,6.2,24.7,Baie-des-Sables wind farm
4630,2024-12-30 17:00:00+00:00,6.3,27.4,Baie-des-Sables wind farm
4631,2024-12-30 18:00:00+00:00,6.2,29.5,Baie-des-Sables wind farm
4632,2024-12-30 19:00:00+00:00,6.2,28.6,Baie-des-Sables wind farm
4633,2024-12-30 20:00:00+00:00,6.9,30.5,Baie-des-Sables wind farm
4634,2024-12-30 21:00:00+00:00,7.2,29.2,Baie-des-Sables wind farm
4635,2024-12-30 22:00:00+00:00,7.2,25.9,Baie-des-Sables wind farm
4636,2024-12-30 23:00:00+00:00,7.0,18.8,Baie-des-Sables wind farm
4637,2024-12-31 00:00:00+00:00,6.4,13.1,Baie-des-Sables wind farm
4638,2024-12-31 01:00:00+00:00,5.4,13.5,Baie-des-Sables wind farm
4639,2024-12-31 02:00:00+00:00,5.0,15.5,Baie-des-Sables wind farm
4640,2024-12-31 03:00:00+00:00,4.4,14.9,Baie-des-Sables wind farm
4641,2024-12-31 04:00:00+00:00,4.1,14.7,Baie-des-Sables wind farm
4642,2024-12-31 05:00:00+00:00,3.9,14.6,Baie-des-Sables wind farm
4643,2024-12-31 06:00:00+00:00,2.9,14.5,Baie-des-Sables wind farm
4644,2024-12-31 07:00:00+00:00,2.4,16.0,Baie-des-Sables wind farm
4645,2024-12-31 08:00:00+00:00,3.5,16.7,Baie-des-Sables wind farm
4646,2024-12-31 09:00:00+00:00,4.3,17.0,Baie-des-Sables wind farm
4647,2024-12-31 10:00:00+00:00,5.3,16.9,Baie-des-Sables wind farm
4648,2024-12-31 11:00:00+00:00,5.7,18.4,Baie-des-Sables wind farm
4649,2024-12-31 12:00:00+00:00,6.0,18.8,Baie-des-Sables wind farm
4650,2024-12-31 13:00:00+00:00,5.6,19.0,Baie-des-Sables wind farm
4651,2024-12-31 14:00:00+00:00,4.7,15.7,Baie-des-Sables wind farm
4652,2024-12-31 15:00:00+00:00,4.2,15.7,Baie-des-Sables wind farm
4653,2024-12-31 16:00:00+00:00,3.0,16.3,Baie-des-Sables wind farm
4654,2024-12-31 17:00:00+00:00,2.4,14.6,Baie-des-Sables wind farm
4655,2024-12-31 18:00:00+00:00,1.9,12.8,Baie-des-Sables wind farm
4656,2024-12-31 19:00:00+00:00,2.2,12.3,Baie-des-Sables wind farm
4657,2024-12-31 20:00:00+00:00,1.9,13.5,Baie-des-Sables wind farm
4658,2024-12-31 21:00:00+00:00,1.4,13.6,Baie-des-Sables wind farm
4659,2024-12-31 22:00:00+00:00,0.9,12.7,Baie-des-Sables wind farm
4660,2024-12-31 23:00:00+00:00,0.3,11.8,Baie-des-Sables wind farm
4661,2025-01-01 00:00:00+00:00,-0.0,12.0,Baie-des-Sables wind farm
4662,2025-01-01 01:00:00+00:00,-0.4,10.5,Baie-des-Sables wind farm
4663,2025-01-01 02:00:00+00:00,-1.4,9.6,Baie-des-Sables wind farm
4664,2025-01-01 03:00:00+00:00,-2.1,9.1,Baie-des-Sables wind farm
4665,2025-01-01 04:00:00+00:00,-2.3,10.8,Baie-des-Sables wind farm
4666,2025-01-01 05:00:00+00:00,-1.9,11.2,Baie-des-Sables wind farm
4667,2025-01-01 06:00:00+00:00,-2.1,12.9,Baie-des-Sables wind farm
4668,2025-01-01 07:00:00+00:00,-1.5,12.3,Baie-des-Sables wind farm
4669,2025-01-01 08:00:00+00:00,-1.4,15.2,Baie-des-Sables wind farm
4670,2025-01-01 09:00:00+00:00,-0.0,16.4,Baie-des-Sables wind farm
4671,2025-01-01 10:00:00+00:00,1.6,14.0,Baie-des-Sables wind farm
4672,2025-01-01 11:00:00+00:00,2.3,13.0,Baie-des-Sables wind farm
4673,2025-01-01 12:00:00+00:00,3.0,12.1,Baie-des-Sables wind farm
4674,2025-01-01 13:00:00+00:00,2.8,12.3,Baie-des-Sables wind farm
4675,2025-01-01 14:00:00+00:00,2.3,12.3,Baie-des-Sables wind farm
4676,2025-01-01 15:00:00+00:00,1.8,12.4,Baie-des-Sables wind farm
4677,2025-01-01 16:00:00+00:00,1.7,11.4,Baie-des-Sables wind farm
4678,2025-01-01 17:00:00+00:00,1.7,12.3,Baie-des-Sables wind farm
4679,2025-01-01 18:00:00+00:00,1.5,11.5,Baie-des-Sables wind farm
4680,2025-01-01 19:00:00+00:00,1.1,14.6,Baie-des-Sables wind farm
4681,2025-01-01 20:00:00+00:00,0.9,15.3,Baie-des-Sables wind farm
4682,2025-01-01 21:00:00+00:00,1.2,16.6,Baie-des-Sables wind farm
4683,2025-01-01 22:00:00+00:00,1.4,16.4,Baie-des-Sables wind farm
4684,2025-01-01 23:00:00+00:00,1.3,18.3,Baie-des-Sables wind farm
4685,2025-01-02 00:00:00+00:00,0.8,17.5,Baie-des-Sables wind farm
4686,2025-01-02 01:00:00+00:00,0.5,18.6,Baie-des-Sables wind farm
4687,2025-01-02 02:00:00+00:00,0.5,19.2,Baie-des-Sables wind farm
4688,2025-01-02 03:00:00+00:00,0.5,20.1,Baie-des-Sables wind farm
4689,2025-01-02 04:00:00+00:00,0.5,18.1,Baie-des-Sables wind farm
4690,2025-01-02 05:00:00+00:00,0.5,15.0,Baie-des-Sables wind farm
4691,2025-01-02 06:00:00+00:00,0.5,13.0,Baie-des-Sables wind farm
4692,2025-01-02 07:00:00+00:00,0.6,10.4,Baie-des-Sables wind farm
4693,2025-01-02 08:00:00+00:00,0.3,1.3,Baie-des-Sables wind farm
4694,2025-01-02 09:00:00+00:00,0.7,1.5,Baie-des-Sables wind farm
4695,2025-01-02 10:00:00+00:00,0.8,2.1,Baie-des-Sables wind farm
4696,2025-01-02 11:00:00+00:00,1.1,6.9,Baie-des-Sables wind farm
4697,2025-01-02 12:00:00+00:00,1.0,8.4,Baie-des-Sables wind farm
4698,2025-01-02 13:00:00+00:00,0.6,11.6,Baie-des-Sables wind farm
4699,2025-01-02 14:00:00+00:00,0.3,13.7,Baie-des-Sables wind farm
4700,2025-01-02 15:00:00+00:00,0.2,12.9,Baie-des-Sables wind farm
4701,2025-01-02 16:00:00+00:00,0.2,15.2,Baie-des-Sables wind farm
4702,2025-01-02 17:00:00+00:00,0.4,15.1,Baie-des-Sables wind farm
4703,2025-01-02 18:00:00+00:00,0.5,14.9,Baie-des-Sables wind farm
4704,2025-01-02 19:00:00+00:00,0.6,16.6,Baie-des-Sables wind farm
4705,2025-01-02 20:00:00+00:00,-0.0,20.8,Baie-des-Sables wind farm
4706,2025-01-02 21:00:00+00:00,-1.2,21.9,Baie-des-Sables wind farm
4707,2025-01-02 22:00:00+00:00,-1.9,21.8,Baie-des-Sables wind farm
4708,2025-01-02 23:00:00+00:00,-2.2,22.2,Baie-des-Sables wind farm
4709,2025-01-03 00:00:00+00:00,-2.5,23.9,Baie-des-Sables wind farm
4710,2025-01-03 01:00:00+00:00,-2.8,25.4,Baie-des-Sables wind farm
4711,2025-01-03 02:00:00+00:00,-3.0,25.9,Baie-des-Sables wind farm
4712,2025-01-03 03:00:00+00:00,-3.4,26.1,Baie-des-Sables wind farm
4713,2025-01-03 04:00:00+00:00,-3.9,26.9,Baie-des-Sables wind farm
4714,2025-01-03 05:00:00+00:00,-4.5,28.0,Baie-des-Sables wind farm
4715,2025-01-03 06:00:00+00:00,-5.0,29.3,Baie-des-Sables wind farm
4716,2025-01-03 07:00:00+00:00,-5.5,30.0,Baie-des-Sables wind farm
4717,2025-01-03 08:00:00+00:00,-6.6,29.9,Baie-des-Sables wind farm
4718,2025-01-03 09:00:00+00:00,-6.9,28.8,Baie-des-Sables wind farm
4719,2025-01-03 10:00:00+00:00,-7.1,26.6,Baie-des-Sables wind farm
4720,2025-01-03 11:00:00+00:00,-7.3,26.7,Baie-des-Sables wind farm
4721,2025-01-03 12:00:00+00:00,-7.3,27.6,Baie-des-Sables wind farm
4722,2025-01-03 13:00:00+00:00,-7.8,24.6,Baie-des-Sables wind farm
4723,2025-01-03 14:00:00+00:00,-8.1,25.1,Baie-des-Sables wind farm
4724,2025-01-03 15:00:00+00:00,-8.4,25.0,Baie-des-Sables wind farm
4725,2025-01-03 16:00:00+00:00,-8.6,27.3,Baie-des-Sables wind farm
4726,2025-01-03 17:00:00+00:00,-8.7,27.1,Baie-des-Sables wind farm
4727,2025-01-03 18:00:00+00:00,-8.8,27.2,Baie-des-Sables wind farm
4728,2025-01-03 19:00:00+00:00,-8.7,26.9,Baie-des-Sables wind farm
4729,2025-01-03 20:00:00+00:00,-9.2,24.7,Baie-des-Sables wind farm
4730,2025-01-03 21:00:00+00:00,-9.1,24.6,Baie-des-Sables wind farm
4731,2025-01-03 22:00:00+00:00,-9.0,22.6,Baie-des-Sables wind farm
4732,2025-01-03 23:00:00+00:00,-9.0,22.2,Baie-des-Sables wind farm
4733,2025-01-04 00:00:00+00:00,-9.2,22.8,Baie-des-Sables wind farm
4734,2025-01-04 01:00:00+00:00,-9.4,23.6,Baie-des-Sables wind farm
4735,2025-01-04 02:00:00+00:00,-9.6,23.1,Baie-des-Sables wind farm
4736,2025-01-04 03:00:00+00:00,-9.8,21.9,Baie-des-Sables wind farm
4737,2025-01-04 04:00:00+00:00,-10.2,21.6,Baie-des-Sables wind farm
4738,2025-01-04 05:00:00+00:00,-10.6,21.6,Baie-des-Sables wind farm
4739,2025-01-04 06:00:00+00:00,-10.9,21.6,Baie-des-Sables wind farm
4740,2025-01-04 07:00:00+00:00,-11.2,20.9,Baie-des-Sables wind farm
4741,2025-01-04 08:00:00+00:00,-11.6,21.6,Baie-des-Sables wind farm
4742,2025-01-04 09:00:00+00:00,-11.7,22.7,Baie-des-Sables wind farm
4743,2025-01-04 10:00:00+00:00,-11.7,22.3,Baie-des-Sables wind farm
4744,2025-01-04 11:00:00+00:00,-11.6,23.0,Baie-des-Sables wind farm
4745,2025-01-04 12:00:00+00:00,-11.6,23.3,Baie-des-Sables wind farm
4746,2025-01-04 13:00:00+00:00,-11.5,22.4,Baie-des-Sables wind farm
4747,2025-01-04 14:00:00+00:00,-11.5,21.6,Baie-des-Sables wind farm
4748,2025-01-04 15:00:00+00:00,-11.7,18.9,Baie-des-Sables wind farm
4749,2025-01-04 16:00:00+00:00,-11.8,18.0,Baie-des-Sables wind farm
4750,2025-01-04 17:00:00+00:00,-11.9,17.5,Baie-des-Sables wind farm
4751,2025-01-04 18:00:00+00:00,-11.8,16.5,Baie-des-Sables wind farm
4752,2025-01-04 19:00:00+00:00,-11.7,17.4,Baie-des-Sables wind farm
4753,2025-01-04 20:00:00+00:00,-12.3,19.7,Baie-des-Sables wind farm
4754,2025-01-04 21:00:00+00:00,-12.6,17.1,Baie-des-Sables wind farm
4755,2025-01-04 22:00:00+00:00,-12.7,17.8,Baie-des-Sables wind farm
4756,2025-01-04 23:00:00+00:00,-12.9,17.5,Baie-des-Sables wind farm
4757,2025-01-05 00:00:00+00:00,-13.2,16.4,Baie-des-Sables wind farm
4758,2025-01-05 01:00:00+00:00,-13.2,17.2,Baie-des-Sables wind farm
4759,2025-01-05 02:00:00+00:00,-13.2,17.6,Baie-des-Sables wind farm
4760,2025-01-05 03:00:00+00:00,-13.2,15.6,Baie-des-Sables wind farm
4761,2025-01-05 04:00:00+00:00,-13.2,15.9,Baie-des-Sables wind farm
4762,2025-01-05 05:00:00+00:00,-13.2,15.0,Baie-des-Sables wind farm
4763,2025-01-05 06:00:00+00:00,-13.2,15.7,Baie-des-Sables wind farm
4764,2025-01-05 07:00:00+00:00,-13.3,15.9,Baie-des-Sables wind farm
4765,2025-01-05 08:00:00+00:00,-13.3,16.4,Baie-des-Sables wind farm
4766,2025-01-05 09:00:00+00:00,-13.0,18.7,Baie-des-Sables wind farm
4767,2025-01-05 10:00:00+00:00,-12.8,18.2,Baie-des-Sables wind farm
4768,2025-01-05 11:00:00+00:00,-12.6,18.9,Baie-des-Sables wind farm
4769,2025-01-05 12:00:00+00:00,-12.4,19.4,Baie-des-Sables wind farm
4770,2025-01-05 13:00:00+00:00,-11.7,20.8,Baie-des-Sables wind farm
4771,2025-01-05 14:00:00+00:00,-11.2,22.3,Baie-des-Sables wind farm
4772,2025-01-05 15:00:00+00:00,-10.7,21.6,Baie-des-Sables wind farm
4773,2025-01-05 16:00:00+00:00,-10.2,21.5,Baie-des-Sables wind farm
4774,2025-01-05 17:00:00+00:00,-9.8,22.0,Baie-des-Sables wind farm
4775,2025-01-05 18:00:00+00:00,-9.6,21.8,Baie-des-Sables wind farm
4776,2025-01-05 19:00:00+00:00,-9.3,21.8,Baie-des-Sables wind farm
4777,2025-01-05 20:00:00+00:00,-10.3,24.7,Baie-des-Sables wind farm
4778,2025-01-05 21:00:00+00:00,-10.4,23.6,Baie-des-Sables wind farm
4779,2025-01-05 22:00:00+00:00,-10.3,23.4,Baie-des-Sables wind farm
4780,2025-01-05 23:00:00+00:00,-10.0,21.7,Baie-des-Sables wind farm
4781,2025-01-06 00:00:00+00:00,-9.5,22.8,Baie-des-Sables wind farm
4782,2025-01-06 01:00:00+00:00,-9.6,23.9,Baie-des-Sables wind farm
4783,2025-01-06 02:00:00+00:00,-10.3,22.9,Baie-des-Sables wind farm
4784,2025-01-06 03:00:00+00:00,-10.2,24.3,Baie-des-Sables wind farm
4785,2025-01-06 04:00:00+00:00,-10.3,24.4,Baie-des-Sables wind farm
4786,2025-01-06 05:00:00+00:00,-10.4,25.0,Baie-des-Sables wind farm
4787,2025-01-06 06:00:00+00:00,-10.3,25.3,Baie-des-Sables wind farm
4788,2025-01-06 07:00:00+00:00,-10.0,23.8,Baie-des-Sables wind farm
4789,2025-01-06 08:00:00+00:00,-8.7,24.1,Baie-des-Sables wind farm
4790,2025-01-06 09:00:00+00:00,-8.1,23.6,Baie-des-Sables wind farm
4791,2025-01-06 10:00:00+00:00,-7.6,20.1,Baie-des-Sables wind farm
4792,2025-01-06 11:00:00+00:00,-6.9,19.2,Baie-des-Sables wind farm
4793,2025-01-06 12:00:00+00:00,-6.1,17.4,Baie-des-Sables wind farm
4794,2025-01-06 13:00:00+00:00,-5.9,17.2,Baie-des-Sables wind farm
4795,2025-01-06 14:00:00+00:00,-6.1,19.1,Baie-des-Sables wind farm
4796,2025-01-06 15:00:00+00:00,-6.0,20.6,Baie-des-Sables wind farm
4797,2025-01-06 16:00:00+00:00,-5.7,20.3,Baie-des-Sables wind farm
4798,2025-01-06 17:00:00+00:00,-4.9,18.6,Baie-des-Sables wind farm
4799,2025-01-06 18:00:00+00:00,-4.0,15.9,Baie-des-Sables wind farm
4800,2025-01-06 19:00:00+00:00,-3.5,16.2,Baie-des-Sables wind farm
4801,2025-01-06 20:00:00+00:00,-4.9,17.7,Baie-des-Sables wind farm
4802,2025-01-06 21:00:00+00:00,-4.8,17.0,Baie-des-Sables wind farm
4803,2025-01-06 22:00:00+00:00,-4.6,15.2,Baie-des-Sables wind farm
4804,2025-01-06 23:00:00+00:00,-4.4,13.5,Baie-des-Sables wind farm
4805,2025-01-07 00:00:00+00:00,-4.3,12.8,Baie-des-Sables wind farm
4806,2025-01-07 01:00:00+00:00,-4.2,13.0,Baie-des-Sables wind farm
4807,2025-01-07 02:00:00+00:00,-3.9,11.5,Baie-des-Sables wind farm
4808,2025-01-07 03:00:00+00:00,-3.6,10.5,Baie-des-Sables wind farm
4809,2025-01-07 04:00:00+00:00,-3.4,10.0,Baie-des-Sables wind farm
4810,2025-01-07 05:00:00+00:00,-3.2,9.1,Baie-des-Sables wind farm
4811,2025-01-07 06:00:00+00:00,-2.9,7.6,Baie-des-Sables wind farm
4812,2025-01-07 07:00:00+00:00,-2.6,6.5,Baie-des-Sables wind farm
4813,2025-01-07 08:00:00+00:00,-4.2,9.5,Baie-des-Sables wind farm
4814,2025-01-07 09:00:00+00:00,-3.0,7.7,Baie-des-Sables wind farm
4815,2025-01-07 10:00:00+00:00,-1.8,9.7,Baie-des-Sables wind farm
4816,2025-01-07 11:00:00+00:00,-1.2,9.7,Baie-des-Sables wind farm
4817,2025-01-07 12:00:00+00:00,-1.1,8.7,Baie-des-Sables wind farm
4818,2025-01-07 13:00:00+00:00,-1.1,8.6,Baie-des-Sables wind farm
4819,2025-01-07 14:00:00+00:00,-1.2,8.8,Baie-des-Sables wind farm
4820,2025-01-07 15:00:00+00:00,-1.0,10.3,Baie-des-Sables wind farm
4821,2025-01-07 16:00:00+00:00,-1.3,11.9,Baie-des-Sables wind farm
4822,2025-01-07 17:00:00+00:00,-1.2,11.7,Baie-des-Sables wind farm
4823,2025-01-07 18:00:00+00:00,-0.8,12.7,Baie-des-Sables wind farm
4824,2025-01-07 19:00:00+00:00,-1.6,18.1,Baie-des-Sables wind farm
4825,2025-01-07 20:00:00+00:00,-0.8,21.4,Baie-des-Sables wind farm
4826,2025-01-07 21:00:00+00:00,-1.5,22.5,Baie-des-Sables wind farm
4827,2025-01-07 22:00:00+00:00,-2.2,22.4,Baie-des-Sables wind farm
4828,2025-01-07 23:00:00+00:00,-2.5,21.6,Baie-des-Sables wind farm
4829,2025-01-08 00:00:00+00:00,-2.5,21.2,Baie-des-Sables wind farm
4830,2025-01-08 01:00:00+00:00,-2.5,21.5,Baie-des-Sables wind farm
4831,2025-01-08 02:00:00+00:00,-2.5,22.4,Baie-des-Sables wind farm
4832,2025-01-08 03:00:00+00:00,-2.7,23.2,Baie-des-Sables wind farm
4833,2025-01-08 04:00:00+00:00,-2.9,24.2,Baie-des-Sables wind farm
4834,2025-01-08 05:00:00+00:00,-3.0,23.7,Baie-des-Sables wind farm
4835,2025-01-08 06:00:00+00:00,-2.9,22.3,Baie-des-Sables wind farm
4836,2025-01-08 07:00:00+00:00,-2.7,21.0,Baie-des-Sables wind farm
4837,2025-01-08 08:00:00+00:00,-3.6,22.2,Baie-des-Sables wind farm
4838,2025-01-08 09:00:00+00:00,-4.0,21.2,Baie-des-Sables wind farm
4839,2025-01-08 10:00:00+00:00,-3.5,25.3,Baie-des-Sables wind farm
4840,2025-01-08 11:00:00+00:00,-2.4,24.7,Baie-des-Sables wind farm
4841,2025-01-08 12:00:00+00:00,-2.9,21.4,Baie-des-Sables wind farm
4842,2025-01-08 13:00:00+00:00,-2.1,20.0,Baie-des-Sables wind farm
4843,2025-01-08 14:00:00+00:00,-0.9,15.2,Baie-des-Sables wind farm
4844,2025-01-08 15:00:00+00:00,0.1,11.9,Baie-des-Sables wind farm
4845,2025-01-08 16:00:00+00:00,0.3,12.6,Baie-des-Sables wind farm
4846,2025-01-08 17:00:00+00:00,0.6,14.1,Baie-des-Sables wind farm
4847,2025-01-08 18:00:00+00:00,1.0,13.8,Baie-des-Sables wind farm
4848,2025-01-08 19:00:00+00:00,1.0,13.3,Baie-des-Sables wind farm
4849,2025-01-08 20:00:00+00:00,0.1,15.0,Baie-des-Sables wind farm
4850,2025-01-08 21:00:00+00:00,0.3,13.3,Baie-des-Sables wind farm
4851,2025-01-08 22:00:00+00:00,0.1,11.1,Baie-des-Sables wind farm
4852,2025-01-08 23:00:00+00:00,-0.1,10.3,Baie-des-Sables wind farm
4853,2025-01-09 00:00:00+00:00,-0.2,11.5,Baie-des-Sables wind farm
4854,2025-01-09 01:00:00+00:00,-0.0,13.9,Baie-des-Sables wind farm
4855,2025-01-09 02:00:00+00:00,0.0,15.3,Baie-des-Sables wind farm
4856,2025-01-09 03:00:00+00:00,0.0,15.3,Baie-des-Sables wind farm
4857,2025-01-09 04:00:00+00:00,0.2,16.1,Baie-des-Sables wind farm
4858,2025-01-09 05:00:00+00:00,0.4,16.6,Baie-des-Sables wind farm
4859,2025-01-09 06:00:00+00:00,0.7,17.1,Baie-des-Sables wind farm
4860,2025-01-09 07:00:00+00:00,0.9,16.5,Baie-des-Sables wind farm
4861,2025-01-09 08:00:00+00:00,0.3,19.3,Baie-des-Sables wind farm
4862,2025-01-09 09:00:00+00:00,0.4,17.0,Baie-des-Sables wind farm
4863,2025-01-09 10:00:00+00:00,0.8,14.2,Baie-des-Sables wind farm
4864,2025-01-09 11:00:00+00:00,1.2,13.0,Baie-des-Sables wind farm
4865,2025-01-09 12:00:00+00:00,1.5,13.1,Baie-des-Sables wind farm
4866,2025-01-09 13:00:00+00:00,1.8,11.1,Baie-des-Sables wind farm
4867,2025-01-09 14:00:00+00:00,2.0,12.3,Baie-des-Sables wind farm
4868,2025-01-09 15:00:00+00:00,2.2,13.0,Baie-des-Sables wind farm
4869,2025-01-09 16:00:00+00:00,2.2,15.7,Baie-des-Sables wind farm
4870,2025-01-09 17:00:00+00:00,2.1,17.7,Baie-des-Sables wind farm
4871,2025-01-09 18:00:00+00:00,2.1,18.8,Baie-des-Sables wind farm
4872,2025-01-09 19:00:00+00:00,2.0,19.9,Baie-des-Sables wind farm
4873,2025-01-09 20:00:00+00:00,1.6,19.9,Baie-des-Sables wind farm
4874,2025-01-09 21:00:00+00:00,1.5,20.1,Baie-des-Sables wind farm
4875,2025-01-09 22:00:00+00:00,1.0,19.6,Baie-des-Sables wind farm
4876,2025-01-09 23:00:00+00:00,0.8,19.1,Baie-des-Sables wind farm
4877,2025-01-10 00:00:00+00:00,0.5,17.5,Baie-des-Sables wind farm
4878,2025-01-10 01:00:00+00:00,0.1,15.3,Baie-des-Sables wind farm
4879,2025-01-10 02:00:00+00:00,-0.2,17.2,Baie-des-Sables wind farm
4880,2025-01-10 03:00:00+00:00,-0.4,18.0,Baie-des-Sables wind farm
4881,2025-01-10 04:00:00+00:00,-0.5,17.8,Baie-des-Sables wind farm
4882,2025-01-10 05:00:00+00:00,-0.6,18.4,Baie-des-Sables wind farm
4883,2025-01-10 06:00:00+00:00,-0.9,19.6,Baie-des-Sables wind farm
4884,2025-01-10 07:00:00+00:00,-1.5,16.8,Baie-des-Sables wind farm
4885,2025-01-10 08:00:00+00:00,-2.6,15.4,Baie-des-Sables wind farm
4886,2025-01-10 09:00:00+00:00,-2.1,15.4,Baie-des-Sables wind farm
4887,2025-01-10 10:00:00+00:00,-1.7,14.6,Baie-des-Sables wind farm
4888,2025-01-10 11:00:00+00:00,-1.4,12.0,Baie-des-Sables wind farm
4889,2025-01-10 12:00:00+00:00,-1.0,9.7,Baie-des-Sables wind farm
4890,2025-01-10 13:00:00+00:00,-0.8,8.5,Baie-des-Sables wind farm
4891,2025-01-10 14:00:00+00:00,-1.0,5.5,Baie-des-Sables wind farm
4892,2025-01-10 15:00:00+00:00,-2.5,5.1,Baie-des-Sables wind farm
4893,2025-01-10 16:00:00+00:00,-4.5,7.3,Baie-des-Sables wind farm
4894,2025-01-10 17:00:00+00:00,-4.7,6.4,Baie-des-Sables wind farm
4895,2025-01-10 18:00:00+00:00,-4.0,5.7,Baie-des-Sables wind farm
4896,2025-01-10 19:00:00+00:00,-4.3,4.3,Baie-des-Sables wind farm
4897,2025-01-10 20:00:00+00:00,-6.2,7.8,Baie-des-Sables wind farm
4898,2025-01-10 21:00:00+00:00,-6.8,6.4,Baie-des-Sables wind farm
4899,2025-01-10 22:00:00+00:00,-7.6,5.1,Baie-des-Sables wind farm
4900,2025-01-10 23:00:00+00:00,-8.6,2.8,Baie-des-Sables wind farm
4901,2025-01-11 00:00:00+00:00,-9.8,5.2,Baie-des-Sables wind farm
4902,2025-01-11 01:00:00+00:00,-11.1,4.2,Baie-des-Sables wind farm
4903,2025-01-11 02:00:00+00:00,-11.9,2.5,Baie-des-Sables wind farm
4904,2025-01-11 03:00:00+00:00,-12.1,5.0,Baie-des-Sables wind farm
4905,2025-01-11 04:00:00+00:00,-8.9,6.2,Baie-des-Sables wind farm
4906,2025-01-11 05:00:00+00:00,-8.3,0.4,Baie-des-Sables wind farm
4907,2025-01-11 06:00:00+00:00,-7.4,6.0,Baie-des-Sables wind farm
4908,2025-01-11 07:00:00+00:00,-7.0,5.9,Baie-des-Sables wind farm
4909,2025-01-11 08:00:00+00:00,-5.8,4.5,Baie-des-Sables wind farm
4910,2025-01-11 09:00:00+00:00,-4.8,4.3,Baie-des-Sables wind farm
4911,2025-01-11 10:00:00+00:00,-4.2,4.4,Baie-des-Sables wind farm
4912,2025-01-11 11:00:00+00:00,-3.9,5.7,Baie-des-Sables wind farm
4913,2025-01-11 12:00:00+00:00,-3.9,6.2,Baie-des-Sables wind farm
4914,2025-01-11 13:00:00+00:00,-3.8,7.9,Baie-des-Sables wind farm
4915,2025-01-11 14:00:00+00:00,-4.1,9.2,Baie-des-Sables wind farm
4916,2025-01-11 15:00:00+00:00,-4.3,10.5,Baie-des-Sables wind farm
4917,2025-01-11 16:00:00+00:00,-4.8,10.2,Baie-des-Sables wind farm
4918,2025-01-11 17:00:00+00:00,-5.5,8.7,Baie-des-Sables wind farm
4919,2025-01-11 18:00:00+00:00,-6.0,5.5,Baie-des-Sables wind farm
4920,2025-01-11 19:00:00+00:00,-6.1,4.2,Baie-des-Sables wind farm
4921,2025-01-11 20:00:00+00:00,-6.1,3.7,Baie-des-Sables wind farm
4922,2025-01-11 21:00:00+00:00,-6.7,4.4,Baie-des-Sables wind farm
4923,2025-01-11 22:00:00+00:00,-6.8,4.9,Baie-des-Sables wind farm
4924,2025-01-11 23:00:00+00:00,-6.6,5.8,Baie-des-Sables wind farm
4925,2025-01-12 00:00:00+00:00,-6.7,6.3,Baie-des-Sables wind farm
4926,2025-01-12 01:00:00+00:00,-6.9,7.2,Baie-des-Sables wind farm
4927,2025-01-12 02:00:00+00:00,-8.6,5.3,Baie-des-Sables wind farm
4928,2025-01-12 03:00:00+00:00,-10.0,5.8,Baie-des-Sables wind farm
4929,2025-01-12 04:00:00+00:00,-10.8,7.0,Baie-des-Sables wind farm
4930,2025-01-12 05:00:00+00:00,-11.4,7.0,Baie-des-Sables wind farm
4931,2025-01-12 06:00:00+00:00,-11.8,7.5,Baie-des-Sables wind farm
4932,2025-01-12 07:00:00+00:00,-10.0,8.2,Baie-des-Sables wind farm
4933,2025-01-12 08:00:00+00:00,-10.8,7.0,Baie-des-Sables wind farm
4934,2025-01-12 09:00:00+00:00,-7.7,10.1,Baie-des-Sables wind farm
4935,2025-01-12 10:00:00+00:00,-7.1,10.8,Baie-des-Sables wind farm
4936,2025-01-12 11:00:00+00:00,-6.9,11.1,Baie-des-Sables wind farm
4937,2025-01-12 12:00:00+00:00,-6.8,10.3,Baie-des-Sables wind farm
4938,2025-01-12 13:00:00+00:00,-6.7,10.2,Baie-des-Sables wind farm
4939,2025-01-12 14:00:00+00:00,-6.8,11.6,Baie-des-Sables wind farm
4940,2025-01-12 15:00:00+00:00,-7.5,9.6,Baie-des-Sables wind farm
4941,2025-01-12 16:00:00+00:00,-9.2,9.7,Baie-des-Sables wind farm
4942,2025-01-12 17:00:00+00:00,-9.8,10.1,Baie-des-Sables wind farm
4943,2025-01-12 18:00:00+00:00,-10.0,11.0,Baie-des-Sables wind farm
4944,2025-01-12 19:00:00+00:00,-9.5,11.9,Baie-des-Sables wind farm
4945,2025-01-12 20:00:00+00:00,-8.2,10.2,Baie-des-Sables wind farm
4946,2025-01-12 21:00:00+00:00,-7.5,9.9,Baie-des-Sables wind farm
4947,2025-01-12 22:00:00+00:00,-7.4,9.4,Baie-des-Sables wind farm
4948,2025-01-12 23:00:00+00:00,-8.0,10.2,Baie-des-Sables wind farm
4949,2025-01-13 00:00:00+00:00,-8.8,10.5,Baie-des-Sables wind farm
4950,2025-01-13 01:00:00+00:00,-9.6,10.0,Baie-des-Sables wind farm
4951,2025-01-13 02:00:00+00:00,-9.5,11.0,Baie-des-Sables wind farm
4952,2025-01-13 03:00:00+00:00,-9.5,11.7,Baie-des-Sables wind farm
4953,2025-01-13 04:00:00+00:00,-9.5,11.8,Baie-des-Sables wind farm
4954,2025-01-13 05:00:00+00:00,-9.7,10.7,Baie-des-Sables wind farm
4955,2025-01-13 06:00:00+00:00,-10.0,10.1,Baie-des-Sables wind farm
4956,2025-01-13 07:00:00+00:00,-10.3,9.9,Baie-des-Sables wind farm
4957,2025-01-13 08:00:00+00:00,-10.6,8.6,Baie-des-Sables wind farm
4958,2025-01-13 09:00:00+00:00,-9.7,7.3,Baie-des-Sables wind farm
4959,2025-01-13 10:00:00+00:00,-8.1,5.2,Baie-des-Sables wind farm
4960,2025-01-13 11:00:00+00:00,-6.8,6.2,Baie-des-Sables wind farm
4961,2025-01-13 12:00:00+00:00,-6.3,6.3,Baie-des-Sables wind farm
4962,2025-01-13 13:00:00+00:00,-6.1,4.9,Baie-des-Sables wind farm
4963,2025-01-13 14:00:00+00:00,-6.1,4.7,Baie-des-Sables wind farm
4964,2025-01-13 15:00:00+00:00,-6.4,3.4,Baie-des-Sables wind farm
4965,2025-01-13 16:00:00+00:00,-7.3,3.1,Baie-des-Sables wind farm
4966,2025-01-13 17:00:00+00:00,-8.8,1.9,Baie-des-Sables wind farm
4967,2025-01-13 18:00:00+00:00,-9.4,0.9,Baie-des-Sables wind farm
4968,2025-01-13 19:00:00+00:00,-9.3,3.3,Baie-des-Sables wind farm
4969,2025-01-13 20:00:00+00:00,-9.2,3.5,Baie-des-Sables wind farm
4970,2025-01-13 21:00:00+00:00,-9.2,5.4,Baie-des-Sables wind farm
4971,2025-01-13 22:00:00+00:00,-8.9,5.8,Baie-des-Sables wind farm
4972,2025-01-13 23:00:00+00:00,-9.1,5.1,Baie-des-Sables wind farm
4973,2025-01-14 00:00:00+00:00,-9.1,4.3,Baie-des-Sables wind farm
4974,2025-01-14 01:00:00+00:00,-9.1,3.9,Baie-des-Sables wind farm
4975,2025-01-14 02:00:00+00:00,-9.0,4.1,Baie-des-Sables wind farm
4976,2025-01-14 03:00:00+00:00,-8.9,4.8,Baie-des-Sables wind farm
4977,2025-01-14 04:00:00+00:00,-9.1,5.0,Baie-des-Sables wind farm
4978,2025-01-14 05:00:00+00:00,-9.2,5.6,Baie-des-Sables wind farm
4979,2025-01-14 06:00:00+00:00,-9.0,5.7,Baie-des-Sables wind farm
4980,2025-01-14 07:00:00+00:00,-9.0,6.4,Baie-des-Sables wind farm
4981,2025-01-14 08:00:00+00:00,-9.7,7.0,Baie-des-Sables wind farm
4982,2025-01-14 09:00:00+00:00,-8.1,5.2,Baie-des-Sables wind farm
4983,2025-01-14 10:00:00+00:00,-7.1,4.2,Baie-des-Sables wind farm
4984,2025-01-14 11:00:00+00:00,-6.2,5.5,Baie-des-Sables wind farm
4985,2025-01-14 12:00:00+00:00,-5.9,6.9,Baie-des-Sables wind farm
4986,2025-01-14 13:00:00+00:00,-5.9,8.0,Baie-des-Sables wind farm
4987,2025-01-14 14:00:00+00:00,-6.1,7.9,Baie-des-Sables wind farm
4988,2025-01-14 15:00:00+00:00,-6.5,7.3,Baie-des-Sables wind farm
4989,2025-01-14 16:00:00+00:00,-7.0,5.9,Baie-des-Sables wind farm
4990,2025-01-14 17:00:00+00:00,-7.3,6.7,Baie-des-Sables wind farm
4991,2025-01-14 18:00:00+00:00,-7.6,6.4,Baie-des-Sables wind farm
4992,2025-01-14 19:00:00+00:00,-7.6,7.6,Baie-des-Sables wind farm
4993,2025-01-14 20:00:00+00:00,-8.0,6.6,Baie-des-Sables wind farm
4994,2025-01-14 21:00:00+00:00,-8.0,4.3,Baie-des-Sables wind farm
4995,2025-01-14 22:00:00+00:00,-8.2,3.1,Baie-des-Sables wind farm
4996,2025-01-14 23:00:00+00:00,-10.0,2.7,Baie-des-Sables wind farm
4997,2025-01-15 00:00:00+00:00,-8.7,1.5,Baie-des-Sables wind farm
4998,2025-01-15 01:00:00+00:00,-7.9,0.8,Baie-des-Sables wind farm
4999,2025-01-15 02:00:00+00:00,-7.4,4.7,Baie-des-Sables wind farm
5000,2025-01-15 03:00:00+00:00,-6.6,9.6,Baie-des-Sables wind farm
5001,2025-01-15 04:00:00+00:00,-6.4,11.6,Baie-des-Sables wind farm
5002,2025-01-15 05:00:00+00:00,-6.7,12.9,Baie-des-Sables wind farm
5003,2025-01-15 06:00:00+00:00,-7.4,13.7,Baie-des-Sables wind farm
5004,2025-01-15 07:00:00+00:00,-8.1,11.5,Baie-des-Sables wind farm
5005,2025-01-15 08:00:00+00:00,-8.9,11.9,Baie-des-Sables wind farm
5006,2025-01-15 09:00:00+00:00,-9.1,14.8,Baie-des-Sables wind farm
5007,2025-01-15 10:00:00+00:00,-9.4,15.2,Baie-des-Sables wind farm
5008,2025-01-15 11:00:00+00:00,-9.5,14.6,Baie-des-Sables wind farm
5009,2025-01-15 12:00:00+00:00,-9.4,13.2,Baie-des-Sables wind farm
5010,2025-01-15 13:00:00+00:00,-9.3,13.5,Baie-des-Sables wind farm
5011,2025-01-15 14:00:00+00:00,-9.4,14.1,Baie-des-Sables wind farm
5012,2025-01-15 15:00:00+00:00,-9.5,13.3,Baie-des-Sables wind farm
5013,2025-01-15 16:00:00+00:00,-9.7,10.8,Baie-des-Sables wind farm
5014,2025-01-15 17:00:00+00:00,-9.9,12.1,Baie-des-Sables wind farm
5015,2025-01-15 18:00:00+00:00,-9.6,12.8,Baie-des-Sables wind farm
5016,2025-01-15 19:00:00+00:00,-9.7,12.4,Baie-des-Sables wind farm
5017,2025-01-15 20:00:00+00:00,-9.7,12.7,Baie-des-Sables wind farm
5018,2025-01-15 21:00:00+00:00,-9.9,11.0,Baie-des-Sables wind farm
5019,2025-01-15 22:00:00+00:00,-10.6,9.9,Baie-des-Sables wind farm
5020,2025-01-15 23:00:00+00:00,-11.9,8.4,Baie-des-Sables wind farm
5021,2025-01-16 00:00:00+00:00,-13.2,6.6,Baie-des-Sables wind farm
5022,2025-01-16 01:00:00+00:00,-14.0,7.0,Baie-des-Sables wind farm
5023,2025-01-16 02:00:00+00:00,-14.3,7.1,Baie-des-Sables wind farm
5024,2025-01-16 03:00:00+00:00,-13.4,6.9,Baie-des-Sables wind farm
5025,2025-01-16 04:00:00+00:00,-12.3,8.8,Baie-des-Sables wind farm
5026,2025-01-16 05:00:00+00:00,-11.7,8.5,Baie-des-Sables wind farm
5027,2025-01-16 06:00:00+00:00,-11.8,8.4,Baie-des-Sables wind farm
5028,2025-01-16 07:00:00+00:00,-11.8,8.6,Baie-des-Sables wind farm
5029,2025-01-16 08:00:00+00:00,-10.8,6.9,Baie-des-Sables wind farm
5030,2025-01-16 09:00:00+00:00,-9.6,8.1,Baie-des-Sables wind farm
5031,2025-01-16 10:00:00+00:00,-9.2,8.0,Baie-des-Sables wind farm
5032,2025-01-16 11:00:00+00:00,-8.9,7.4,Baie-des-Sables wind farm
5033,2025-01-16 12:00:00+00:00,-8.7,6.7,Baie-des-Sables wind farm
5034,2025-01-16 13:00:00+00:00,-8.6,6.8,Baie-des-Sables wind farm
5035,2025-01-16 14:00:00+00:00,-8.7,7.3,Baie-des-Sables wind farm
5036,2025-01-16 15:00:00+00:00,-9.0,6.0,Baie-des-Sables wind farm
5037,2025-01-16 16:00:00+00:00,-11.5,4.2,Baie-des-Sables wind farm
5038,2025-01-16 17:00:00+00:00,-13.1,4.9,Baie-des-Sables wind farm
5039,2025-01-16 18:00:00+00:00,-13.3,4.8,Baie-des-Sables wind farm
5040,2025-01-16 19:00:00+00:00,-14.2,6.8,Baie-des-Sables wind farm
5041,2025-01-16 20:00:00+00:00,-12.2,7.7,Baie-des-Sables wind farm
5042,2025-01-16 21:00:00+00:00,-11.6,9.7,Baie-des-Sables wind farm
5043,2025-01-16 22:00:00+00:00,-11.8,9.8,Baie-des-Sables wind farm
5044,2025-01-16 23:00:00+00:00,-12.7,10.4,Baie-des-Sables wind farm
5045,2025-01-17 00:00:00+00:00,-13.4,11.1,Baie-des-Sables wind farm
5046,2025-01-17 01:00:00+00:00,-13.9,11.3,Baie-des-Sables wind farm
5047,2025-01-17 02:00:00+00:00,-14.4,11.7,Baie-des-Sables wind farm
5048,2025-01-17 03:00:00+00:00,-14.7,11.8,Baie-des-Sables wind farm
5049,2025-01-17 04:00:00+00:00,-15.2,11.4,Baie-des-Sables wind farm
5050,2025-01-17 05:00:00+00:00,-15.9,11.1,Baie-des-Sables wind farm
5051,2025-01-17 06:00:00+00:00,-16.8,11.2,Baie-des-Sables wind farm
5052,2025-01-17 07:00:00+00:00,-17.0,11.6,Baie-des-Sables wind farm
5053,2025-01-17 08:00:00+00:00,-15.6,11.9,Baie-des-Sables wind farm
5054,2025-01-17 09:00:00+00:00,-13.3,10.5,Baie-des-Sables wind farm
5055,2025-01-17 10:00:00+00:00,-9.6,8.1,Baie-des-Sables wind farm
5056,2025-01-17 11:00:00+00:00,-6.9,3.6,Baie-des-Sables wind farm
5057,2025-01-17 12:00:00+00:00,-5.8,3.7,Baie-des-Sables wind farm
5058,2025-01-17 13:00:00+00:00,-5.5,5.8,Baie-des-Sables wind farm
5059,2025-01-17 14:00:00+00:00,-5.7,4.7,Baie-des-Sables wind farm
5060,2025-01-17 15:00:00+00:00,-6.9,3.6,Baie-des-Sables wind farm
5061,2025-01-17 16:00:00+00:00,-9.3,2.5,Baie-des-Sables wind farm
5062,2025-01-17 17:00:00+00:00,-10.8,0.9,Baie-des-Sables wind farm
5063,2025-01-17 18:00:00+00:00,-12.7,5.0,Baie-des-Sables wind farm
5064,2025-01-17 19:00:00+00:00,-14.8,8.4,Baie-des-Sables wind farm
5065,2025-01-17 20:00:00+00:00,-14.2,11.1,Baie-des-Sables wind farm
5066,2025-01-17 21:00:00+00:00,-12.5,12.2,Baie-des-Sables wind farm
5067,2025-01-17 22:00:00+00:00,-10.9,12.8,Baie-des-Sables wind farm
5068,2025-01-17 23:00:00+00:00,-9.9,15.5,Baie-des-Sables wind farm
5069,2025-01-18 00:00:00+00:00,-9.0,16.8,Baie-des-Sables wind farm
5070,2025-01-18 01:00:00+00:00,-8.5,16.9,Baie-des-Sables wind farm
5071,2025-01-18 02:00:00+00:00,-7.8,16.9,Baie-des-Sables wind farm
5072,2025-01-18 03:00:00+00:00,-7.4,17.3,Baie-des-Sables wind farm
5073,2025-01-18 04:00:00+00:00,-5.9,19.3,Baie-des-Sables wind farm
5074,2025-01-18 05:00:00+00:00,-5.4,21.0,Baie-des-Sables wind farm
5075,2025-01-18 06:00:00+00:00,-4.8,21.7,Baie-des-Sables wind farm
5076,2025-01-18 07:00:00+00:00,-4.0,23.8,Baie-des-Sables wind farm
5077,2025-01-18 08:00:00+00:00,-3.7,23.9,Baie-des-Sables wind farm
5078,2025-01-18 09:00:00+00:00,-3.3,22.6,Baie-des-Sables wind farm
5079,2025-01-18 10:00:00+00:00,-2.5,21.5,Baie-des-Sables wind farm
5080,2025-01-18 11:00:00+00:00,-1.6,26.2,Baie-des-Sables wind farm
5081,2025-01-18 12:00:00+00:00,-1.4,27.5,Baie-des-Sables wind farm
5082,2025-01-18 13:00:00+00:00,-0.9,31.8,Baie-des-Sables wind farm
5083,2025-01-18 14:00:00+00:00,0.6,31.0,Baie-des-Sables wind farm
5084,2025-01-18 15:00:00+00:00,1.1,26.1,Baie-des-Sables wind farm
5085,2025-01-18 16:00:00+00:00,1.6,18.6,Baie-des-Sables wind farm
5086,2025-01-18 17:00:00+00:00,1.9,17.3,Baie-des-Sables wind farm
5087,2025-01-18 18:00:00+00:00,2.1,19.9,Baie-des-Sables wind farm
5088,2025-01-18 19:00:00+00:00,2.2,20.8,Baie-des-Sables wind farm
5089,2025-01-18 20:00:00+00:00,1.7,20.4,Baie-des-Sables wind farm
5090,2025-01-18 21:00:00+00:00,1.9,22.0,Baie-des-Sables wind farm
5091,2025-01-18 22:00:00+00:00,2.0,23.3,Baie-des-Sables wind farm
5092,2025-01-18 23:00:00+00:00,2.1,22.9,Baie-des-Sables wind farm
5093,2025-01-19 00:00:00+00:00,2.1,20.1,Baie-des-Sables wind farm
5094,2025-01-19 01:00:00+00:00,2.1,17.0,Baie-des-Sables wind farm
5095,2025-01-19 02:00:00+00:00,1.9,14.0,Baie-des-Sables wind farm
5096,2025-01-19 03:00:00+00:00,1.3,9.4,Baie-des-Sables wind farm
5097,2025-01-19 04:00:00+00:00,0.6,13.8,Baie-des-Sables wind farm
5098,2025-01-19 05:00:00+00:00,-0.4,18.0,Baie-des-Sables wind farm
5099,2025-01-19 06:00:00+00:00,-3.1,17.7,Baie-des-Sables wind farm
5100,2025-01-19 07:00:00+00:00,-4.3,17.3,Baie-des-Sables wind farm
5101,2025-01-19 08:00:00+00:00,-5.6,19.2,Baie-des-Sables wind farm
5102,2025-01-19 09:00:00+00:00,-7.2,19.6,Baie-des-Sables wind farm
5103,2025-01-19 10:00:00+00:00,-8.4,19.8,Baie-des-Sables wind farm
5104,2025-01-19 11:00:00+00:00,-8.9,18.9,Baie-des-Sables wind farm
5105,2025-01-19 12:00:00+00:00,-9.0,18.2,Baie-des-Sables wind farm
5106,2025-01-19 13:00:00+00:00,-9.1,18.0,Baie-des-Sables wind farm
5107,2025-01-19 14:00:00+00:00,-9.3,17.0,Baie-des-Sables wind farm
5108,2025-01-19 15:00:00+00:00,-9.6,15.0,Baie-des-Sables wind farm
5109,2025-01-19 16:00:00+00:00,-10.0,14.6,Baie-des-Sables wind farm
5110,2025-01-19 17:00:00+00:00,-10.6,16.3,Baie-des-Sables wind farm
5111,2025-01-19 18:00:00+00:00,-11.3,14.7,Baie-des-Sables wind farm
5112,2025-01-19 19:00:00+00:00,-11.5,12.6,Baie-des-Sables wind farm
5113,2025-01-19 20:00:00+00:00,-12.7,13.9,Baie-des-Sables wind farm
5114,2025-01-19 21:00:00+00:00,-13.3,13.8,Baie-des-Sables wind farm
5115,2025-01-19 22:00:00+00:00,-12.9,14.7,Baie-des-Sables wind farm
5116,2025-01-19 23:00:00+00:00,-13.1,15.1,Baie-des-Sables wind farm
5117,2025-01-20 00:00:00+00:00,-13.2,13.4,Baie-des-Sables wind farm
5118,2025-01-20 01:00:00+00:00,-13.2,12.0,Baie-des-Sables wind farm
5119,2025-01-20 02:00:00+00:00,-13.4,13.2,Baie-des-Sables wind farm
5120,2025-01-20 03:00:00+00:00,-13.5,14.4,Baie-des-Sables wind farm
5121,2025-01-20 04:00:00+00:00,-13.6,14.8,Baie-des-Sables wind farm
5122,2025-01-20 05:00:00+00:00,-13.5,15.1,Baie-des-Sables wind farm
5123,2025-01-20 06:00:00+00:00,-13.6,16.6,Baie-des-Sables wind farm
5124,2025-01-20 07:00:00+00:00,-13.8,17.7,Baie-des-Sables wind farm
5125,2025-01-20 08:00:00+00:00,-13.7,20.7,Baie-des-Sables wind farm
5126,2025-01-20 09:00:00+00:00,-14.3,22.7,Baie-des-Sables wind farm
5127,2025-01-20 10:00:00+00:00,-14.7,22.6,Baie-des-Sables wind farm
5128,2025-01-20 11:00:00+00:00,-14.8,22.9,Baie-des-Sables wind farm
5129,2025-01-20 12:00:00+00:00,-15.0,24.0,Baie-des-Sables wind farm
5130,2025-01-20 13:00:00+00:00,-15.1,25.3,Baie-des-Sables wind farm
5131,2025-01-20 14:00:00+00:00,-15.3,25.8,Baie-des-Sables wind farm
5132,2025-01-20 15:00:00+00:00,-15.5,25.7,Baie-des-Sables wind farm
5133,2025-01-20 16:00:00+00:00,-15.8,25.0,Baie-des-Sables wind farm
5134,2025-01-20 17:00:00+00:00,-16.2,25.9,Baie-des-Sables wind farm
5135,2025-01-20 18:00:00+00:00,-16.8,25.8,Baie-des-Sables wind farm
5136,2025-01-20 19:00:00+00:00,-17.6,25.8,Baie-des-Sables wind farm
5137,2025-01-20 20:00:00+00:00,-17.9,27.0,Baie-des-Sables wind farm
5138,2025-01-20 21:00:00+00:00,-18.6,26.2,Baie-des-Sables wind farm
5139,2025-01-20 22:00:00+00:00,-19.4,28.2,Baie-des-Sables wind farm
5140,2025-01-20 23:00:00+00:00,-19.9,30.0,Baie-des-Sables wind farm
5141,2025-01-21 00:00:00+00:00,-20.2,25.8,Baie-des-Sables wind farm
5142,2025-01-21 01:00:00+00:00,-20.7,25.1,Baie-des-Sables wind farm
5143,2025-01-21 02:00:00+00:00,-21.3,24.9,Baie-des-Sables wind farm
5144,2025-01-21 03:00:00+00:00,-20.9,24.5,Baie-des-Sables wind farm
5145,2025-01-21 04:00:00+00:00,-20.8,22.5,Baie-des-Sables wind farm
5146,2025-01-21 05:00:00+00:00,-20.8,20.9,Baie-des-Sables wind farm
5147,2025-01-21 06:00:00+00:00,-20.6,19.3,Baie-des-Sables wind farm
5148,2025-01-21 07:00:00+00:00,-20.3,18.5,Baie-des-Sables wind farm
5149,2025-01-21 08:00:00+00:00,-20.6,16.0,Baie-des-Sables wind farm
5150,2025-01-21 09:00:00+00:00,-20.3,16.2,Baie-des-Sables wind farm
5151,2025-01-21 10:00:00+00:00,-19.9,15.5,Baie-des-Sables wind farm
5152,2025-01-21 11:00:00+00:00,-19.5,17.0,Baie-des-Sables wind farm
5153,2025-01-21 12:00:00+00:00,-19.2,15.7,Baie-des-Sables wind farm
5154,2025-01-21 13:00:00+00:00,-18.6,15.4,Baie-des-Sables wind farm
5155,2025-01-21 14:00:00+00:00,-17.6,25.5,Baie-des-Sables wind farm
5156,2025-01-21 15:00:00+00:00,-17.7,24.9,Baie-des-Sables wind farm
5157,2025-01-21 16:00:00+00:00,-17.5,25.9,Baie-des-Sables wind farm
5158,2025-01-21 17:00:00+00:00,-17.5,22.9,Baie-des-Sables wind farm
5159,2025-01-21 18:00:00+00:00,-17.6,21.8,Baie-des-Sables wind farm
5160,2025-01-21 19:00:00+00:00,-18.0,21.3,Baie-des-Sables wind farm
5161,2025-01-21 20:00:00+00:00,-17.7,20.6,Baie-des-Sables wind farm
5162,2025-01-21 21:00:00+00:00,-17.9,19.6,Baie-des-Sables wind farm
5163,2025-01-21 22:00:00+00:00,-18.2,17.4,Baie-des-Sables wind farm
5164,2025-01-21 23:00:00+00:00,-18.2,15.1,Baie-des-Sables wind farm
5165,2025-01-22 00:00:00+00:00,-18.5,12.0,Baie-des-Sables wind farm
5166,2025-01-22 01:00:00+00:00,-19.0,10.6,Baie-des-Sables wind farm
5167,2025-01-22 02:00:00+00:00,-19.4,11.6,Baie-des-Sables wind farm
5168,2025-01-22 03:00:00+00:00,-19.8,12.7,Baie-des-Sables wind farm
5169,2025-01-22 04:00:00+00:00,-20.3,12.6,Baie-des-Sables wind farm
5170,2025-01-22 05:00:00+00:00,-20.1,12.0,Baie-des-Sables wind farm
5171,2025-01-22 06:00:00+00:00,-19.2,12.0,Baie-des-Sables wind farm
5172,2025-01-22 07:00:00+00:00,-18.4,14.2,Baie-des-Sables wind farm
5173,2025-01-22 08:00:00+00:00,-17.9,16.2,Baie-des-Sables wind farm
5174,2025-01-22 09:00:00+00:00,-17.6,19.0,Baie-des-Sables wind farm
5175,2025-01-22 10:00:00+00:00,-17.5,17.3,Baie-des-Sables wind farm
5176,2025-01-22 11:00:00+00:00,-17.1,17.1,Baie-des-Sables wind farm
5177,2025-01-22 12:00:00+00:00,-16.5,16.6,Baie-des-Sables wind farm
5178,2025-01-22 13:00:00+00:00,-15.8,15.5,Baie-des-Sables wind farm
5179,2025-01-22 14:00:00+00:00,-15.4,15.0,Baie-des-Sables wind farm
5180,2025-01-22 15:00:00+00:00,-15.0,14.8,Baie-des-Sables wind farm
5181,2025-01-22 16:00:00+00:00,-15.1,12.8,Baie-des-Sables wind farm
5182,2025-01-22 17:00:00+00:00,-16.0,14.4,Baie-des-Sables wind farm
5183,2025-01-22 18:00:00+00:00,-16.5,18.2,Baie-des-Sables wind farm
5184,2025-01-22 19:00:00+00:00,-17.3,18.6,Baie-des-Sables wind farm
5185,2025-01-22 20:00:00+00:00,-17.1,17.8,Baie-des-Sables wind farm
5186,2025-01-22 21:00:00+00:00,-16.8,18.0,Baie-des-Sables wind farm
5187,2025-01-22 22:00:00+00:00,-16.6,17.8,Baie-des-Sables wind farm
5188,2025-01-22 23:00:00+00:00,-17.0,16.3,Baie-des-Sables wind farm
5189,2025-01-23 00:00:00+00:00,-17.1,16.9,Baie-des-Sables wind farm
5190,2025-01-23 01:00:00+00:00,-17.2,17.6,Baie-des-Sables wind farm
5191,2025-01-23 02:00:00+00:00,-17.2,18.0,Baie-des-Sables wind farm
5192,2025-01-23 03:00:00+00:00,-17.3,18.5,Baie-des-Sables wind farm
5193,2025-01-23 04:00:00+00:00,-17.5,18.1,Baie-des-Sables wind farm
5194,2025-01-23 05:00:00+00:00,-17.1,18.0,Baie-des-Sables wind farm
5195,2025-01-23 06:00:00+00:00,-16.5,18.3,Baie-des-Sables wind farm
5196,2025-01-23 07:00:00+00:00,-15.8,17.9,Baie-des-Sables wind farm
5197,2025-01-23 08:00:00+00:00,-15.2,16.8,Baie-des-Sables wind farm
5198,2025-01-23 09:00:00+00:00,-13.8,17.1,Baie-des-Sables wind farm
5199,2025-01-23 10:00:00+00:00,-12.6,13.4,Baie-des-Sables wind farm
5200,2025-01-23 11:00:00+00:00,-11.0,12.8,Baie-des-Sables wind farm
5201,2025-01-23 12:00:00+00:00,-9.9,14.6,Baie-des-Sables wind farm
5202,2025-01-23 13:00:00+00:00,-9.6,13.6,Baie-des-Sables wind farm
5203,2025-01-23 14:00:00+00:00,-9.4,12.9,Baie-des-Sables wind farm
5204,2025-01-23 15:00:00+00:00,-9.7,8.8,Baie-des-Sables wind farm
5205,2025-01-23 16:00:00+00:00,-10.5,8.2,Baie-des-Sables wind farm
5206,2025-01-23 17:00:00+00:00,-11.0,8.6,Baie-des-Sables wind farm
5207,2025-01-23 18:00:00+00:00,-11.4,11.5,Baie-des-Sables wind farm
5208,2025-01-23 19:00:00+00:00,-11.0,13.9,Baie-des-Sables wind farm
5209,2025-01-23 20:00:00+00:00,-11.9,15.2,Baie-des-Sables wind farm
5210,2025-01-23 21:00:00+00:00,-12.0,14.7,Baie-des-Sables wind farm
5211,2025-01-23 22:00:00+00:00,-11.7,14.6,Baie-des-Sables wind farm
5212,2025-01-23 23:00:00+00:00,-11.5,15.2,Baie-des-Sables wind farm
5213,2025-01-24 00:00:00+00:00,-10.9,16.5,Baie-des-Sables wind farm
5214,2025-01-24 01:00:00+00:00,-10.9,13.7,Baie-des-Sables wind farm
5215,2025-01-24 02:00:00+00:00,-10.2,13.2,Baie-des-Sables wind farm
5216,2025-01-24 03:00:00+00:00,-10.5,13.1,Baie-des-Sables wind farm
5217,2025-01-24 04:00:00+00:00,-11.2,13.5,Baie-des-Sables wind farm
5218,2025-01-24 05:00:00+00:00,-11.5,14.3,Baie-des-Sables wind farm
5219,2025-01-24 06:00:00+00:00,-11.6,15.7,Baie-des-Sables wind farm
5220,2025-01-24 07:00:00+00:00,-12.1,16.5,Baie-des-Sables wind farm
5221,2025-01-24 08:00:00+00:00,-13.2,15.6,Baie-des-Sables wind farm
5222,2025-01-24 09:00:00+00:00,-12.5,19.1,Baie-des-Sables wind farm
5223,2025-01-24 10:00:00+00:00,-12.5,20.5,Baie-des-Sables wind farm
5224,2025-01-24 11:00:00+00:00,-12.5,20.7,Baie-des-Sables wind farm
5225,2025-01-24 12:00:00+00:00,-12.3,22.4,Baie-des-Sables wind farm
5226,2025-01-24 13:00:00+00:00,-11.8,23.8,Baie-des-Sables wind farm
5227,2025-01-24 14:00:00+00:00,-11.3,25.8,Baie-des-Sables wind farm
5228,2025-01-24 15:00:00+00:00,-11.0,22.4,Baie-des-Sables wind farm
5229,2025-01-24 16:00:00+00:00,-11.4,20.3,Baie-des-Sables wind farm
5230,2025-01-24 17:00:00+00:00,-11.8,19.8,Baie-des-Sables wind farm
5231,2025-01-24 18:00:00+00:00,-11.7,21.1,Baie-des-Sables wind farm
5232,2025-01-24 19:00:00+00:00,-12.1,21.2,Baie-des-Sables wind farm
5233,2025-01-24 20:00:00+00:00,-13.2,20.1,Baie-des-Sables wind farm
5234,2025-01-24 21:00:00+00:00,-13.7,18.9,Baie-des-Sables wind farm
5235,2025-01-24 22:00:00+00:00,-13.9,19.4,Baie-des-Sables wind farm
5236,2025-01-24 23:00:00+00:00,-14.1,19.1,Baie-des-Sables wind farm
5237,2025-01-25 00:00:00+00:00,-14.3,18.2,Baie-des-Sables wind farm
5238,2025-01-25 01:00:00+00:00,-14.2,18.5,Baie-des-Sables wind farm
5239,2025-01-25 02:00:00+00:00,-14.4,18.0,Baie-des-Sables wind farm
5240,2025-01-25 03:00:00+00:00,-14.8,17.6,Baie-des-Sables wind farm
5241,2025-01-25 04:00:00+00:00,-14.9,17.6,Baie-des-Sables wind farm
5242,2025-01-25 05:00:00+00:00,-15.1,16.9,Baie-des-Sables wind farm
5243,2025-01-25 06:00:00+00:00,-15.2,16.9,Baie-des-Sables wind farm
5244,2025-01-25 07:00:00+00:00,-15.3,16.2,Baie-des-Sables wind farm
5245,2025-01-25 08:00:00+00:00,-15.9,16.1,Baie-des-Sables wind farm
5246,2025-01-25 09:00:00+00:00,-14.7,18.5,Baie-des-Sables wind farm
5247,2025-01-25 10:00:00+00:00,-13.9,17.8,Baie-des-Sables wind farm
5248,2025-01-25 11:00:00+00:00,-13.0,18.6,Baie-des-Sables wind farm
5249,2025-01-25 12:00:00+00:00,-12.4,18.1,Baie-des-Sables wind farm
5250,2025-01-25 13:00:00+00:00,-12.0,17.8,Baie-des-Sables wind farm
5251,2025-01-25 14:00:00+00:00,-11.7,16.8,Baie-des-Sables wind farm
5252,2025-01-25 15:00:00+00:00,-11.7,11.4,Baie-des-Sables wind farm
5253,2025-01-25 16:00:00+00:00,-12.8,9.7,Baie-des-Sables wind farm
5254,2025-01-25 17:00:00+00:00,-13.8,12.5,Baie-des-Sables wind farm
5255,2025-01-25 18:00:00+00:00,-14.0,14.6,Baie-des-Sables wind farm
5256,2025-01-25 19:00:00+00:00,-14.0,16.0,Baie-des-Sables wind farm
5257,2025-01-25 20:00:00+00:00,-13.9,16.6,Baie-des-Sables wind farm
5258,2025-01-25 21:00:00+00:00,-13.6,16.5,Baie-des-Sables wind farm
5259,2025-01-25 22:00:00+00:00,-13.4,16.0,Baie-des-Sables wind farm
5260,2025-01-25 23:00:00+00:00,-12.9,15.0,Baie-des-Sables wind farm
5261,2025-01-26 00:00:00+00:00,-13.8,15.3,Baie-des-Sables wind farm
5262,2025-01-26 01:00:00+00:00,-14.1,16.8,Baie-des-Sables wind farm
5263,2025-01-26 02:00:00+00:00,-14.4,16.6,Baie-des-Sables wind farm
5264,2025-01-26 03:00:00+00:00,-14.0,16.8,Baie-des-Sables wind farm
5265,2025-01-26 04:00:00+00:00,-12.7,17.1,Baie-des-Sables wind farm
5266,2025-01-26 05:00:00+00:00,-11.8,16.8,Baie-des-Sables wind farm
5267,2025-01-26 06:00:00+00:00,-12.2,17.0,Baie-des-Sables wind farm
5268,2025-01-26 07:00:00+00:00,-12.5,16.7,Baie-des-Sables wind farm
5269,2025-01-26 08:00:00+00:00,-12.5,16.3,Baie-des-Sables wind farm
5270,2025-01-26 09:00:00+00:00,-10.3,15.7,Baie-des-Sables wind farm
5271,2025-01-26 10:00:00+00:00,-7.4,13.8,Baie-des-Sables wind farm
5272,2025-01-26 11:00:00+00:00,-5.7,12.3,Baie-des-Sables wind farm
5273,2025-01-26 12:00:00+00:00,-4.9,15.2,Baie-des-Sables wind farm
5274,2025-01-26 13:00:00+00:00,-4.9,14.2,Baie-des-Sables wind farm
5275,2025-01-26 14:00:00+00:00,-4.4,11.9,Baie-des-Sables wind farm
5276,2025-01-26 15:00:00+00:00,-4.3,10.6,Baie-des-Sables wind farm
5277,2025-01-26 16:00:00+00:00,-4.6,11.4,Baie-des-Sables wind farm
5278,2025-01-26 17:00:00+00:00,-4.6,15.5,Baie-des-Sables wind farm
5279,2025-01-26 18:00:00+00:00,-4.4,21.3,Baie-des-Sables wind farm
5280,2025-01-26 19:00:00+00:00,-4.8,24.9,Baie-des-Sables wind farm
5281,2025-01-26 20:00:00+00:00,-6.9,27.6,Baie-des-Sables wind farm
5282,2025-01-26 21:00:00+00:00,-9.2,28.1,Baie-des-Sables wind farm
5283,2025-01-26 22:00:00+00:00,-10.6,25.9,Baie-des-Sables wind farm
5284,2025-01-26 23:00:00+00:00,-11.3,23.1,Baie-des-Sables wind farm
5285,2025-01-27 00:00:00+00:00,-11.7,22.7,Baie-des-Sables wind farm
5286,2025-01-27 01:00:00+00:00,-12.4,18.4,Baie-des-Sables wind farm
5287,2025-01-27 02:00:00+00:00,-12.9,15.6,Baie-des-Sables wind farm
5288,2025-01-27 03:00:00+00:00,-13.5,12.9,Baie-des-Sables wind farm
5289,2025-01-27 04:00:00+00:00,-14.4,13.5,Baie-des-Sables wind farm
5290,2025-01-27 05:00:00+00:00,-15.4,14.7,Baie-des-Sables wind farm
5291,2025-01-27 06:00:00+00:00,-15.7,16.2,Baie-des-Sables wind farm
5292,2025-01-27 07:00:00+00:00,-15.2,18.9,Baie-des-Sables wind farm
5293,2025-01-27 08:00:00+00:00,-12.3,23.0,Baie-des-Sables wind farm
5294,2025-01-27 09:00:00+00:00,-10.1,23.6,Baie-des-Sables wind farm
5295,2025-01-27 10:00:00+00:00,-8.4,23.2,Baie-des-Sables wind farm
5296,2025-01-27 11:00:00+00:00,-6.3,22.4,Baie-des-Sables wind farm
5297,2025-01-27 12:00:00+00:00,-5.1,25.0,Baie-des-Sables wind farm
5298,2025-01-27 13:00:00+00:00,-4.1,26.4,Baie-des-Sables wind farm
5299,2025-01-27 14:00:00+00:00,-3.9,26.6,Baie-des-Sables wind farm
5300,2025-01-27 15:00:00+00:00,-3.7,29.8,Baie-des-Sables wind farm
5301,2025-01-27 16:00:00+00:00,-3.2,32.4,Baie-des-Sables wind farm
5302,2025-01-27 17:00:00+00:00,-2.8,34.2,Baie-des-Sables wind farm
5303,2025-01-27 18:00:00+00:00,-2.4,35.1,Baie-des-Sables wind farm
5304,2025-01-27 19:00:00+00:00,-2.3,34.5,Baie-des-Sables wind farm
5305,2025-01-27 20:00:00+00:00,-2.1,32.7,Baie-des-Sables wind farm
5306,2025-01-27 21:00:00+00:00,-1.5,33.3,Baie-des-Sables wind farm
5307,2025-01-27 22:00:00+00:00,-1.1,33.3,Baie-des-Sables wind farm
5308,2025-01-27 23:00:00+00:00,-1.1,31.9,Baie-des-Sables wind farm
5309,2025-01-28 00:00:00+00:00,-1.3,30.9,Baie-des-Sables wind farm
5310,2025-01-28 01:00:00+00:00,-2.4,32.4,Baie-des-Sables wind farm
5311,2025-01-28 02:00:00+00:00,-4.2,22.0,Baie-des-Sables wind farm
5312,2025-01-28 03:00:00+00:00,-6.3,28.3,Baie-des-Sables wind farm
5313,2025-01-28 04:00:00+00:00,-9.0,30.3,Baie-des-Sables wind farm
5314,2025-01-28 05:00:00+00:00,-11.0,28.7,Baie-des-Sables wind farm
5315,2025-01-28 06:00:00+00:00,-13.3,22.7,Baie-des-Sables wind farm
5316,2025-01-28 07:00:00+00:00,-14.5,20.2,Baie-des-Sables wind farm
5317,2025-01-28 08:00:00+00:00,-14.7,20.0,Baie-des-Sables wind farm
5318,2025-01-28 09:00:00+00:00,-14.3,22.7,Baie-des-Sables wind farm
5319,2025-01-28 10:00:00+00:00,-14.7,25.0,Baie-des-Sables wind farm
5320,2025-01-28 11:00:00+00:00,-15.0,24.4,Baie-des-Sables wind farm
5321,2025-01-28 12:00:00+00:00,-15.3,26.3,Baie-des-Sables wind farm
5322,2025-01-28 13:00:00+00:00,-15.3,28.7,Baie-des-Sables wind farm
5323,2025-01-28 14:00:00+00:00,-15.1,30.3,Baie-des-Sables wind farm
5324,2025-01-28 15:00:00+00:00,-15.1,28.8,Baie-des-Sables wind farm
5325,2025-01-28 16:00:00+00:00,-15.3,27.3,Baie-des-Sables wind farm
5326,2025-01-28 17:00:00+00:00,-15.8,28.0,Baie-des-Sables wind farm
5327,2025-01-28 18:00:00+00:00,-16.0,27.7,Baie-des-Sables wind farm
5328,2025-01-28 19:00:00+00:00,-16.6,27.9,Baie-des-Sables wind farm
5329,2025-01-28 20:00:00+00:00,-17.1,26.4,Baie-des-Sables wind farm
5330,2025-01-28 21:00:00+00:00,-17.6,23.5,Baie-des-Sables wind farm
5331,2025-01-28 22:00:00+00:00,-17.8,23.4,Baie-des-Sables wind farm
5332,2025-01-28 23:00:00+00:00,-17.8,22.8,Baie-des-Sables wind farm
5333,2025-01-29 00:00:00+00:00,-17.9,20.7,Baie-des-Sables wind farm
5334,2025-01-29 01:00:00+00:00,-18.1,18.7,Baie-des-Sables wind farm
5335,2025-01-29 02:00:00+00:00,-18.2,16.7,Baie-des-Sables wind farm
5336,2025-01-29 03:00:00+00:00,-18.3,15.8,Baie-des-Sables wind farm
5337,2025-01-29 04:00:00+00:00,-18.5,13.9,Baie-des-Sables wind farm
5338,2025-01-29 05:00:00+00:00,-18.6,11.5,Baie-des-Sables wind farm
5339,2025-01-29 06:00:00+00:00,-18.5,9.9,Baie-des-Sables wind farm
5340,2025-01-29 07:00:00+00:00,-18.5,8.8,Baie-des-Sables wind farm
5341,2025-01-29 08:00:00+00:00,-18.7,4.8,Baie-des-Sables wind farm
5342,2025-01-29 09:00:00+00:00,-18.1,5.2,Baie-des-Sables wind farm
5343,2025-01-29 10:00:00+00:00,-17.7,4.9,Baie-des-Sables wind farm
5344,2025-01-29 11:00:00+00:00,-17.2,3.4,Baie-des-Sables wind farm
5345,2025-01-29 12:00:00+00:00,-16.9,2.8,Baie-des-Sables wind farm
5346,2025-01-29 13:00:00+00:00,-16.5,2.8,Baie-des-Sables wind farm
5347,2025-01-29 14:00:00+00:00,-16.4,6.3,Baie-des-Sables wind farm
5348,2025-01-29 15:00:00+00:00,-16.7,6.9,Baie-des-Sables wind farm
5349,2025-01-29 16:00:00+00:00,-17.0,5.6,Baie-des-Sables wind farm
5350,2025-01-29 17:00:00+00:00,-17.3,1.7,Baie-des-Sables wind farm
5351,2025-01-29 18:00:00+00:00,-17.2,4.6,Baie-des-Sables wind farm
5352,2025-01-29 19:00:00+00:00,-16.3,12.1,Baie-des-Sables wind farm
5353,2025-01-29 20:00:00+00:00,-16.3,14.6,Baie-des-Sables wind farm
5354,2025-01-29 21:00:00+00:00,-16.6,16.0,Baie-des-Sables wind farm
5355,2025-01-29 22:00:00+00:00,-16.7,17.8,Baie-des-Sables wind farm
5356,2025-01-29 23:00:00+00:00,-17.1,20.3,Baie-des-Sables wind farm
5357,2025-01-30 00:00:00+00:00,-17.5,21.2,Baie-des-Sables wind farm
5358,2025-01-30 01:00:00+00:00,-17.9,21.1,Baie-des-Sables wind farm
5359,2025-01-30 02:00:00+00:00,-18.3,22.5,Baie-des-Sables wind farm
5360,2025-01-30 03:00:00+00:00,-18.7,23.8,Baie-des-Sables wind farm
5361,2025-01-30 04:00:00+00:00,-19.2,25.3,Baie-des-Sables wind farm
5362,2025-01-30 05:00:00+00:00,-19.6,26.4,Baie-des-Sables wind farm
5363,2025-01-30 06:00:00+00:00,-20.0,26.9,Baie-des-Sables wind farm
5364,2025-01-30 07:00:00+00:00,-20.3,26.5,Baie-des-Sables wind farm
5365,2025-01-30 08:00:00+00:00,-20.9,27.9,Baie-des-Sables wind farm
5366,2025-01-30 09:00:00+00:00,-20.9,28.5,Baie-des-Sables wind farm
5367,2025-01-30 10:00:00+00:00,-20.5,28.8,Baie-des-Sables wind farm
5368,2025-01-30 11:00:00+00:00,-20.1,28.9,Baie-des-Sables wind farm
5369,2025-01-30 12:00:00+00:00,-19.9,29.1,Baie-des-Sables wind farm
5370,2025-01-30 13:00:00+00:00,-19.2,29.4,Baie-des-Sables wind farm
5371,2025-01-30 14:00:00+00:00,-18.7,30.6,Baie-des-Sables wind farm
5372,2025-01-30 15:00:00+00:00,-18.1,31.5,Baie-des-Sables wind farm
5373,2025-01-30 16:00:00+00:00,-17.9,26.7,Baie-des-Sables wind farm
5374,2025-01-30 17:00:00+00:00,-17.9,26.9,Baie-des-Sables wind farm
5375,2025-01-30 18:00:00+00:00,-18.2,25.4,Baie-des-Sables wind farm
5376,2025-01-30 19:00:00+00:00,-18.2,24.2,Baie-des-Sables wind farm
5377,2025-01-30 20:00:00+00:00,-18.4,22.8,Baie-des-Sables wind farm
5378,2025-01-30 21:00:00+00:00,-18.3,20.8,Baie-des-Sables wind farm
5379,2025-01-30 22:00:00+00:00,-17.9,20.1,Baie-des-Sables wind farm
5380,2025-01-30 23:00:00+00:00,-17.5,19.1,Baie-des-Sables wind farm
5381,2025-01-31 00:00:00+00:00,-17.0,16.6,Baie-des-Sables wind farm
5382,2025-01-31 01:00:00+00:00,-17.3,11.5,Baie-des-Sables wind farm
5383,2025-01-31 02:00:00+00:00,-18.1,10.0,Baie-des-Sables wind farm
5384,2025-01-31 03:00:00+00:00,-18.2,13.6,Baie-des-Sables wind farm
5385,2025-01-31 04:00:00+00:00,-17.6,12.3,Baie-des-Sables wind farm
5386,2025-01-31 05:00:00+00:00,-17.7,10.4,Baie-des-Sables wind farm
5387,2025-01-31 06:00:00+00:00,-18.1,11.0,Baie-des-Sables wind farm
5388,2025-01-31 07:00:00+00:00,-18.5,10.5,Baie-des-Sables wind farm
5389,2025-01-31 08:00:00+00:00,-18.0,9.7,Baie-des-Sables wind farm
5390,2025-01-31 09:00:00+00:00,-15.7,6.3,Baie-des-Sables wind farm
5391,2025-01-31 10:00:00+00:00,-14.0,8.2,Baie-des-Sables wind farm
5392,2025-01-31 11:00:00+00:00,-13.9,8.7,Baie-des-Sables wind farm
5393,2025-01-31 12:00:00+00:00,-13.8,9.8,Baie-des-Sables wind farm
5394,2025-01-31 13:00:00+00:00,-13.6,12.3,Baie-des-Sables wind farm
5395,2025-01-31 14:00:00+00:00,-13.5,11.8,Baie-des-Sables wind farm
5396,2025-01-31 15:00:00+00:00,-13.4,12.3,Baie-des-Sables wind farm
5397,2025-01-31 16:00:00+00:00,-13.9,10.5,Baie-des-Sables wind farm
5398,2025-01-31 17:00:00+00:00,-15.0,11.6,Baie-des-Sables wind farm
5399,2025-01-31 18:00:00+00:00,-15.2,12.5,Baie-des-Sables wind farm
5400,2025-01-31 19:00:00+00:00,-15.9,10.3,Baie-des-Sables wind farm
5401,2025-01-31 20:00:00+00:00,-15.8,9.5,Baie-des-Sables wind farm
5402,2025-01-31 21:00:00+00:00,-16.6,10.0,Baie-des-Sables wind farm
5403,2025-01-31 22:00:00+00:00,-16.6,11.3,Baie-des-Sables wind farm
5404,2025-01-31 23:00:00+00:00,-16.8,11.5,Baie-des-Sables wind farm
5405,2025-02-01 00:00:00+00:00,-16.5,13.1,Baie-des-Sables wind farm
5406,2025-02-01 01:00:00+00:00,-16.6,13.0,Baie-des-Sables wind farm
5407,2025-02-01 02:00:00+00:00,-16.5,13.1,Baie-des-Sables wind farm
5408,2025-02-01 03:00:00+00:00,-16.4,12.8,Baie-des-Sables wind farm
5409,2025-02-01 04:00:00+00:00,-16.8,12.4,Baie-des-Sables wind farm
5410,2025-02-01 05:00:00+00:00,-16.9,12.5,Baie-des-Sables wind farm
5411,2025-02-01 06:00:00+00:00,-17.0,13.5,Baie-des-Sables wind farm
5412,2025-02-01 07:00:00+00:00,-17.3,13.5,Baie-des-Sables wind farm
5413,2025-02-01 08:00:00+00:00,-17.8,17.5,Baie-des-Sables wind farm
5414,2025-02-01 09:00:00+00:00,-18.2,19.9,Baie-des-Sables wind farm
5415,2025-02-01 10:00:00+00:00,-18.6,21.4,Baie-des-Sables wind farm
5416,2025-02-01 11:00:00+00:00,-18.7,21.0,Baie-des-Sables wind farm
5417,2025-02-01 12:00:00+00:00,-18.4,21.8,Baie-des-Sables wind farm
5418,2025-02-01 13:00:00+00:00,-17.9,22.1,Baie-des-Sables wind farm
5419,2025-02-01 14:00:00+00:00,-17.4,22.9,Baie-des-Sables wind farm
5420,2025-02-01 15:00:00+00:00,-16.8,24.1,Baie-des-Sables wind farm
5421,2025-02-01 16:00:00+00:00,-16.4,21.5,Baie-des-Sables wind farm
5422,2025-02-01 17:00:00+00:00,-16.3,21.1,Baie-des-Sables wind farm
5423,2025-02-01 18:00:00+00:00,-15.7,21.3,Baie-des-Sables wind farm
5424,2025-02-01 19:00:00+00:00,-15.9,21.4,Baie-des-Sables wind farm
5425,2025-02-01 20:00:00+00:00,-16.7,22.0,Baie-des-Sables wind farm
5426,2025-02-01 21:00:00+00:00,-16.8,21.0,Baie-des-Sables wind farm
5427,2025-02-01 22:00:00+00:00,-16.9,20.6,Baie-des-Sables wind farm
5428,2025-02-01 23:00:00+00:00,-17.0,20.3,Baie-des-Sables wind farm
5429,2025-02-02 00:00:00+00:00,-17.1,20.1,Baie-des-Sables wind farm
5430,2025-02-02 01:00:00+00:00,-17.2,19.5,Baie-des-Sables wind farm
5431,2025-02-02 02:00:00+00:00,-17.3,19.2,Baie-des-Sables wind farm
5432,2025-02-02 03:00:00+00:00,-17.2,19.0,Baie-des-Sables wind farm
5433,2025-02-02 04:00:00+00:00,-17.2,18.4,Baie-des-Sables wind farm
5434,2025-02-02 05:00:00+00:00,-17.1,17.6,Baie-des-Sables wind farm
5435,2025-02-02 06:00:00+00:00,-16.9,18.6,Baie-des-Sables wind farm
5436,2025-02-02 07:00:00+00:00,-16.7,18.6,Baie-des-Sables wind farm
5437,2025-02-02 08:00:00+00:00,-15.8,18.7,Baie-des-Sables wind farm
5438,2025-02-02 09:00:00+00:00,-15.2,20.5,Baie-des-Sables wind farm
5439,2025-02-02 10:00:00+00:00,-14.8,21.8,Baie-des-Sables wind farm
5440,2025-02-02 11:00:00+00:00,-14.5,20.9,Baie-des-Sables wind farm
5441,2025-02-02 12:00:00+00:00,-14.5,18.4,Baie-des-Sables wind farm
5442,2025-02-02 13:00:00+00:00,-14.3,20.0,Baie-des-Sables wind farm
5443,2025-02-02 14:00:00+00:00,-13.7,19.6,Baie-des-Sables wind farm
5444,2025-02-02 15:00:00+00:00,-13.3,17.3,Baie-des-Sables wind farm
5445,2025-02-02 16:00:00+00:00,-14.0,13.5,Baie-des-Sables wind farm
5446,2025-02-02 17:00:00+00:00,-15.0,13.7,Baie-des-Sables wind farm
5447,2025-02-02 18:00:00+00:00,-14.5,13.9,Baie-des-Sables wind farm
5448,2025-02-02 19:00:00+00:00,-14.4,14.6,Baie-des-Sables wind farm
5449,2025-02-02 20:00:00+00:00,-14.6,15.0,Baie-des-Sables wind farm
5450,2025-02-02 21:00:00+00:00,-14.8,11.6,Baie-des-Sables wind farm
5451,2025-02-02 22:00:00+00:00,-15.2,11.9,Baie-des-Sables wind farm
5452,2025-02-02 23:00:00+00:00,-15.7,10.2,Baie-des-Sables wind farm
5453,2025-02-03 00:00:00+00:00,-15.3,11.3,Baie-des-Sables wind farm
5454,2025-02-03 01:00:00+00:00,-14.8,11.9,Baie-des-Sables wind farm
5455,2025-02-03 02:00:00+00:00,-13.8,13.1,Baie-des-Sables wind farm
5456,2025-02-03 03:00:00+00:00,-13.4,12.3,Baie-des-Sables wind farm
5457,2025-02-03 04:00:00+00:00,-12.6,11.9,Baie-des-Sables wind farm
5458,2025-02-03 05:00:00+00:00,-12.0,12.6,Baie-des-Sables wind farm
5459,2025-02-03 06:00:00+00:00,-11.3,13.6,Baie-des-Sables wind farm
5460,2025-02-03 07:00:00+00:00,-10.8,15.0,Baie-des-Sables wind farm
5461,2025-02-03 08:00:00+00:00,-10.6,15.1,Baie-des-Sables wind farm
5462,2025-02-03 09:00:00+00:00,-9.0,17.6,Baie-des-Sables wind farm
5463,2025-02-03 10:00:00+00:00,-7.9,15.4,Baie-des-Sables wind farm
5464,2025-02-03 11:00:00+00:00,-6.8,15.8,Baie-des-Sables wind farm
5465,2025-02-03 12:00:00+00:00,-6.3,14.1,Baie-des-Sables wind farm
5466,2025-02-03 13:00:00+00:00,-5.7,12.2,Baie-des-Sables wind farm
5467,2025-02-03 14:00:00+00:00,-5.4,15.5,Baie-des-Sables wind farm
5468,2025-02-03 15:00:00+00:00,-4.5,16.6,Baie-des-Sables wind farm
5469,2025-02-03 16:00:00+00:00,-4.2,15.6,Baie-des-Sables wind farm
5470,2025-02-03 17:00:00+00:00,-4.2,15.5,Baie-des-Sables wind farm
5471,2025-02-03 18:00:00+00:00,-3.7,16.8,Baie-des-Sables wind farm
5472,2025-02-03 19:00:00+00:00,-4.1,17.1,Baie-des-Sables wind farm
5473,2025-02-03 20:00:00+00:00,-3.5,18.4,Baie-des-Sables wind farm
5474,2025-02-03 21:00:00+00:00,-3.7,21.4,Baie-des-Sables wind farm
5475,2025-02-03 22:00:00+00:00,-4.1,23.4,Baie-des-Sables wind farm
5476,2025-02-03 23:00:00+00:00,-4.9,20.4,Baie-des-Sables wind farm
5477,2025-02-04 00:00:00+00:00,-5.3,20.8,Baie-des-Sables wind farm
5478,2025-02-04 01:00:00+00:00,-5.9,17.9,Baie-des-Sables wind farm
5479,2025-02-04 02:00:00+00:00,-6.0,18.6,Baie-des-Sables wind farm
5480,2025-02-04 03:00:00+00:00,-6.0,16.0,Baie-des-Sables wind farm
5481,2025-02-04 04:00:00+00:00,-6.0,17.4,Baie-des-Sables wind farm
5482,2025-02-04 05:00:00+00:00,-6.4,17.8,Baie-des-Sables wind farm
5483,2025-02-04 06:00:00+00:00,-7.1,21.1,Baie-des-Sables wind farm
5484,2025-02-04 07:00:00+00:00,-8.2,26.0,Baie-des-Sables wind farm
5485,2025-02-04 08:00:00+00:00,-8.5,27.0,Baie-des-Sables wind farm
5486,2025-02-04 09:00:00+00:00,-8.8,26.9,Baie-des-Sables wind farm
5487,2025-02-04 10:00:00+00:00,-8.9,26.1,Baie-des-Sables wind farm
5488,2025-02-04 11:00:00+00:00,-9.1,25.4,Baie-des-Sables wind farm
5489,2025-02-04 12:00:00+00:00,-9.2,25.8,Baie-des-Sables wind farm
5490,2025-02-04 13:00:00+00:00,-9.3,26.9,Baie-des-Sables wind farm
5491,2025-02-04 14:00:00+00:00,-9.2,26.4,Baie-des-Sables wind farm
5492,2025-02-04 15:00:00+00:00,-9.2,25.7,Baie-des-Sables wind farm
5493,2025-02-04 16:00:00+00:00,-9.2,25.1,Baie-des-Sables wind farm
5494,2025-02-04 17:00:00+00:00,-9.3,25.3,Baie-des-Sables wind farm
5495,2025-02-04 18:00:00+00:00,-9.6,26.3,Baie-des-Sables wind farm
5496,2025-02-04 19:00:00+00:00,-10.4,27.5,Baie-des-Sables wind farm
5497,2025-02-04 20:00:00+00:00,-11.0,28.7,Baie-des-Sables wind farm
5498,2025-02-04 21:00:00+00:00,-12.3,29.5,Baie-des-Sables wind farm
5499,2025-02-04 22:00:00+00:00,-13.8,29.6,Baie-des-Sables wind farm
5500,2025-02-04 23:00:00+00:00,-15.1,26.7,Baie-des-Sables wind farm
5501,2025-02-05 00:00:00+00:00,-16.2,25.5,Baie-des-Sables wind farm
5502,2025-02-05 01:00:00+00:00,-17.1,25.8,Baie-des-Sables wind farm
5503,2025-02-05 02:00:00+00:00,-17.7,24.4,Baie-des-Sables wind farm
5504,2025-02-05 03:00:00+00:00,-18.3,25.1,Baie-des-Sables wind farm
5505,2025-02-05 04:00:00+00:00,-18.7,24.3,Baie-des-Sables wind farm
5506,2025-02-05 05:00:00+00:00,-18.9,23.9,Baie-des-Sables wind farm
5507,2025-02-05 06:00:00+00:00,-19.0,23.1,Baie-des-Sables wind farm
5508,2025-02-05 07:00:00+00:00,-19.0,20.5,Baie-des-Sables wind farm
5509,2025-02-05 08:00:00+00:00,-18.9,22.8,Baie-des-Sables wind farm
5510,2025-02-05 09:00:00+00:00,-18.7,21.9,Baie-des-Sables wind farm
5511,2025-02-05 10:00:00+00:00,-18.4,22.5,Baie-des-Sables wind farm
5512,2025-02-05 11:00:00+00:00,-18.0,22.6,Baie-des-Sables wind farm
5513,2025-02-05 12:00:00+00:00,-17.1,22.4,Baie-des-Sables wind farm
5514,2025-02-05 13:00:00+00:00,-16.2,23.6,Baie-des-Sables wind farm
5515,2025-02-05 14:00:00+00:00,-15.9,22.0,Baie-des-Sables wind farm
5516,2025-02-05 15:00:00+00:00,-15.6,21.0,Baie-des-Sables wind farm
5517,2025-02-05 16:00:00+00:00,-14.9,19.0,Baie-des-Sables wind farm
5518,2025-02-05 17:00:00+00:00,-14.2,20.3,Baie-des-Sables wind farm
5519,2025-02-05 18:00:00+00:00,-13.0,23.5,Baie-des-Sables wind farm
5520,2025-02-05 19:00:00+00:00,-12.5,25.1,Baie-des-Sables wind farm
5521,2025-02-05 20:00:00+00:00,-14.0,21.3,Baie-des-Sables wind farm
5522,2025-02-05 21:00:00+00:00,-14.6,18.2,Baie-des-Sables wind farm
5523,2025-02-05 22:00:00+00:00,-13.7,20.0,Baie-des-Sables wind farm
5524,2025-02-05 23:00:00+00:00,-12.8,22.6,Baie-des-Sables wind farm
5525,2025-02-06 00:00:00+00:00,-12.8,22.7,Baie-des-Sables wind farm
5526,2025-02-06 01:00:00+00:00,-12.7,22.2,Baie-des-Sables wind farm
5527,2025-02-06 02:00:00+00:00,-13.3,19.7,Baie-des-Sables wind farm
5528,2025-02-06 03:00:00+00:00,-13.9,20.2,Baie-des-Sables wind farm
5529,2025-02-06 04:00:00+00:00,-14.8,19.3,Baie-des-Sables wind farm
5530,2025-02-06 05:00:00+00:00,-15.3,20.0,Baie-des-Sables wind farm
5531,2025-02-06 06:00:00+00:00,-15.5,21.3,Baie-des-Sables wind farm
5532,2025-02-06 07:00:00+00:00,-15.4,17.7,Baie-des-Sables wind farm
5533,2025-02-06 08:00:00+00:00,-14.8,16.9,Baie-des-Sables wind farm
5534,2025-02-06 09:00:00+00:00,-12.6,11.1,Baie-des-Sables wind farm
5535,2025-02-06 10:00:00+00:00,-10.8,11.9,Baie-des-Sables wind farm
5536,2025-02-06 11:00:00+00:00,-9.3,10.4,Baie-des-Sables wind farm
5537,2025-02-06 12:00:00+00:00,-7.7,5.2,Baie-des-Sables wind farm
5538,2025-02-06 13:00:00+00:00,-6.8,4.6,Baie-des-Sables wind farm
5539,2025-02-06 14:00:00+00:00,-6.6,8.8,Baie-des-Sables wind farm
5540,2025-02-06 15:00:00+00:00,-7.1,9.6,Baie-des-Sables wind farm
5541,2025-02-06 16:00:00+00:00,-8.1,12.2,Baie-des-Sables wind farm
5542,2025-02-06 17:00:00+00:00,-9.1,15.9,Baie-des-Sables wind farm
5543,2025-02-06 18:00:00+00:00,-9.5,20.3,Baie-des-Sables wind farm
5544,2025-02-06 19:00:00+00:00,-9.2,22.1,Baie-des-Sables wind farm
5545,2025-02-06 20:00:00+00:00,-9.4,24.2,Baie-des-Sables wind farm
5546,2025-02-06 21:00:00+00:00,-8.9,25.2,Baie-des-Sables wind farm
5547,2025-02-06 22:00:00+00:00,-8.4,26.6,Baie-des-Sables wind farm
5548,2025-02-06 23:00:00+00:00,-7.8,27.8,Baie-des-Sables wind farm
5549,2025-02-07 00:00:00+00:00,-7.3,29.1,Baie-des-Sables wind farm
5550,2025-02-07 01:00:00+00:00,-7.1,27.4,Baie-des-Sables wind farm
5551,2025-02-07 02:00:00+00:00,-6.5,25.6,Baie-des-Sables wind farm
5552,2025-02-07 03:00:00+00:00,-5.6,20.6,Baie-des-Sables wind farm
5553,2025-02-07 04:00:00+00:00,-4.3,16.0,Baie-des-Sables wind farm
5554,2025-02-07 05:00:00+00:00,-3.9,22.8,Baie-des-Sables wind farm
5555,2025-02-07 06:00:00+00:00,-5.2,23.7,Baie-des-Sables wind farm
5556,2025-02-07 07:00:00+00:00,-5.5,26.0,Baie-des-Sables wind farm
5557,2025-02-07 08:00:00+00:00,-6.0,23.6,Baie-des-Sables wind farm
5558,2025-02-07 09:00:00+00:00,-6.0,27.9,Baie-des-Sables wind farm
5559,2025-02-07 10:00:00+00:00,-6.3,29.7,Baie-des-Sables wind farm
5560,2025-02-07 11:00:00+00:00,-6.6,31.6,Baie-des-Sables wind farm
5561,2025-02-07 12:00:00+00:00,-6.8,31.9,Baie-des-Sables wind farm
5562,2025-02-07 13:00:00+00:00,-6.6,32.7,Baie-des-Sables wind farm
5563,2025-02-07 14:00:00+00:00,-6.6,31.9,Baie-des-Sables wind farm
5564,2025-02-07 15:00:00+00:00,-6.7,28.4,Baie-des-Sables wind farm
5565,2025-02-07 16:00:00+00:00,-7.2,27.9,Baie-des-Sables wind farm
5566,2025-02-07 17:00:00+00:00,-7.7,27.4,Baie-des-Sables wind farm
5567,2025-02-07 18:00:00+00:00,-7.6,26.5,Baie-des-Sables wind farm
5568,2025-02-07 19:00:00+00:00,-7.8,26.1,Baie-des-Sables wind farm
5569,2025-02-07 20:00:00+00:00,-7.9,24.7,Baie-des-Sables wind farm
5570,2025-02-07 21:00:00+00:00,-8.1,23.4,Baie-des-Sables wind farm
5571,2025-02-07 22:00:00+00:00,-8.1,21.7,Baie-des-Sables wind farm
5572,2025-02-07 23:00:00+00:00,-8.0,21.2,Baie-des-Sables wind farm
5573,2025-02-08 00:00:00+00:00,-7.7,22.0,Baie-des-Sables wind farm
5574,2025-02-08 01:00:00+00:00,-7.7,23.0,Baie-des-Sables wind farm
5575,2025-02-08 02:00:00+00:00,-8.2,24.3,Baie-des-Sables wind farm
5576,2025-02-08 03:00:00+00:00,-9.2,24.7,Baie-des-Sables wind farm
5577,2025-02-08 04:00:00+00:00,-10.2,25.3,Baie-des-Sables wind farm
5578,2025-02-08 05:00:00+00:00,-11.7,26.8,Baie-des-Sables wind farm
5579,2025-02-08 06:00:00+00:00,-12.6,27.3,Baie-des-Sables wind farm
5580,2025-02-08 07:00:00+00:00,-13.3,28.1,Baie-des-Sables wind farm
5581,2025-02-08 08:00:00+00:00,-12.3,28.5,Baie-des-Sables wind farm
5582,2025-02-08 09:00:00+00:00,-12.3,29.1,Baie-des-Sables wind farm
5583,2025-02-08 10:00:00+00:00,-12.0,28.5,Baie-des-Sables wind farm
5584,2025-02-08 11:00:00+00:00,-11.4,28.2,Baie-des-Sables wind farm
5585,2025-02-08 12:00:00+00:00,-11.0,25.9,Baie-des-Sables wind farm
5586,2025-02-08 13:00:00+00:00,-10.3,27.1,Baie-des-Sables wind farm
5587,2025-02-08 14:00:00+00:00,-10.0,24.4,Baie-des-Sables wind farm
5588,2025-02-08 15:00:00+00:00,-10.0,22.6,Baie-des-Sables wind farm
5589,2025-02-08 16:00:00+00:00,-10.1,18.6,Baie-des-Sables wind farm
5590,2025-02-08 17:00:00+00:00,-10.4,18.9,Baie-des-Sables wind farm
5591,2025-02-08 18:00:00+00:00,-10.5,18.5,Baie-des-Sables wind farm
5592,2025-02-08 19:00:00+00:00,-10.8,19.3,Baie-des-Sables wind farm
5593,2025-02-08 20:00:00+00:00,-11.5,20.1,Baie-des-Sables wind farm
5594,2025-02-08 21:00:00+00:00,-11.9,18.0,Baie-des-Sables wind farm
5595,2025-02-08 22:00:00+00:00,-12.6,14.8,Baie-des-Sables wind farm
5596,2025-02-08 23:00:00+00:00,-13.0,12.8,Baie-des-Sables wind farm
5597,2025-02-09 00:00:00+00:00,-13.9,8.6,Baie-des-Sables wind farm
5598,2025-02-09 01:00:00+00:00,-15.7,4.6,Baie-des-Sables wind farm
5599,2025-02-09 02:00:00+00:00,-17.0,2.3,Baie-des-Sables wind farm
5600,2025-02-09 03:00:00+00:00,-17.8,2.4,Baie-des-Sables wind farm
5601,2025-02-09 04:00:00+00:00,-17.2,3.0,Baie-des-Sables wind farm
5602,2025-02-09 05:00:00+00:00,-17.3,4.3,Baie-des-Sables wind farm
5603,2025-02-09 06:00:00+00:00,-16.7,5.8,Baie-des-Sables wind farm
5604,2025-02-09 07:00:00+00:00,-16.2,7.4,Baie-des-Sables wind farm
5605,2025-02-09 08:00:00+00:00,-17.3,4.0,Baie-des-Sables wind farm
5606,2025-02-09 09:00:00+00:00,-15.5,2.8,Baie-des-Sables wind farm
5607,2025-02-09 10:00:00+00:00,-14.4,6.2,Baie-des-Sables wind farm
5608,2025-02-09 11:00:00+00:00,-13.7,6.3,Baie-des-Sables wind farm
5609,2025-02-09 12:00:00+00:00,-13.4,6.6,Baie-des-Sables wind farm
5610,2025-02-09 13:00:00+00:00,-13.4,6.5,Baie-des-Sables wind farm
5611,2025-02-09 14:00:00+00:00,-13.4,6.2,Baie-des-Sables wind farm
5612,2025-02-09 15:00:00+00:00,-13.6,6.3,Baie-des-Sables wind farm
5613,2025-02-09 16:00:00+00:00,-13.9,5.5,Baie-des-Sables wind farm
5614,2025-02-09 17:00:00+00:00,-15.3,3.3,Baie-des-Sables wind farm
5615,2025-02-09 18:00:00+00:00,-16.3,3.2,Baie-des-Sables wind farm
5616,2025-02-09 19:00:00+00:00,-15.8,6.2,Baie-des-Sables wind farm
5617,2025-02-09 20:00:00+00:00,-16.7,2.3,Baie-des-Sables wind farm
5618,2025-02-09 21:00:00+00:00,-17.1,2.8,Baie-des-Sables wind farm
5619,2025-02-09 22:00:00+00:00,-16.8,2.5,Baie-des-Sables wind farm
5620,2025-02-09 23:00:00+00:00,-17.0,1.7,Baie-des-Sables wind farm
5621,2025-02-10 00:00:00+00:00,-17.6,1.6,Baie-des-Sables wind farm
5622,2025-02-10 01:00:00+00:00,-17.6,1.9,Baie-des-Sables wind farm
5623,2025-02-10 02:00:00+00:00,-17.7,2.4,Baie-des-Sables wind farm
5624,2025-02-10 03:00:00+00:00,-17.5,3.0,Baie-des-Sables wind farm
5625,2025-02-10 04:00:00+00:00,-17.7,3.1,Baie-des-Sables wind farm
5626,2025-02-10 05:00:00+00:00,-18.0,3.3,Baie-des-Sables wind farm
5627,2025-02-10 06:00:00+00:00,-18.7,3.4,Baie-des-Sables wind farm
5628,2025-02-10 07:00:00+00:00,-18.9,3.5,Baie-des-Sables wind farm
5629,2025-02-10 08:00:00+00:00,-16.4,2.9,Baie-des-Sables wind farm
5630,2025-02-10 09:00:00+00:00,-14.0,9.1,Baie-des-Sables wind farm
5631,2025-02-10 10:00:00+00:00,-13.6,11.4,Baie-des-Sables wind farm
5632,2025-02-10 11:00:00+00:00,-13.7,11.6,Baie-des-Sables wind farm
5633,2025-02-10 12:00:00+00:00,-13.7,12.4,Baie-des-Sables wind farm
5634,2025-02-10 13:00:00+00:00,-13.7,13.7,Baie-des-Sables wind farm
5635,2025-02-10 14:00:00+00:00,-13.7,14.2,Baie-des-Sables wind farm
5636,2025-02-10 15:00:00+00:00,-13.9,15.4,Baie-des-Sables wind farm
5637,2025-02-10 16:00:00+00:00,-14.1,14.8,Baie-des-Sables wind farm
5638,2025-02-10 17:00:00+00:00,-14.5,14.4,Baie-des-Sables wind farm
5639,2025-02-10 18:00:00+00:00,-14.1,16.5,Baie-des-Sables wind farm
5640,2025-02-10 19:00:00+00:00,-13.9,17.9,Baie-des-Sables wind farm
5641,2025-02-10 20:00:00+00:00,-14.5,16.6,Baie-des-Sables wind farm
5642,2025-02-10 21:00:00+00:00,-14.3,16.6,Baie-des-Sables wind farm
5643,2025-02-10 22:00:00+00:00,-14.5,16.0,Baie-des-Sables wind farm
5644,2025-02-10 23:00:00+00:00,-15.0,14.8,Baie-des-Sables wind farm
5645,2025-02-11 00:00:00+00:00,-15.4,13.9,Baie-des-Sables wind farm
5646,2025-02-11 01:00:00+00:00,-15.8,12.5,Baie-des-Sables wind farm
5647,2025-02-11 02:00:00+00:00,-16.5,11.1,Baie-des-Sables wind farm
5648,2025-02-11 03:00:00+00:00,-16.7,9.5,Baie-des-Sables wind farm
5649,2025-02-11 04:00:00+00:00,-16.3,9.4,Baie-des-Sables wind farm
5650,2025-02-11 05:00:00+00:00,-15.8,11.2,Baie-des-Sables wind farm
5651,2025-02-11 06:00:00+00:00,-16.2,14.5,Baie-des-Sables wind farm
5652,2025-02-11 07:00:00+00:00,-15.8,14.2,Baie-des-Sables wind farm
5653,2025-02-11 08:00:00+00:00,-15.8,12.9,Baie-des-Sables wind farm
5654,2025-02-11 09:00:00+00:00,-14.1,11.8,Baie-des-Sables wind farm
5655,2025-02-11 10:00:00+00:00,-12.0,10.3,Baie-des-Sables wind farm
5656,2025-02-11 11:00:00+00:00,-10.5,11.4,Baie-des-Sables wind farm
5657,2025-02-11 12:00:00+00:00,-9.7,19.4,Baie-des-Sables wind farm
5658,2025-02-11 13:00:00+00:00,-9.4,18.7,Baie-des-Sables wind farm
5659,2025-02-11 14:00:00+00:00,-9.3,16.8,Baie-des-Sables wind farm
5660,2025-02-11 15:00:00+00:00,-8.8,23.7,Baie-des-Sables wind farm
5661,2025-02-11 16:00:00+00:00,-9.7,19.7,Baie-des-Sables wind farm
5662,2025-02-11 17:00:00+00:00,-10.0,14.6,Baie-des-Sables wind farm
5663,2025-02-11 18:00:00+00:00,-11.0,16.4,Baie-des-Sables wind farm
5664,2025-02-11 19:00:00+00:00,-10.7,20.0,Baie-des-Sables wind farm
5665,2025-02-11 20:00:00+00:00,-11.5,20.0,Baie-des-Sables wind farm
5666,2025-02-11 21:00:00+00:00,-11.9,19.1,Baie-des-Sables wind farm
5667,2025-02-11 22:00:00+00:00,-12.5,17.5,Baie-des-Sables wind farm
5668,2025-02-11 23:00:00+00:00,-13.4,16.3,Baie-des-Sables wind farm
5669,2025-02-12 00:00:00+00:00,-14.1,16.4,Baie-des-Sables wind farm
5670,2025-02-12 01:00:00+00:00,-14.8,15.2,Baie-des-Sables wind farm
5671,2025-02-12 02:00:00+00:00,-15.8,14.4,Baie-des-Sables wind farm
5672,2025-02-12 03:00:00+00:00,-16.2,14.6,Baie-des-Sables wind farm
5673,2025-02-12 04:00:00+00:00,-16.5,15.2,Baie-des-Sables wind farm
5674,2025-02-12 05:00:00+00:00,-16.9,15.5,Baie-des-Sables wind farm
5675,2025-02-12 06:00:00+00:00,-16.9,16.5,Baie-des-Sables wind farm
5676,2025-02-12 07:00:00+00:00,-17.4,15.5,Baie-des-Sables wind farm
5677,2025-02-12 08:00:00+00:00,-17.6,16.4,Baie-des-Sables wind farm
5678,2025-02-12 09:00:00+00:00,-17.5,16.5,Baie-des-Sables wind farm
5679,2025-02-12 10:00:00+00:00,-17.5,16.7,Baie-des-Sables wind farm
5680,2025-02-12 11:00:00+00:00,-17.3,16.5,Baie-des-Sables wind farm
5681,2025-02-12 12:00:00+00:00,-17.0,15.5,Baie-des-Sables wind farm
5682,2025-02-12 13:00:00+00:00,-16.5,15.7,Baie-des-Sables wind farm
5683,2025-02-12 14:00:00+00:00,-16.2,15.3,Baie-des-Sables wind farm
5684,2025-02-12 15:00:00+00:00,-16.2,13.8,Baie-des-Sables wind farm
5685,2025-02-12 16:00:00+00:00,-16.4,11.0,Baie-des-Sables wind farm
5686,2025-02-12 17:00:00+00:00,-18.0,9.7,Baie-des-Sables wind farm
5687,2025-02-12 18:00:00+00:00,-19.0,9.6,Baie-des-Sables wind farm
5688,2025-02-12 19:00:00+00:00,-19.3,6.9,Baie-des-Sables wind farm
5689,2025-02-12 20:00:00+00:00,-19.9,5.8,Baie-des-Sables wind farm
5690,2025-02-12 21:00:00+00:00,-20.2,4.6,Baie-des-Sables wind farm
5691,2025-02-12 22:00:00+00:00,-21.3,3.1,Baie-des-Sables wind farm
5692,2025-02-12 23:00:00+00:00,-21.5,7.9,Baie-des-Sables wind farm
5693,2025-02-13 00:00:00+00:00,-21.4,6.3,Baie-des-Sables wind farm
5694,2025-02-13 01:00:00+00:00,-20.0,8.5,Baie-des-Sables wind farm
5695,2025-02-13 02:00:00+00:00,-18.9,6.7,Baie-des-Sables wind farm
5696,2025-02-13 03:00:00+00:00,-18.0,5.7,Baie-des-Sables wind farm
5697,2025-02-13 04:00:00+00:00,-17.5,6.5,Baie-des-Sables wind farm
5698,2025-02-13 05:00:00+00:00,-17.1,9.2,Baie-des-Sables wind farm
5699,2025-02-13 06:00:00+00:00,-17.0,11.2,Baie-des-Sables wind farm
5700,2025-02-13 07:00:00+00:00,-16.9,13.1,Baie-des-Sables wind farm
5701,2025-02-13 08:00:00+00:00,-16.9,13.2,Baie-des-Sables wind farm
5702,2025-02-13 09:00:00+00:00,-15.5,13.5,Baie-des-Sables wind farm
5703,2025-02-13 10:00:00+00:00,-14.2,13.4,Baie-des-Sables wind farm
5704,2025-02-13 11:00:00+00:00,-13.0,14.7,Baie-des-Sables wind farm
5705,2025-02-13 12:00:00+00:00,-12.4,17.9,Baie-des-Sables wind farm
5706,2025-02-13 13:00:00+00:00,-12.0,16.2,Baie-des-Sables wind farm
5707,2025-02-13 14:00:00+00:00,-11.6,16.2,Baie-des-Sables wind farm
5708,2025-02-13 15:00:00+00:00,-11.4,16.2,Baie-des-Sables wind farm
5709,2025-02-13 16:00:00+00:00,-11.2,20.4,Baie-des-Sables wind farm
5710,2025-02-13 17:00:00+00:00,-10.7,22.8,Baie-des-Sables wind farm
5711,2025-02-13 18:00:00+00:00,-10.1,20.3,Baie-des-Sables wind farm
5712,2025-02-13 19:00:00+00:00,-9.6,16.6,Baie-des-Sables wind farm
5713,2025-02-13 20:00:00+00:00,-10.0,12.5,Baie-des-Sables wind farm
5714,2025-02-13 21:00:00+00:00,-9.7,9.2,Baie-des-Sables wind farm
5715,2025-02-13 22:00:00+00:00,-9.8,5.0,Baie-des-Sables wind farm
5716,2025-02-13 23:00:00+00:00,-10.0,5.6,Baie-des-Sables wind farm
5717,2025-02-14 00:00:00+00:00,-10.2,3.1,Baie-des-Sables wind farm
5718,2025-02-14 01:00:00+00:00,-10.3,4.4,Baie-des-Sables wind farm
5719,2025-02-14 02:00:00+00:00,-9.9,12.1,Baie-des-Sables wind farm
5720,2025-02-14 03:00:00+00:00,-10.1,16.2,Baie-des-Sables wind farm
5721,2025-02-14 04:00:00+00:00,-9.4,20.9,Baie-des-Sables wind farm
5722,2025-02-14 05:00:00+00:00,-9.3,29.3,Baie-des-Sables wind farm
5723,2025-02-14 06:00:00+00:00,-10.0,29.5,Baie-des-Sables wind farm
5724,2025-02-14 07:00:00+00:00,-10.2,28.8,Baie-des-Sables wind farm
5725,2025-02-14 08:00:00+00:00,-11.1,32.6,Baie-des-Sables wind farm
5726,2025-02-14 09:00:00+00:00,-11.8,34.5,Baie-des-Sables wind farm
5727,2025-02-14 10:00:00+00:00,-12.4,33.4,Baie-des-Sables wind farm
5728,2025-02-14 11:00:00+00:00,-12.7,34.9,Baie-des-Sables wind farm
5729,2025-02-14 12:00:00+00:00,-12.6,37.9,Baie-des-Sables wind farm
5730,2025-02-14 13:00:00+00:00,-12.4,38.2,Baie-des-Sables wind farm
5731,2025-02-14 14:00:00+00:00,-12.2,39.3,Baie-des-Sables wind farm
5732,2025-02-14 15:00:00+00:00,-12.4,36.3,Baie-des-Sables wind farm
5733,2025-02-14 16:00:00+00:00,-12.7,35.5,Baie-des-Sables wind farm
5734,2025-02-14 17:00:00+00:00,-12.8,37.1,Baie-des-Sables wind farm
5735,2025-02-14 18:00:00+00:00,-13.4,38.2,Baie-des-Sables wind farm
5736,2025-02-14 19:00:00+00:00,-13.6,36.7,Baie-des-Sables wind farm
5737,2025-02-14 20:00:00+00:00,-14.1,34.2,Baie-des-Sables wind farm
5738,2025-02-14 21:00:00+00:00,-14.5,32.3,Baie-des-Sables wind farm
5739,2025-02-14 22:00:00+00:00,-14.9,31.4,Baie-des-Sables wind farm
5740,2025-02-14 23:00:00+00:00,-15.3,29.7,Baie-des-Sables wind farm
5741,2025-02-15 00:00:00+00:00,-15.7,28.9,Baie-des-Sables wind farm
5742,2025-02-15 01:00:00+00:00,-16.1,27.5,Baie-des-Sables wind farm
5743,2025-02-15 02:00:00+00:00,-16.7,25.7,Baie-des-Sables wind farm
5744,2025-02-15 03:00:00+00:00,-17.1,26.0,Baie-des-Sables wind farm
5745,2025-02-15 04:00:00+00:00,-17.6,25.2,Baie-des-Sables wind farm
5746,2025-02-15 05:00:00+00:00,-18.0,24.4,Baie-des-Sables wind farm
5747,2025-02-15 06:00:00+00:00,-18.4,25.6,Baie-des-Sables wind farm
5748,2025-02-15 07:00:00+00:00,-19.0,25.4,Baie-des-Sables wind farm
5749,2025-02-15 08:00:00+00:00,-17.5,26.3,Baie-des-Sables wind farm
5750,2025-02-15 09:00:00+00:00,-17.0,28.0,Baie-des-Sables wind farm
5751,2025-02-15 10:00:00+00:00,-16.7,28.9,Baie-des-Sables wind farm
5752,2025-02-15 11:00:00+00:00,-16.1,30.4,Baie-des-Sables wind farm
5753,2025-02-15 12:00:00+00:00,-15.4,30.8,Baie-des-Sables wind farm
5754,2025-02-15 13:00:00+00:00,-14.5,30.8,Baie-des-Sables wind farm
5755,2025-02-15 14:00:00+00:00,-13.6,28.3,Baie-des-Sables wind farm
5756,2025-02-15 15:00:00+00:00,-13.0,27.0,Baie-des-Sables wind farm
5757,2025-02-15 16:00:00+00:00,-12.9,26.1,Baie-des-Sables wind farm
5758,2025-02-15 17:00:00+00:00,-13.2,25.5,Baie-des-Sables wind farm
5759,2025-02-15 18:00:00+00:00,-13.4,24.9,Baie-des-Sables wind farm
5760,2025-02-15 19:00:00+00:00,-13.9,22.3,Baie-des-Sables wind farm
5761,2025-02-15 20:00:00+00:00,-14.1,20.5,Baie-des-Sables wind farm
5762,2025-02-15 21:00:00+00:00,-14.7,18.5,Baie-des-Sables wind farm
5763,2025-02-15 22:00:00+00:00,-15.3,17.7,Baie-des-Sables wind farm
5764,2025-02-15 23:00:00+00:00,-15.8,18.2,Baie-des-Sables wind farm
5765,2025-02-16 00:00:00+00:00,-16.3,17.7,Baie-des-Sables wind farm
5766,2025-02-16 01:00:00+00:00,-16.7,16.6,Baie-des-Sables wind farm
5767,2025-02-16 02:00:00+00:00,-16.9,15.8,Baie-des-Sables wind farm
5768,2025-02-16 03:00:00+00:00,-17.2,15.9,Baie-des-Sables wind farm
5769,2025-02-16 04:00:00+00:00,-17.3,15.9,Baie-des-Sables wind farm
5770,2025-02-16 05:00:00+00:00,-17.3,16.0,Baie-des-Sables wind farm
5771,2025-02-16 06:00:00+00:00,-17.7,14.2,Baie-des-Sables wind farm
5772,2025-02-16 07:00:00+00:00,-17.9,13.8,Baie-des-Sables wind farm
5773,2025-02-16 08:00:00+00:00,-16.4,13.7,Baie-des-Sables wind farm
5774,2025-02-16 09:00:00+00:00,-15.9,15.7,Baie-des-Sables wind farm
5775,2025-02-16 10:00:00+00:00,-15.6,14.1,Baie-des-Sables wind farm
5776,2025-02-16 11:00:00+00:00,-15.4,8.7,Baie-des-Sables wind farm
5777,2025-02-16 12:00:00+00:00,-15.0,4.8,Baie-des-Sables wind farm
5778,2025-02-16 13:00:00+00:00,-14.4,5.9,Baie-des-Sables wind farm
5779,2025-02-16 14:00:00+00:00,-14.2,2.6,Baie-des-Sables wind farm
5780,2025-02-16 15:00:00+00:00,-14.1,4.8,Baie-des-Sables wind farm
5781,2025-02-16 16:00:00+00:00,-14.1,4.9,Baie-des-Sables wind farm
5782,2025-02-16 17:00:00+00:00,-14.2,8.2,Baie-des-Sables wind farm
5783,2025-02-16 18:00:00+00:00,-14.2,7.7,Baie-des-Sables wind farm
5784,2025-02-16 19:00:00+00:00,-13.5,9.0,Baie-des-Sables wind farm
5785,2025-02-16 20:00:00+00:00,-13.9,15.3,Baie-des-Sables wind farm
5786,2025-02-16 21:00:00+00:00,-13.3,18.7,Baie-des-Sables wind farm
5787,2025-02-16 22:00:00+00:00,-12.7,20.3,Baie-des-Sables wind farm
5788,2025-02-16 23:00:00+00:00,-12.0,17.6,Baie-des-Sables wind farm
5789,2025-02-17 00:00:00+00:00,-10.7,18.4,Baie-des-Sables wind farm
5790,2025-02-17 01:00:00+00:00,-9.7,19.3,Baie-des-Sables wind farm
5791,2025-02-17 02:00:00+00:00,-8.5,23.1,Baie-des-Sables wind farm
5792,2025-02-17 03:00:00+00:00,-7.2,25.1,Baie-des-Sables wind farm
5793,2025-02-17 04:00:00+00:00,-6.1,26.5,Baie-des-Sables wind farm
5794,2025-02-17 05:00:00+00:00,-5.3,26.3,Baie-des-Sables wind farm
5795,2025-02-17 06:00:00+00:00,-4.8,26.3,Baie-des-Sables wind farm
5796,2025-02-17 07:00:00+00:00,-4.5,26.3,Baie-des-Sables wind farm
5797,2025-02-17 08:00:00+00:00,-5.0,21.2,Baie-des-Sables wind farm
5798,2025-02-17 09:00:00+00:00,-4.3,17.6,Baie-des-Sables wind farm
5799,2025-02-17 10:00:00+00:00,-3.5,18.5,Baie-des-Sables wind farm
5800,2025-02-17 11:00:00+00:00,-3.0,18.1,Baie-des-Sables wind farm
5801,2025-02-17 12:00:00+00:00,-4.4,26.3,Baie-des-Sables wind farm
5802,2025-02-17 13:00:00+00:00,-4.4,23.9,Baie-des-Sables wind farm
5803,2025-02-17 14:00:00+00:00,-4.4,25.4,Baie-des-Sables wind farm
5804,2025-02-17 15:00:00+00:00,-5.2,28.8,Baie-des-Sables wind farm
5805,2025-02-17 16:00:00+00:00,-5.7,35.1,Baie-des-Sables wind farm
5806,2025-02-17 17:00:00+00:00,-7.3,37.6,Baie-des-Sables wind farm
5807,2025-02-17 18:00:00+00:00,-8.8,39.0,Baie-des-Sables wind farm
5808,2025-02-17 19:00:00+00:00,-9.8,38.8,Baie-des-Sables wind farm
5809,2025-02-17 20:00:00+00:00,-11.5,40.5,Baie-des-Sables wind farm
5810,2025-02-17 21:00:00+00:00,-12.1,39.5,Baie-des-Sables wind farm
5811,2025-02-17 22:00:00+00:00,-12.6,39.1,Baie-des-Sables wind farm
5812,2025-02-17 23:00:00+00:00,-12.9,38.0,Baie-des-Sables wind farm
5813,2025-02-18 00:00:00+00:00,-13.1,35.5,Baie-des-Sables wind farm
5814,2025-02-18 01:00:00+00:00,-13.0,35.3,Baie-des-Sables wind farm
5815,2025-02-18 02:00:00+00:00,-13.3,33.6,Baie-des-Sables wind farm
5816,2025-02-18 03:00:00+00:00,-13.5,32.4,Baie-des-Sables wind farm
5817,2025-02-18 04:00:00+00:00,-13.5,31.4,Baie-des-Sables wind farm
5818,2025-02-18 05:00:00+00:00,-13.4,30.9,Baie-des-Sables wind farm
5819,2025-02-18 06:00:00+00:00,-13.2,30.1,Baie-des-Sables wind farm
5820,2025-02-18 07:00:00+00:00,-12.9,29.1,Baie-des-Sables wind farm
5821,2025-02-18 08:00:00+00:00,-13.6,31.6,Baie-des-Sables wind farm
5822,2025-02-18 09:00:00+00:00,-13.4,27.3,Baie-des-Sables wind farm
5823,2025-02-18 10:00:00+00:00,-13.0,26.4,Baie-des-Sables wind farm
5824,2025-02-18 11:00:00+00:00,-12.4,24.3,Baie-des-Sables wind farm
5825,2025-02-18 12:00:00+00:00,-11.4,25.2,Baie-des-Sables wind farm
5826,2025-02-18 13:00:00+00:00,-10.6,26.1,Baie-des-Sables wind farm
5827,2025-02-18 14:00:00+00:00,-10.0,25.2,Baie-des-Sables wind farm
5828,2025-02-18 15:00:00+00:00,-9.9,23.8,Baie-des-Sables wind farm
5829,2025-02-18 16:00:00+00:00,-9.9,27.4,Baie-des-Sables wind farm
5830,2025-02-18 17:00:00+00:00,-9.4,27.1,Baie-des-Sables wind farm
5831,2025-02-18 18:00:00+00:00,-9.4,26.3,Baie-des-Sables wind farm
5832,2025-02-18 19:00:00+00:00,-9.3,25.6,Baie-des-Sables wind farm
5833,2025-02-18 20:00:00+00:00,-9.9,26.1,Baie-des-Sables wind farm
5834,2025-02-18 21:00:00+00:00,-9.8,25.6,Baie-des-Sables wind farm
5835,2025-02-18 22:00:00+00:00,-9.8,24.5,Baie-des-Sables wind farm
5836,2025-02-18 23:00:00+00:00,-9.8,23.6,Baie-des-Sables wind farm
5837,2025-02-19 00:00:00+00:00,-9.8,22.4,Baie-des-Sables wind farm
5838,2025-02-19 01:00:00+00:00,-9.7,22.0,Baie-des-Sables wind farm
5839,2025-02-19 02:00:00+00:00,-9.5,21.3,Baie-des-Sables wind farm
5840,2025-02-19 03:00:00+00:00,-9.1,20.3,Baie-des-Sables wind farm
5841,2025-02-19 04:00:00+00:00,-8.6,20.1,Baie-des-Sables wind farm
5842,2025-02-19 05:00:00+00:00,-8.1,19.0,Baie-des-Sables wind farm
5843,2025-02-19 06:00:00+00:00,-7.7,18.5,Baie-des-Sables wind farm
5844,2025-02-19 07:00:00+00:00,-7.3,19.1,Baie-des-Sables wind farm
5845,2025-02-19 08:00:00+00:00,-7.8,21.8,Baie-des-Sables wind farm
5846,2025-02-19 09:00:00+00:00,-6.3,20.5,Baie-des-Sables wind farm
5847,2025-02-19 10:00:00+00:00,-5.8,18.9,Baie-des-Sables wind farm
5848,2025-02-19 11:00:00+00:00,-5.3,20.4,Baie-des-Sables wind farm
5849,2025-02-19 12:00:00+00:00,-4.7,20.8,Baie-des-Sables wind farm
5850,2025-02-19 13:00:00+00:00,-4.0,20.9,Baie-des-Sables wind farm
5851,2025-02-19 14:00:00+00:00,-3.7,20.6,Baie-des-Sables wind farm
5852,2025-02-19 15:00:00+00:00,-3.9,20.0,Baie-des-Sables wind farm
5853,2025-02-19 16:00:00+00:00,-4.7,23.3,Baie-des-Sables wind farm
5854,2025-02-19 17:00:00+00:00,-5.7,22.6,Baie-des-Sables wind farm
5855,2025-02-19 18:00:00+00:00,-5.8,21.8,Baie-des-Sables wind farm
5856,2025-02-19 19:00:00+00:00,-5.4,20.6,Baie-des-Sables wind farm
5857,2025-02-19 20:00:00+00:00,-4.9,22.6,Baie-des-Sables wind farm
5858,2025-02-19 21:00:00+00:00,-4.6,22.6,Baie-des-Sables wind farm
5859,2025-02-19 22:00:00+00:00,-4.5,22.5,Baie-des-Sables wind farm
5860,2025-02-19 23:00:00+00:00,-4.4,22.7,Baie-des-Sables wind farm
5861,2025-02-20 00:00:00+00:00,-4.6,22.7,Baie-des-Sables wind farm
5862,2025-02-20 01:00:00+00:00,-5.0,22.4,Baie-des-Sables wind farm
5863,2025-02-20 02:00:00+00:00,-5.6,21.3,Baie-des-Sables wind farm
5864,2025-02-20 03:00:00+00:00,-6.0,19.9,Baie-des-Sables wind farm
5865,2025-02-20 04:00:00+00:00,-6.3,18.6,Baie-des-Sables wind farm
5866,2025-02-20 05:00:00+00:00,-6.6,18.3,Baie-des-Sables wind farm
5867,2025-02-20 06:00:00+00:00,-6.7,18.4,Baie-des-Sables wind farm
5868,2025-02-20 07:00:00+00:00,-6.1,18.7,Baie-des-Sables wind farm
5869,2025-02-20 08:00:00+00:00,-6.3,18.4,Baie-des-Sables wind farm
5870,2025-02-20 09:00:00+00:00,-5.4,16.0,Baie-des-Sables wind farm
5871,2025-02-20 10:00:00+00:00,-4.4,16.2,Baie-des-Sables wind farm
5872,2025-02-20 11:00:00+00:00,-3.8,14.9,Baie-des-Sables wind farm
5873,2025-02-20 12:00:00+00:00,-3.6,14.2,Baie-des-Sables wind farm
5874,2025-02-20 13:00:00+00:00,-3.5,14.6,Baie-des-Sables wind farm
5875,2025-02-20 14:00:00+00:00,-3.6,14.5,Baie-des-Sables wind farm
5876,2025-02-20 15:00:00+00:00,-3.6,13.5,Baie-des-Sables wind farm
5877,2025-02-20 16:00:00+00:00,-4.6,10.5,Baie-des-Sables wind farm
5878,2025-02-20 17:00:00+00:00,-6.6,12.1,Baie-des-Sables wind farm
5879,2025-02-20 18:00:00+00:00,-7.3,15.1,Baie-des-Sables wind farm
5880,2025-02-20 19:00:00+00:00,-7.3,15.3,Baie-des-Sables wind farm
5881,2025-02-20 20:00:00+00:00,-7.3,13.7,Baie-des-Sables wind farm
5882,2025-02-20 21:00:00+00:00,-7.9,9.4,Baie-des-Sables wind farm
5883,2025-02-20 22:00:00+00:00,-8.7,8.1,Baie-des-Sables wind farm
5884,2025-02-20 23:00:00+00:00,-10.1,7.4,Baie-des-Sables wind farm
5885,2025-02-21 00:00:00+00:00,-11.0,7.3,Baie-des-Sables wind farm
5886,2025-02-21 01:00:00+00:00,-10.9,9.2,Baie-des-Sables wind farm
5887,2025-02-21 02:00:00+00:00,-10.2,12.7,Baie-des-Sables wind farm
5888,2025-02-21 03:00:00+00:00,-10.2,11.8,Baie-des-Sables wind farm
5889,2025-02-21 04:00:00+00:00,-10.6,11.0,Baie-des-Sables wind farm
5890,2025-02-21 05:00:00+00:00,-11.0,11.2,Baie-des-Sables wind farm
5891,2025-02-21 06:00:00+00:00,-11.3,11.0,Baie-des-Sables wind farm
5892,2025-02-21 07:00:00+00:00,-11.1,12.8,Baie-des-Sables wind farm
5893,2025-02-21 08:00:00+00:00,-8.9,13.1,Baie-des-Sables wind farm
5894,2025-02-21 09:00:00+00:00,-8.3,17.3,Baie-des-Sables wind farm
5895,2025-02-21 10:00:00+00:00,-8.0,17.6,Baie-des-Sables wind farm
5896,2025-02-21 11:00:00+00:00,-7.4,16.3,Baie-des-Sables wind farm
5897,2025-02-21 12:00:00+00:00,-6.9,18.7,Baie-des-Sables wind farm
5898,2025-02-21 13:00:00+00:00,-6.2,20.4,Baie-des-Sables wind farm
5899,2025-02-21 14:00:00+00:00,-5.3,20.4,Baie-des-Sables wind farm
5900,2025-02-21 15:00:00+00:00,-4.9,19.4,Baie-des-Sables wind farm
5901,2025-02-21 16:00:00+00:00,-5.3,19.6,Baie-des-Sables wind farm
5902,2025-02-21 17:00:00+00:00,-6.3,20.2,Baie-des-Sables wind farm
5903,2025-02-21 18:00:00+00:00,-6.5,21.5,Baie-des-Sables wind farm
5904,2025-02-21 19:00:00+00:00,-7.0,21.7,Baie-des-Sables wind farm
5905,2025-02-21 20:00:00+00:00,-8.4,22.2,Baie-des-Sables wind farm
5906,2025-02-21 21:00:00+00:00,-9.3,21.7,Baie-des-Sables wind farm
5907,2025-02-21 22:00:00+00:00,-10.1,21.4,Baie-des-Sables wind farm
5908,2025-02-21 23:00:00+00:00,-10.8,21.1,Baie-des-Sables wind farm
5909,2025-02-22 00:00:00+00:00,-11.4,20.9,Baie-des-Sables wind farm
5910,2025-02-22 01:00:00+00:00,-11.9,20.7,Baie-des-Sables wind farm
5911,2025-02-22 02:00:00+00:00,-12.3,20.0,Baie-des-Sables wind farm
5912,2025-02-22 03:00:00+00:00,-12.6,19.1,Baie-des-Sables wind farm
5913,2025-02-22 04:00:00+00:00,-12.7,17.9,Baie-des-Sables wind farm
5914,2025-02-22 05:00:00+00:00,-12.7,17.2,Baie-des-Sables wind farm
5915,2025-02-22 06:00:00+00:00,-12.9,16.9,Baie-des-Sables wind farm
5916,2025-02-22 07:00:00+00:00,-13.0,16.7,Baie-des-Sables wind farm
5917,2025-02-22 08:00:00+00:00,-11.2,14.2,Baie-des-Sables wind farm
5918,2025-02-22 09:00:00+00:00,-10.3,18.7,Baie-des-Sables wind farm
5919,2025-02-22 10:00:00+00:00,-9.8,17.7,Baie-des-Sables wind farm
5920,2025-02-22 11:00:00+00:00,-9.1,16.0,Baie-des-Sables wind farm
5921,2025-02-22 12:00:00+00:00,-8.2,14.2,Baie-des-Sables wind farm
5922,2025-02-22 13:00:00+00:00,-7.5,14.0,Baie-des-Sables wind farm
5923,2025-02-22 14:00:00+00:00,-7.1,15.3,Baie-des-Sables wind farm
5924,2025-02-22 15:00:00+00:00,-6.7,14.2,Baie-des-Sables wind farm
5925,2025-02-22 16:00:00+00:00,-6.8,9.9,Baie-des-Sables wind farm
5926,2025-02-22 17:00:00+00:00,-8.2,12.6,Baie-des-Sables wind farm
5927,2025-02-22 18:00:00+00:00,-8.8,15.0,Baie-des-Sables wind farm
5928,2025-02-22 19:00:00+00:00,-8.7,16.1,Baie-des-Sables wind farm
5929,2025-02-22 20:00:00+00:00,-8.5,17.0,Baie-des-Sables wind farm
5930,2025-02-22 21:00:00+00:00,-8.8,17.2,Baie-des-Sables wind farm
5931,2025-02-22 22:00:00+00:00,-9.1,17.9,Baie-des-Sables wind farm
5932,2025-02-22 23:00:00+00:00,-9.3,18.3,Baie-des-Sables wind farm
5933,2025-02-23 00:00:00+00:00,-9.5,18.8,Baie-des-Sables wind farm
5934,2025-02-23 01:00:00+00:00,-9.7,18.3,Baie-des-Sables wind farm
5935,2025-02-23 02:00:00+00:00,-9.6,19.3,Baie-des-Sables wind farm
5936,2025-02-23 03:00:00+00:00,-8.9,18.4,Baie-des-Sables wind farm
5937,2025-02-23 04:00:00+00:00,-8.7,17.6,Baie-des-Sables wind farm
5938,2025-02-23 05:00:00+00:00,-8.3,16.3,Baie-des-Sables wind farm
5939,2025-02-23 06:00:00+00:00,-7.6,15.3,Baie-des-Sables wind farm
5940,2025-02-23 07:00:00+00:00,-7.5,14.3,Baie-des-Sables wind farm
5941,2025-02-23 08:00:00+00:00,-6.4,14.6,Baie-des-Sables wind farm
5942,2025-02-23 09:00:00+00:00,-5.1,16.0,Baie-des-Sables wind farm
5943,2025-02-23 10:00:00+00:00,-4.4,18.7,Baie-des-Sables wind farm
5944,2025-02-23 11:00:00+00:00,-3.9,18.6,Baie-des-Sables wind farm
5945,2025-02-23 12:00:00+00:00,-3.5,17.4,Baie-des-Sables wind farm
5946,2025-02-23 13:00:00+00:00,-3.4,18.5,Baie-des-Sables wind farm
5947,2025-02-23 14:00:00+00:00,-3.4,18.5,Baie-des-Sables wind farm
5948,2025-02-23 15:00:00+00:00,-3.1,16.5,Baie-des-Sables wind farm
5949,2025-02-23 16:00:00+00:00,-3.5,15.7,Baie-des-Sables wind farm
5950,2025-02-23 17:00:00+00:00,-4.4,15.5,Baie-des-Sables wind farm
5951,2025-02-23 18:00:00+00:00,-4.6,12.9,Baie-des-Sables wind farm
5952,2025-02-23 19:00:00+00:00,-4.8,17.6,Baie-des-Sables wind farm
5953,2025-02-23 20:00:00+00:00,-5.7,16.4,Baie-des-Sables wind farm
5954,2025-02-23 21:00:00+00:00,-6.3,15.1,Baie-des-Sables wind farm
5955,2025-02-23 22:00:00+00:00,-7.3,13.2,Baie-des-Sables wind farm
5956,2025-02-23 23:00:00+00:00,-8.7,11.7,Baie-des-Sables wind farm
5957,2025-02-24 00:00:00+00:00,-9.5,10.9,Baie-des-Sables wind farm
5958,2025-02-24 01:00:00+00:00,-10.2,10.0,Baie-des-Sables wind farm
5959,2025-02-24 02:00:00+00:00,-11.3,9.7,Baie-des-Sables wind farm
5960,2025-02-24 03:00:00+00:00,-12.6,10.1,Baie-des-Sables wind farm
5961,2025-02-24 04:00:00+00:00,-13.3,11.8,Baie-des-Sables wind farm
5962,2025-02-24 05:00:00+00:00,-13.8,12.4,Baie-des-Sables wind farm
5963,2025-02-24 06:00:00+00:00,-14.2,11.7,Baie-des-Sables wind farm
5964,2025-02-24 07:00:00+00:00,-14.2,10.8,Baie-des-Sables wind farm
5965,2025-02-24 08:00:00+00:00,-11.8,8.1,Baie-des-Sables wind farm
5966,2025-02-24 09:00:00+00:00,-8.7,6.7,Baie-des-Sables wind farm
5967,2025-02-24 10:00:00+00:00,-6.9,6.8,Baie-des-Sables wind farm
5968,2025-02-24 11:00:00+00:00,-5.5,8.0,Baie-des-Sables wind farm
5969,2025-02-24 12:00:00+00:00,-4.0,6.6,Baie-des-Sables wind farm
5970,2025-02-24 13:00:00+00:00,-2.8,6.7,Baie-des-Sables wind farm
5971,2025-02-24 14:00:00+00:00,-2.0,8.3,Baie-des-Sables wind farm
5972,2025-02-24 15:00:00+00:00,-2.2,10.5,Baie-des-Sables wind farm
5973,2025-02-24 16:00:00+00:00,-2.9,14.9,Baie-des-Sables wind farm
5974,2025-02-24 17:00:00+00:00,-4.3,17.8,Baie-des-Sables wind farm
5975,2025-02-24 18:00:00+00:00,-4.5,20.2,Baie-des-Sables wind farm
5976,2025-02-24 19:00:00+00:00,-3.4,23.6,Baie-des-Sables wind farm
5977,2025-02-24 20:00:00+00:00,-3.0,29.8,Baie-des-Sables wind farm
5978,2025-02-24 21:00:00+00:00,-2.4,31.2,Baie-des-Sables wind farm
5979,2025-02-24 22:00:00+00:00,-1.8,30.2,Baie-des-Sables wind farm
5980,2025-02-24 23:00:00+00:00,-0.8,31.7,Baie-des-Sables wind farm
5981,2025-02-25 00:00:00+00:00,0.0,33.5,Baie-des-Sables wind farm
5982,2025-02-25 01:00:00+00:00,0.6,35.0,Baie-des-Sables wind farm
5983,2025-02-25 02:00:00+00:00,1.4,35.7,Baie-des-Sables wind farm
5984,2025-02-25 03:00:00+00:00,2.0,34.5,Baie-des-Sables wind farm
5985,2025-02-25 04:00:00+00:00,2.2,31.2,Baie-des-Sables wind farm
5986,2025-02-25 05:00:00+00:00,3.1,28.7,Baie-des-Sables wind farm
5987,2025-02-25 06:00:00+00:00,3.5,26.6,Baie-des-Sables wind farm
5988,2025-02-25 07:00:00+00:00,3.5,27.3,Baie-des-Sables wind farm
5989,2025-02-25 08:00:00+00:00,4.1,25.8,Baie-des-Sables wind farm
5990,2025-02-25 09:00:00+00:00,4.6,24.6,Baie-des-Sables wind farm
5991,2025-02-25 10:00:00+00:00,4.8,23.1,Baie-des-Sables wind farm
5992,2025-02-25 11:00:00+00:00,4.6,20.2,Baie-des-Sables wind farm
5993,2025-02-25 12:00:00+00:00,4.9,22.9,Baie-des-Sables wind farm
5994,2025-02-25 13:00:00+00:00,4.3,20.3,Baie-des-Sables wind farm
5995,2025-02-25 14:00:00+00:00,4.4,18.7,Baie-des-Sables wind farm
5996,2025-02-25 15:00:00+00:00,3.9,15.2,Baie-des-Sables wind farm
5997,2025-02-25 16:00:00+00:00,3.2,11.7,Baie-des-Sables wind farm
5998,2025-02-25 17:00:00+00:00,2.5,9.9,Baie-des-Sables wind farm
5999,2025-02-25 18:00:00+00:00,2.1,8.9,Baie-des-Sables wind farm
6000,2025-02-25 19:00:00+00:00,1.6,7.3,Baie-des-Sables wind farm
6001,2025-02-25 20:00:00+00:00,1.1,8.6,Baie-des-Sables wind farm
6002,2025-02-25 21:00:00+00:00,-0.5,9.3,Baie-des-Sables wind farm
6003,2025-02-25 22:00:00+00:00,-1.3,8.7,Baie-des-Sables wind farm
6004,2025-02-25 23:00:00+00:00,-1.6,8.0,Baie-des-Sables wind farm
6005,2025-02-26 00:00:00+00:00,-1.9,8.1,Baie-des-Sables wind farm
6006,2025-02-26 01:00:00+00:00,-2.2,8.7,Baie-des-Sables wind farm
6007,2025-02-26 02:00:00+00:00,-2.4,9.6,Baie-des-Sables wind farm
6008,2025-02-26 03:00:00+00:00,-2.7,10.6,Baie-des-Sables wind farm
6009,2025-02-26 04:00:00+00:00,-3.1,10.9,Baie-des-Sables wind farm
6010,2025-02-26 05:00:00+00:00,-3.4,10.0,Baie-des-Sables wind farm
6011,2025-02-26 06:00:00+00:00,-3.6,9.6,Baie-des-Sables wind farm
6012,2025-02-26 07:00:00+00:00,-3.6,10.7,Baie-des-Sables wind farm
6013,2025-02-26 08:00:00+00:00,-3.5,10.3,Baie-des-Sables wind farm
6014,2025-02-26 09:00:00+00:00,-3.5,10.8,Baie-des-Sables wind farm
6015,2025-02-26 10:00:00+00:00,-3.6,12.2,Baie-des-Sables wind farm
6016,2025-02-26 11:00:00+00:00,-3.7,13.1,Baie-des-Sables wind farm
6017,2025-02-26 12:00:00+00:00,-3.9,13.2,Baie-des-Sables wind farm
6018,2025-02-26 13:00:00+00:00,-3.8,14.4,Baie-des-Sables wind farm
6019,2025-02-26 14:00:00+00:00,-3.6,16.0,Baie-des-Sables wind farm
6020,2025-02-26 15:00:00+00:00,-3.6,17.9,Baie-des-Sables wind farm
6021,2025-02-26 16:00:00+00:00,-4.2,18.5,Baie-des-Sables wind farm
6022,2025-02-26 17:00:00+00:00,-5.5,19.1,Baie-des-Sables wind farm
6023,2025-02-26 18:00:00+00:00,-6.1,18.8,Baie-des-Sables wind farm
6024,2025-02-26 19:00:00+00:00,-6.5,17.2,Baie-des-Sables wind farm
6025,2025-02-26 20:00:00+00:00,-6.1,19.1,Baie-des-Sables wind farm
6026,2025-02-26 21:00:00+00:00,-6.8,17.9,Baie-des-Sables wind farm
6027,2025-02-26 22:00:00+00:00,-7.5,15.8,Baie-des-Sables wind farm
6028,2025-02-26 23:00:00+00:00,-8.1,13.3,Baie-des-Sables wind farm
6029,2025-02-27 00:00:00+00:00,-9.0,12.2,Baie-des-Sables wind farm
6030,2025-02-27 01:00:00+00:00,-8.8,12.8,Baie-des-Sables wind farm
6031,2025-02-27 02:00:00+00:00,-9.2,11.7,Baie-des-Sables wind farm
6032,2025-02-27 03:00:00+00:00,-10.1,12.7,Baie-des-Sables wind farm
6033,2025-02-27 04:00:00+00:00,-10.6,14.0,Baie-des-Sables wind farm
6034,2025-02-27 05:00:00+00:00,-10.6,13.5,Baie-des-Sables wind farm
6035,2025-02-27 06:00:00+00:00,-10.5,13.0,Baie-des-Sables wind farm
6036,2025-02-27 07:00:00+00:00,-10.0,13.6,Baie-des-Sables wind farm
6037,2025-02-27 08:00:00+00:00,-6.2,13.1,Baie-des-Sables wind farm
6038,2025-02-27 09:00:00+00:00,-3.0,10.7,Baie-des-Sables wind farm
6039,2025-02-27 10:00:00+00:00,-0.9,10.6,Baie-des-Sables wind farm
6040,2025-02-27 11:00:00+00:00,0.8,12.3,Baie-des-Sables wind farm
6041,2025-02-27 12:00:00+00:00,1.8,14.4,Baie-des-Sables wind farm
6042,2025-02-27 13:00:00+00:00,1.7,13.1,Baie-des-Sables wind farm
6043,2025-02-27 14:00:00+00:00,2.0,11.8,Baie-des-Sables wind farm
6044,2025-02-27 15:00:00+00:00,1.7,16.1,Baie-des-Sables wind farm
6045,2025-02-27 16:00:00+00:00,0.3,20.2,Baie-des-Sables wind farm
6046,2025-02-27 17:00:00+00:00,-1.4,22.4,Baie-des-Sables wind farm
6047,2025-02-27 18:00:00+00:00,-1.7,22.2,Baie-des-Sables wind farm
6048,2025-02-27 19:00:00+00:00,-1.5,20.2,Baie-des-Sables wind farm
6049,2025-02-27 20:00:00+00:00,-2.0,14.2,Baie-des-Sables wind farm
6050,2025-02-27 21:00:00+00:00,-2.3,6.9,Baie-des-Sables wind farm
6051,2025-02-27 22:00:00+00:00,-2.5,6.8,Baie-des-Sables wind farm
6052,2025-02-27 23:00:00+00:00,-2.4,8.2,Baie-des-Sables wind farm
6053,2025-02-28 00:00:00+00:00,-2.2,10.7,Baie-des-Sables wind farm
6054,2025-02-28 01:00:00+00:00,-2.0,11.1,Baie-des-Sables wind farm
6055,2025-02-28 02:00:00+00:00,-1.8,13.3,Baie-des-Sables wind farm
6056,2025-02-28 03:00:00+00:00,-1.8,15.5,Baie-des-Sables wind farm
6057,2025-02-28 04:00:00+00:00,-1.5,18.2,Baie-des-Sables wind farm
6058,2025-02-28 05:00:00+00:00,-1.7,19.7,Baie-des-Sables wind farm
6059,2025-02-28 06:00:00+00:00,-1.6,22.9,Baie-des-Sables wind farm
6060,2025-02-28 07:00:00+00:00,-3.2,28.5,Baie-des-Sables wind farm
6061,2025-02-28 08:00:00+00:00,-5.7,28.2,Baie-des-Sables wind farm
6062,2025-02-28 09:00:00+00:00,-7.3,28.9,Baie-des-Sables wind farm
6063,2025-02-28 10:00:00+00:00,-8.4,29.4,Baie-des-Sables wind farm
6064,2025-02-28 11:00:00+00:00,-9.1,29.3,Baie-des-Sables wind farm
6065,2025-02-28 12:00:00+00:00,-9.4,29.2,Baie-des-Sables wind farm
6066,2025-02-28 13:00:00+00:00,-9.6,29.9,Baie-des-Sables wind farm
6067,2025-02-28 14:00:00+00:00,-9.8,30.4,Baie-des-Sables wind farm
6068,2025-02-28 15:00:00+00:00,-10.6,30.0,Baie-des-Sables wind farm
6069,2025-02-28 16:00:00+00:00,-11.2,27.2,Baie-des-Sables wind farm
6070,2025-02-28 17:00:00+00:00,-12.2,24.1,Baie-des-Sables wind farm
6071,2025-02-28 18:00:00+00:00,-12.8,22.9,Baie-des-Sables wind farm
6072,2025-02-28 19:00:00+00:00,-13.2,21.0,Baie-des-Sables wind farm
6073,2025-02-28 20:00:00+00:00,-13.4,16.3,Baie-des-Sables wind farm
6074,2025-02-28 21:00:00+00:00,-14.4,12.5,Baie-des-Sables wind farm
6075,2025-02-28 22:00:00+00:00,-15.3,11.9,Baie-des-Sables wind farm
6076,2025-02-28 23:00:00+00:00,-16.0,8.5,Baie-des-Sables wind farm
6077,2025-03-01 00:00:00+00:00,-17.8,6.7,Baie-des-Sables wind farm
6078,2025-03-01 01:00:00+00:00,-17.5,5.9,Baie-des-Sables wind farm
6079,2025-03-01 02:00:00+00:00,-16.9,3.8,Baie-des-Sables wind farm
6080,2025-03-01 03:00:00+00:00,-17.5,6.5,Baie-des-Sables wind farm
6081,2025-03-01 04:00:00+00:00,-17.6,8.6,Baie-des-Sables wind farm
6082,2025-03-01 05:00:00+00:00,-17.0,9.6,Baie-des-Sables wind farm
6083,2025-03-01 06:00:00+00:00,-16.1,12.1,Baie-des-Sables wind farm
6084,2025-03-01 07:00:00+00:00,-15.4,12.5,Baie-des-Sables wind farm
6085,2025-03-01 08:00:00+00:00,-14.5,11.8,Baie-des-Sables wind farm
6086,2025-03-01 09:00:00+00:00,-13.0,14.4,Baie-des-Sables wind farm
6087,2025-03-01 10:00:00+00:00,-11.8,14.2,Baie-des-Sables wind farm
6088,2025-03-01 11:00:00+00:00,-11.0,11.1,Baie-des-Sables wind farm
6089,2025-03-01 12:00:00+00:00,-10.3,12.8,Baie-des-Sables wind farm
6090,2025-03-01 13:00:00+00:00,-9.6,14.2,Baie-des-Sables wind farm
6091,2025-03-01 14:00:00+00:00,-9.1,15.3,Baie-des-Sables wind farm
6092,2025-03-01 15:00:00+00:00,-8.5,15.1,Baie-des-Sables wind farm
6093,2025-03-01 16:00:00+00:00,-7.6,11.8,Baie-des-Sables wind farm
6094,2025-03-01 17:00:00+00:00,-6.9,12.6,Baie-des-Sables wind farm
6095,2025-03-01 18:00:00+00:00,-6.3,12.0,Baie-des-Sables wind farm
6096,2025-03-01 19:00:00+00:00,-6.3,13.4,Baie-des-Sables wind farm
6097,2025-03-01 20:00:00+00:00,-7.8,8.1,Baie-des-Sables wind farm
6098,2025-03-01 21:00:00+00:00,-7.5,10.2,Baie-des-Sables wind farm
6099,2025-03-01 22:00:00+00:00,-7.4,10.2,Baie-des-Sables wind farm
6100,2025-03-01 23:00:00+00:00,-7.3,8.2,Baie-des-Sables wind farm
6101,2025-03-02 00:00:00+00:00,-6.8,15.0,Baie-des-Sables wind farm
6102,2025-03-02 01:00:00+00:00,-7.4,17.3,Baie-des-Sables wind farm
6103,2025-03-02 02:00:00+00:00,-7.8,15.7,Baie-des-Sables wind farm
6104,2025-03-02 03:00:00+00:00,-8.5,17.5,Baie-des-Sables wind farm
6105,2025-03-02 04:00:00+00:00,-9.3,20.1,Baie-des-Sables wind farm
6106,2025-03-02 05:00:00+00:00,-9.8,19.4,Baie-des-Sables wind farm
6107,2025-03-02 06:00:00+00:00,-10.2,19.1,Baie-des-Sables wind farm
6108,2025-03-02 07:00:00+00:00,-10.6,20.7,Baie-des-Sables wind farm
6109,2025-03-02 08:00:00+00:00,-11.5,24.1,Baie-des-Sables wind farm
6110,2025-03-02 09:00:00+00:00,-11.8,25.1,Baie-des-Sables wind farm
6111,2025-03-02 10:00:00+00:00,-11.8,25.0,Baie-des-Sables wind farm
6112,2025-03-02 11:00:00+00:00,-11.6,26.7,Baie-des-Sables wind farm
6113,2025-03-02 12:00:00+00:00,-11.4,26.6,Baie-des-Sables wind farm
6114,2025-03-02 13:00:00+00:00,-11.2,26.6,Baie-des-Sables wind farm
6115,2025-03-02 14:00:00+00:00,-10.7,27.2,Baie-des-Sables wind farm
6116,2025-03-02 15:00:00+00:00,-10.6,26.8,Baie-des-Sables wind farm
6117,2025-03-02 16:00:00+00:00,-10.7,26.6,Baie-des-Sables wind farm
6118,2025-03-02 17:00:00+00:00,-11.3,25.9,Baie-des-Sables wind farm
6119,2025-03-02 18:00:00+00:00,-12.1,26.3,Baie-des-Sables wind farm
6120,2025-03-02 19:00:00+00:00,-12.7,26.3,Baie-des-Sables wind farm
6121,2025-03-02 20:00:00+00:00,-13.0,26.5,Baie-des-Sables wind farm
6122,2025-03-02 21:00:00+00:00,-13.9,24.5,Baie-des-Sables wind farm
6123,2025-03-02 22:00:00+00:00,-14.7,23.2,Baie-des-Sables wind farm
6124,2025-03-02 23:00:00+00:00,-15.3,22.5,Baie-des-Sables wind farm
6125,2025-03-03 00:00:00+00:00,-15.9,21.7,Baie-des-Sables wind farm
6126,2025-03-03 01:00:00+00:00,-16.3,21.3,Baie-des-Sables wind farm
6127,2025-03-03 02:00:00+00:00,-16.7,20.3,Baie-des-Sables wind farm
6128,2025-03-03 03:00:00+00:00,-17.0,19.1,Baie-des-Sables wind farm
6129,2025-03-03 04:00:00+00:00,-17.1,18.0,Baie-des-Sables wind farm
6130,2025-03-03 05:00:00+00:00,-17.3,17.1,Baie-des-Sables wind farm
6131,2025-03-03 06:00:00+00:00,-17.4,16.3,Baie-des-Sables wind farm
6132,2025-03-03 07:00:00+00:00,-17.1,15.6,Baie-des-Sables wind farm
6133,2025-03-03 08:00:00+00:00,-15.9,20.0,Baie-des-Sables wind farm
6134,2025-03-03 09:00:00+00:00,-15.4,20.3,Baie-des-Sables wind farm
6135,2025-03-03 10:00:00+00:00,-14.9,19.8,Baie-des-Sables wind farm
6136,2025-03-03 11:00:00+00:00,-14.2,18.7,Baie-des-Sables wind farm
6137,2025-03-03 12:00:00+00:00,-13.4,18.7,Baie-des-Sables wind farm
6138,2025-03-03 13:00:00+00:00,-12.7,18.6,Baie-des-Sables wind farm
6139,2025-03-03 14:00:00+00:00,-12.1,17.7,Baie-des-Sables wind farm
6140,2025-03-03 15:00:00+00:00,-11.8,17.2,Baie-des-Sables wind farm
6141,2025-03-03 16:00:00+00:00,-11.5,15.0,Baie-des-Sables wind farm
6142,2025-03-03 17:00:00+00:00,-12.4,11.2,Baie-des-Sables wind farm
6143,2025-03-03 18:00:00+00:00,-14.1,12.9,Baie-des-Sables wind farm
6144,2025-03-03 19:00:00+00:00,-14.2,17.9,Baie-des-Sables wind farm
6145,2025-03-03 20:00:00+00:00,-13.5,16.8,Baie-des-Sables wind farm
6146,2025-03-03 21:00:00+00:00,-13.8,17.4,Baie-des-Sables wind farm
6147,2025-03-03 22:00:00+00:00,-13.3,16.9,Baie-des-Sables wind farm
6148,2025-03-03 23:00:00+00:00,-12.8,16.5,Baie-des-Sables wind farm
6149,2025-03-04 00:00:00+00:00,-12.8,13.9,Baie-des-Sables wind farm
6150,2025-03-04 01:00:00+00:00,-12.9,13.5,Baie-des-Sables wind farm
6151,2025-03-04 02:00:00+00:00,-11.9,14.9,Baie-des-Sables wind farm
6152,2025-03-04 03:00:00+00:00,-11.1,15.2,Baie-des-Sables wind farm
6153,2025-03-04 04:00:00+00:00,-11.6,15.5,Baie-des-Sables wind farm
6154,2025-03-04 05:00:00+00:00,-12.1,15.5,Baie-des-Sables wind farm
6155,2025-03-04 06:00:00+00:00,-12.3,15.8,Baie-des-Sables wind farm
6156,2025-03-04 07:00:00+00:00,-11.2,16.3,Baie-des-Sables wind farm
6157,2025-03-04 08:00:00+00:00,-9.7,13.7,Baie-des-Sables wind farm
6158,2025-03-04 09:00:00+00:00,-7.2,11.6,Baie-des-Sables wind farm
6159,2025-03-04 10:00:00+00:00,-5.2,11.5,Baie-des-Sables wind farm
6160,2025-03-04 11:00:00+00:00,-3.9,13.2,Baie-des-Sables wind farm
6161,2025-03-04 12:00:00+00:00,-3.1,15.1,Baie-des-Sables wind farm
6162,2025-03-04 13:00:00+00:00,-2.3,20.4,Baie-des-Sables wind farm
6163,2025-03-04 14:00:00+00:00,-2.2,16.1,Baie-des-Sables wind farm
6164,2025-03-04 15:00:00+00:00,-2.0,13.0,Baie-des-Sables wind farm
6165,2025-03-04 16:00:00+00:00,-1.8,12.7,Baie-des-Sables wind farm
6166,2025-03-04 17:00:00+00:00,-2.0,12.2,Baie-des-Sables wind farm
6167,2025-03-04 18:00:00+00:00,-2.2,12.7,Baie-des-Sables wind farm
6168,2025-03-04 19:00:00+00:00,-1.9,14.9,Baie-des-Sables wind farm
6169,2025-03-04 20:00:00+00:00,-1.7,17.1,Baie-des-Sables wind farm
6170,2025-03-04 21:00:00+00:00,-1.6,19.2,Baie-des-Sables wind farm
6171,2025-03-04 22:00:00+00:00,-1.9,18.4,Baie-des-Sables wind farm
6172,2025-03-04 23:00:00+00:00,-2.8,16.6,Baie-des-Sables wind farm
6173,2025-03-05 00:00:00+00:00,-3.0,16.1,Baie-des-Sables wind farm
6174,2025-03-05 01:00:00+00:00,-3.2,16.6,Baie-des-Sables wind farm
6175,2025-03-05 02:00:00+00:00,-3.4,16.4,Baie-des-Sables wind farm
6176,2025-03-05 03:00:00+00:00,-3.8,15.9,Baie-des-Sables wind farm
6177,2025-03-05 04:00:00+00:00,-3.7,16.0,Baie-des-Sables wind farm
6178,2025-03-05 05:00:00+00:00,-3.9,14.2,Baie-des-Sables wind farm
6179,2025-03-05 06:00:00+00:00,-4.3,10.7,Baie-des-Sables wind farm
6180,2025-03-05 07:00:00+00:00,-4.8,6.4,Baie-des-Sables wind farm
6181,2025-03-05 08:00:00+00:00,-2.0,3.7,Baie-des-Sables wind farm
6182,2025-03-05 09:00:00+00:00,-0.8,3.5,Baie-des-Sables wind farm
6183,2025-03-05 10:00:00+00:00,-0.0,3.3,Baie-des-Sables wind farm
6184,2025-03-05 11:00:00+00:00,0.9,2.0,Baie-des-Sables wind farm
6185,2025-03-05 12:00:00+00:00,1.2,4.4,Baie-des-Sables wind farm
6186,2025-03-05 13:00:00+00:00,0.9,10.2,Baie-des-Sables wind farm
6187,2025-03-05 14:00:00+00:00,-0.4,11.3,Baie-des-Sables wind farm
6188,2025-03-05 15:00:00+00:00,-0.5,10.3,Baie-des-Sables wind farm
6189,2025-03-05 16:00:00+00:00,-0.3,7.4,Baie-des-Sables wind farm
6190,2025-03-05 17:00:00+00:00,-0.4,9.8,Baie-des-Sables wind farm
6191,2025-03-05 18:00:00+00:00,-0.3,12.1,Baie-des-Sables wind farm
6192,2025-03-05 19:00:00+00:00,0.1,13.4,Baie-des-Sables wind farm
6193,2025-03-05 20:00:00+00:00,-0.2,14.1,Baie-des-Sables wind farm
6194,2025-03-05 21:00:00+00:00,0.1,16.3,Baie-des-Sables wind farm
6195,2025-03-05 22:00:00+00:00,0.2,18.1,Baie-des-Sables wind farm
6196,2025-03-05 23:00:00+00:00,0.4,21.1,Baie-des-Sables wind farm
6197,2025-03-06 00:00:00+00:00,0.8,23.7,Baie-des-Sables wind farm
6198,2025-03-06 01:00:00+00:00,1.3,24.2,Baie-des-Sables wind farm
6199,2025-03-06 02:00:00+00:00,1.9,27.2,Baie-des-Sables wind farm
6200,2025-03-06 03:00:00+00:00,2.2,29.3,Baie-des-Sables wind farm
6201,2025-03-06 04:00:00+00:00,2.6,29.9,Baie-des-Sables wind farm
6202,2025-03-06 05:00:00+00:00,3.2,31.4,Baie-des-Sables wind farm
6203,2025-03-06 06:00:00+00:00,4.1,22.7,Baie-des-Sables wind farm
6204,2025-03-06 07:00:00+00:00,4.5,17.0,Baie-des-Sables wind farm
6205,2025-03-06 08:00:00+00:00,4.8,16.7,Baie-des-Sables wind farm
6206,2025-03-06 09:00:00+00:00,6.1,16.4,Baie-des-Sables wind farm
6207,2025-03-06 10:00:00+00:00,6.8,10.1,Baie-des-Sables wind farm
6208,2025-03-06 11:00:00+00:00,7.9,12.2,Baie-des-Sables wind farm
6209,2025-03-06 12:00:00+00:00,8.7,17.5,Baie-des-Sables wind farm
6210,2025-03-06 13:00:00+00:00,9.1,17.7,Baie-des-Sables wind farm
6211,2025-03-06 14:00:00+00:00,8.6,15.1,Baie-des-Sables wind farm
6212,2025-03-06 15:00:00+00:00,8.1,16.7,Baie-des-Sables wind farm
6213,2025-03-06 16:00:00+00:00,7.5,18.0,Baie-des-Sables wind farm
6214,2025-03-06 17:00:00+00:00,6.7,18.4,Baie-des-Sables wind farm
6215,2025-03-06 18:00:00+00:00,6.0,15.9,Baie-des-Sables wind farm
6216,2025-03-06 19:00:00+00:00,5.4,13.4,Baie-des-Sables wind farm
6217,2025-03-06 20:00:00+00:00,3.1,5.4,Baie-des-Sables wind farm
6218,2025-03-06 21:00:00+00:00,3.0,2.3,Baie-des-Sables wind farm
6219,2025-03-06 22:00:00+00:00,2.9,5.2,Baie-des-Sables wind farm
6220,2025-03-06 23:00:00+00:00,2.8,7.0,Baie-des-Sables wind farm
6221,2025-03-07 00:00:00+00:00,2.6,6.5,Baie-des-Sables wind farm
6222,2025-03-07 01:00:00+00:00,2.9,9.4,Baie-des-Sables wind farm
6223,2025-03-07 02:00:00+00:00,2.4,7.7,Baie-des-Sables wind farm
6224,2025-03-07 03:00:00+00:00,1.9,9.4,Baie-des-Sables wind farm
6225,2025-03-07 04:00:00+00:00,1.4,11.3,Baie-des-Sables wind farm
6226,2025-03-07 05:00:00+00:00,1.0,12.8,Baie-des-Sables wind farm
6227,2025-03-07 06:00:00+00:00,0.5,15.4,Baie-des-Sables wind farm
6228,2025-03-07 07:00:00+00:00,0.2,16.7,Baie-des-Sables wind farm
6229,2025-03-07 08:00:00+00:00,0.2,21.2,Baie-des-Sables wind farm
6230,2025-03-07 09:00:00+00:00,0.3,23.9,Baie-des-Sables wind farm
6231,2025-03-07 10:00:00+00:00,0.3,25.6,Baie-des-Sables wind farm
6232,2025-03-07 11:00:00+00:00,0.4,23.6,Baie-des-Sables wind farm
6233,2025-03-07 12:00:00+00:00,-0.5,27.6,Baie-des-Sables wind farm
6234,2025-03-07 13:00:00+00:00,-3.0,31.0,Baie-des-Sables wind farm
6235,2025-03-07 14:00:00+00:00,-4.5,31.7,Baie-des-Sables wind farm
6236,2025-03-07 15:00:00+00:00,-5.6,31.1,Baie-des-Sables wind farm
6237,2025-03-07 16:00:00+00:00,-5.9,37.9,Baie-des-Sables wind farm
6238,2025-03-07 17:00:00+00:00,-6.5,38.0,Baie-des-Sables wind farm
6239,2025-03-07 18:00:00+00:00,-6.9,38.5,Baie-des-Sables wind farm
6240,2025-03-07 19:00:00+00:00,-7.2,38.4,Baie-des-Sables wind farm
6241,2025-03-07 20:00:00+00:00,-7.0,37.4,Baie-des-Sables wind farm
6242,2025-03-07 21:00:00+00:00,-7.6,38.4,Baie-des-Sables wind farm
6243,2025-03-07 22:00:00+00:00,-8.6,38.8,Baie-des-Sables wind farm
6244,2025-03-07 23:00:00+00:00,-9.1,36.4,Baie-des-Sables wind farm
6245,2025-03-08 00:00:00+00:00,-9.6,33.3,Baie-des-Sables wind farm
6246,2025-03-08 01:00:00+00:00,-10.0,33.8,Baie-des-Sables wind farm
6247,2025-03-08 02:00:00+00:00,-10.4,32.8,Baie-des-Sables wind farm
6248,2025-03-08 03:00:00+00:00,-10.8,33.2,Baie-des-Sables wind farm
6249,2025-03-08 04:00:00+00:00,-11.2,33.5,Baie-des-Sables wind farm
6250,2025-03-08 05:00:00+00:00,-11.6,33.3,Baie-des-Sables wind farm
6251,2025-03-08 06:00:00+00:00,-11.9,33.0,Baie-des-Sables wind farm
6252,2025-03-08 07:00:00+00:00,-12.1,36.6,Baie-des-Sables wind farm
6253,2025-03-08 08:00:00+00:00,-11.2,36.7,Baie-des-Sables wind farm
6254,2025-03-08 09:00:00+00:00,-11.4,37.8,Baie-des-Sables wind farm
6255,2025-03-08 10:00:00+00:00,-11.3,43.4,Baie-des-Sables wind farm
6256,2025-03-08 11:00:00+00:00,-10.9,41.4,Baie-des-Sables wind farm
6257,2025-03-08 12:00:00+00:00,-11.1,39.8,Baie-des-Sables wind farm
6258,2025-03-08 13:00:00+00:00,-10.9,42.1,Baie-des-Sables wind farm
6259,2025-03-08 14:00:00+00:00,-10.6,40.4,Baie-des-Sables wind farm
6260,2025-03-08 15:00:00+00:00,-10.0,38.9,Baie-des-Sables wind farm
6261,2025-03-08 16:00:00+00:00,-9.9,33.7,Baie-des-Sables wind farm
6262,2025-03-08 17:00:00+00:00,-9.5,32.4,Baie-des-Sables wind farm
6263,2025-03-08 18:00:00+00:00,-9.2,33.4,Baie-des-Sables wind farm
6264,2025-03-08 19:00:00+00:00,-8.9,32.3,Baie-des-Sables wind farm
6265,2025-03-08 20:00:00+00:00,-8.3,32.2,Baie-des-Sables wind farm
6266,2025-03-08 21:00:00+00:00,-8.4,30.5,Baie-des-Sables wind farm
6267,2025-03-08 22:00:00+00:00,-8.5,30.2,Baie-des-Sables wind farm
6268,2025-03-08 23:00:00+00:00,-8.7,28.6,Baie-des-Sables wind farm
6269,2025-03-09 00:00:00+00:00,-9.0,27.9,Baie-des-Sables wind farm
6270,2025-03-09 01:00:00+00:00,-9.2,27.6,Baie-des-Sables wind farm
6271,2025-03-09 02:00:00+00:00,-9.4,27.3,Baie-des-Sables wind farm
6272,2025-03-09 03:00:00+00:00,-9.6,26.2,Baie-des-Sables wind farm
6273,2025-03-09 04:00:00+00:00,-9.9,25.5,Baie-des-Sables wind farm
6274,2025-03-09 05:00:00+00:00,-10.2,25.2,Baie-des-Sables wind farm
6275,2025-03-09 06:00:00+00:00,-10.9,24.1,Baie-des-Sables wind farm
6276,2025-03-09 07:00:00+00:00,-10.9,24.2,Baie-des-Sables wind farm
6277,2025-03-09 08:00:00+00:00,-10.0,22.0,Baie-des-Sables wind farm
6278,2025-03-09 09:00:00+00:00,-9.7,21.4,Baie-des-Sables wind farm
6279,2025-03-09 10:00:00+00:00,-9.4,19.6,Baie-des-Sables wind farm
6280,2025-03-09 11:00:00+00:00,-8.7,18.2,Baie-des-Sables wind farm
6281,2025-03-09 12:00:00+00:00,-8.1,21.1,Baie-des-Sables wind farm
6282,2025-03-09 13:00:00+00:00,-7.5,21.4,Baie-des-Sables wind farm
6283,2025-03-09 14:00:00+00:00,-6.7,20.1,Baie-des-Sables wind farm
6284,2025-03-09 15:00:00+00:00,-6.3,19.4,Baie-des-Sables wind farm
6285,2025-03-09 16:00:00+00:00,-6.5,18.2,Baie-des-Sables wind farm
6286,2025-03-09 17:00:00+00:00,-7.0,17.1,Baie-des-Sables wind farm
6287,2025-03-09 18:00:00+00:00,-8.6,10.3,Baie-des-Sables wind farm
6288,2025-03-09 19:00:00+00:00,-8.6,16.3,Baie-des-Sables wind farm
6289,2025-03-09 20:00:00+00:00,-8.0,17.6,Baie-des-Sables wind farm
6290,2025-03-09 21:00:00+00:00,-8.0,17.5,Baie-des-Sables wind farm
6291,2025-03-09 22:00:00+00:00,-8.7,16.2,Baie-des-Sables wind farm
6292,2025-03-09 23:00:00+00:00,-9.4,15.4,Baie-des-Sables wind farm
6293,2025-03-10 00:00:00+00:00,-9.9,15.4,Baie-des-Sables wind farm
6294,2025-03-10 01:00:00+00:00,-10.5,14.5,Baie-des-Sables wind farm
6295,2025-03-10 02:00:00+00:00,-11.4,12.4,Baie-des-Sables wind farm
6296,2025-03-10 03:00:00+00:00,-12.5,10.3,Baie-des-Sables wind farm
6297,2025-03-10 04:00:00+00:00,-13.4,11.0,Baie-des-Sables wind farm
6298,2025-03-10 05:00:00+00:00,-13.4,11.2,Baie-des-Sables wind farm
6299,2025-03-10 06:00:00+00:00,-13.2,11.3,Baie-des-Sables wind farm
6300,2025-03-10 07:00:00+00:00,-12.0,10.4,Baie-des-Sables wind farm
6301,2025-03-10 08:00:00+00:00,-10.1,11.4,Baie-des-Sables wind farm
6302,2025-03-10 09:00:00+00:00,-9.6,12.0,Baie-des-Sables wind farm
6303,2025-03-10 10:00:00+00:00,-9.2,12.3,Baie-des-Sables wind farm
6304,2025-03-10 11:00:00+00:00,-8.6,14.2,Baie-des-Sables wind farm
6305,2025-03-10 12:00:00+00:00,-8.1,13.8,Baie-des-Sables wind farm
6306,2025-03-10 13:00:00+00:00,-7.8,13.0,Baie-des-Sables wind farm
6307,2025-03-10 14:00:00+00:00,-7.4,12.7,Baie-des-Sables wind farm
6308,2025-03-10 15:00:00+00:00,-7.1,10.0,Baie-des-Sables wind farm
6309,2025-03-10 16:00:00+00:00,-7.4,5.6,Baie-des-Sables wind farm
6310,2025-03-10 17:00:00+00:00,-9.7,3.8,Baie-des-Sables wind farm
6311,2025-03-10 18:00:00+00:00,-11.6,8.1,Baie-des-Sables wind farm
6312,2025-03-10 19:00:00+00:00,-12.0,10.2,Baie-des-Sables wind farm
6313,2025-03-10 20:00:00+00:00,-12.7,9.1,Baie-des-Sables wind farm
6314,2025-03-10 21:00:00+00:00,-13.0,9.1,Baie-des-Sables wind farm
6315,2025-03-10 22:00:00+00:00,-13.5,9.2,Baie-des-Sables wind farm
6316,2025-03-10 23:00:00+00:00,-13.7,9.9,Baie-des-Sables wind farm
6317,2025-03-11 00:00:00+00:00,-14.5,9.8,Baie-des-Sables wind farm
6318,2025-03-11 01:00:00+00:00,-15.1,12.5,Baie-des-Sables wind farm
6319,2025-03-11 02:00:00+00:00,-14.6,14.1,Baie-des-Sables wind farm
6320,2025-03-11 03:00:00+00:00,-14.7,14.8,Baie-des-Sables wind farm
6321,2025-03-11 04:00:00+00:00,-14.7,16.2,Baie-des-Sables wind farm
6322,2025-03-11 05:00:00+00:00,-13.3,17.9,Baie-des-Sables wind farm
6323,2025-03-11 06:00:00+00:00,-11.9,21.1,Baie-des-Sables wind farm
6324,2025-03-11 07:00:00+00:00,-10.1,21.6,Baie-des-Sables wind farm
6325,2025-03-11 08:00:00+00:00,-8.3,28.0,Baie-des-Sables wind farm
6326,2025-03-11 09:00:00+00:00,-5.7,27.4,Baie-des-Sables wind farm
6327,2025-03-11 10:00:00+00:00,-4.9,29.4,Baie-des-Sables wind farm
6328,2025-03-11 11:00:00+00:00,-2.5,26.9,Baie-des-Sables wind farm
6329,2025-03-11 12:00:00+00:00,-0.1,23.7,Baie-des-Sables wind farm
6330,2025-03-11 13:00:00+00:00,2.5,35.1,Baie-des-Sables wind farm
6331,2025-03-11 14:00:00+00:00,3.7,40.6,Baie-des-Sables wind farm
6332,2025-03-11 15:00:00+00:00,3.7,34.2,Baie-des-Sables wind farm
6333,2025-03-11 16:00:00+00:00,4.1,31.0,Baie-des-Sables wind farm
6334,2025-03-11 17:00:00+00:00,4.4,27.3,Baie-des-Sables wind farm
6335,2025-03-11 18:00:00+00:00,4.7,20.8,Baie-des-Sables wind farm
6336,2025-03-11 19:00:00+00:00,5.0,16.7,Baie-des-Sables wind farm
6337,2025-03-11 20:00:00+00:00,3.7,12.8,Baie-des-Sables wind farm
6338,2025-03-11 21:00:00+00:00,2.2,18.7,Baie-des-Sables wind farm
6339,2025-03-11 22:00:00+00:00,-0.6,26.0,Baie-des-Sables wind farm
6340,2025-03-11 23:00:00+00:00,-2.9,28.5,Baie-des-Sables wind farm
6341,2025-03-12 00:00:00+00:00,-5.4,26.0,Baie-des-Sables wind farm
6342,2025-03-12 01:00:00+00:00,-6.8,25.8,Baie-des-Sables wind farm
6343,2025-03-12 02:00:00+00:00,-8.1,26.9,Baie-des-Sables wind farm
6344,2025-03-12 03:00:00+00:00,-9.5,26.7,Baie-des-Sables wind farm
6345,2025-03-12 04:00:00+00:00,-11.0,24.9,Baie-des-Sables wind farm
6346,2025-03-12 05:00:00+00:00,-12.3,25.0,Baie-des-Sables wind farm
6347,2025-03-12 06:00:00+00:00,-13.7,24.6,Baie-des-Sables wind farm
6348,2025-03-12 07:00:00+00:00,-14.3,23.7,Baie-des-Sables wind farm
6349,2025-03-12 08:00:00+00:00,-15.7,23.0,Baie-des-Sables wind farm
6350,2025-03-12 09:00:00+00:00,-15.4,22.2,Baie-des-Sables wind farm
6351,2025-03-12 10:00:00+00:00,-14.8,21.6,Baie-des-Sables wind farm
6352,2025-03-12 11:00:00+00:00,-14.0,21.6,Baie-des-Sables wind farm
6353,2025-03-12 12:00:00+00:00,-13.5,22.2,Baie-des-Sables wind farm
6354,2025-03-12 13:00:00+00:00,-12.9,22.0,Baie-des-Sables wind farm
6355,2025-03-12 14:00:00+00:00,-12.0,20.0,Baie-des-Sables wind farm
6356,2025-03-12 15:00:00+00:00,-11.5,17.1,Baie-des-Sables wind farm
6357,2025-03-12 16:00:00+00:00,-10.8,17.4,Baie-des-Sables wind farm
6358,2025-03-12 17:00:00+00:00,-11.4,11.9,Baie-des-Sables wind farm
6359,2025-03-12 18:00:00+00:00,-13.9,8.9,Baie-des-Sables wind farm
6360,2025-03-12 19:00:00+00:00,-15.5,6.2,Baie-des-Sables wind farm
6361,2025-03-12 20:00:00+00:00,-12.8,15.9,Baie-des-Sables wind farm
6362,2025-03-12 21:00:00+00:00,-13.1,13.8,Baie-des-Sables wind farm
6363,2025-03-12 22:00:00+00:00,-13.8,11.2,Baie-des-Sables wind farm
6364,2025-03-12 23:00:00+00:00,-14.4,9.6,Baie-des-Sables wind farm
6365,2025-03-13 00:00:00+00:00,-16.0,5.7,Baie-des-Sables wind farm
6366,2025-03-13 01:00:00+00:00,-16.4,3.4,Baie-des-Sables wind farm
6367,2025-03-13 02:00:00+00:00,-16.7,1.0,Baie-des-Sables wind farm
6368,2025-03-13 03:00:00+00:00,-18.5,2.2,Baie-des-Sables wind farm
6369,2025-03-13 04:00:00+00:00,-20.5,7.0,Baie-des-Sables wind farm
6370,2025-03-13 05:00:00+00:00,-22.1,8.6,Baie-des-Sables wind farm
6371,2025-03-13 06:00:00+00:00,-22.4,9.3,Baie-des-Sables wind farm
6372,2025-03-13 07:00:00+00:00,-19.0,9.6,Baie-des-Sables wind farm
6373,2025-03-13 08:00:00+00:00,-13.3,6.8,Baie-des-Sables wind farm
6374,2025-03-13 09:00:00+00:00,-9.5,5.8,Baie-des-Sables wind farm
6375,2025-03-13 10:00:00+00:00,-7.1,5.6,Baie-des-Sables wind farm
6376,2025-03-13 11:00:00+00:00,-5.1,6.5,Baie-des-Sables wind farm
6377,2025-03-13 12:00:00+00:00,-3.4,7.4,Baie-des-Sables wind farm
6378,2025-03-13 13:00:00+00:00,-2.3,4.9,Baie-des-Sables wind farm
6379,2025-03-13 14:00:00+00:00,-1.7,2.2,Baie-des-Sables wind farm
6380,2025-03-13 15:00:00+00:00,-1.3,2.8,Baie-des-Sables wind farm
6381,2025-03-13 16:00:00+00:00,-1.0,6.0,Baie-des-Sables wind farm
6382,2025-03-13 17:00:00+00:00,-2.0,14.0,Baie-des-Sables wind farm
6383,2025-03-13 18:00:00+00:00,-3.6,20.7,Baie-des-Sables wind farm
6384,2025-03-13 19:00:00+00:00,-4.0,25.9,Baie-des-Sables wind farm
6385,2025-03-13 20:00:00+00:00,-3.7,25.6,Baie-des-Sables wind farm
6386,2025-03-13 21:00:00+00:00,-2.9,25.5,Baie-des-Sables wind farm
6387,2025-03-13 22:00:00+00:00,-2.5,25.4,Baie-des-Sables wind farm
6388,2025-03-13 23:00:00+00:00,-2.1,26.7,Baie-des-Sables wind farm
6389,2025-03-14 00:00:00+00:00,-1.9,25.3,Baie-des-Sables wind farm
6390,2025-03-14 01:00:00+00:00,-1.9,25.3,Baie-des-Sables wind farm
6391,2025-03-14 02:00:00+00:00,-1.9,26.0,Baie-des-Sables wind farm
6392,2025-03-14 03:00:00+00:00,-1.9,26.7,Baie-des-Sables wind farm
6393,2025-03-14 04:00:00+00:00,-1.8,25.1,Baie-des-Sables wind farm
6394,2025-03-14 05:00:00+00:00,-1.8,19.4,Baie-des-Sables wind farm
6395,2025-03-14 06:00:00+00:00,-1.7,14.6,Baie-des-Sables wind farm
6396,2025-03-14 07:00:00+00:00,-1.3,16.3,Baie-des-Sables wind farm
6397,2025-03-14 08:00:00+00:00,-0.8,15.5,Baie-des-Sables wind farm
6398,2025-03-14 09:00:00+00:00,0.3,14.3,Baie-des-Sables wind farm
6399,2025-03-14 10:00:00+00:00,0.9,13.0,Baie-des-Sables wind farm
6400,2025-03-14 11:00:00+00:00,1.2,12.4,Baie-des-Sables wind farm
6401,2025-03-14 12:00:00+00:00,1.7,13.3,Baie-des-Sables wind farm
6402,2025-03-14 13:00:00+00:00,1.6,12.2,Baie-des-Sables wind farm
6403,2025-03-14 14:00:00+00:00,2.0,13.0,Baie-des-Sables wind farm
6404,2025-03-14 15:00:00+00:00,2.0,12.4,Baie-des-Sables wind farm
6405,2025-03-14 16:00:00+00:00,1.4,8.6,Baie-des-Sables wind farm
6406,2025-03-14 17:00:00+00:00,0.7,9.4,Baie-des-Sables wind farm
6407,2025-03-14 18:00:00+00:00,-0.1,8.6,Baie-des-Sables wind farm
6408,2025-03-14 19:00:00+00:00,-1.4,7.7,Baie-des-Sables wind farm
6409,2025-03-14 20:00:00+00:00,-1.2,7.4,Baie-des-Sables wind farm
6410,2025-03-14 21:00:00+00:00,-2.2,4.8,Baie-des-Sables wind farm
6411,2025-03-14 22:00:00+00:00,-2.4,3.8,Baie-des-Sables wind farm
6412,2025-03-14 23:00:00+00:00,-3.0,9.1,Baie-des-Sables wind farm
6413,2025-03-15 00:00:00+00:00,-3.7,9.1,Baie-des-Sables wind farm
6414,2025-03-15 01:00:00+00:00,-3.9,7.9,Baie-des-Sables wind farm
6415,2025-03-15 02:00:00+00:00,-4.2,8.4,Baie-des-Sables wind farm
6416,2025-03-15 03:00:00+00:00,-4.7,10.5,Baie-des-Sables wind farm
6417,2025-03-15 04:00:00+00:00,-5.6,9.0,Baie-des-Sables wind farm
6418,2025-03-15 05:00:00+00:00,-6.2,9.2,Baie-des-Sables wind farm
6419,2025-03-15 06:00:00+00:00,-5.7,11.4,Baie-des-Sables wind farm
6420,2025-03-15 07:00:00+00:00,-4.6,11.1,Baie-des-Sables wind farm
6421,2025-03-15 08:00:00+00:00,-2.9,10.7,Baie-des-Sables wind farm
6422,2025-03-15 09:00:00+00:00,-0.7,12.2,Baie-des-Sables wind farm
6423,2025-03-15 10:00:00+00:00,0.6,12.5,Baie-des-Sables wind farm
6424,2025-03-15 11:00:00+00:00,3.0,11.3,Baie-des-Sables wind farm
6425,2025-03-15 12:00:00+00:00,4.2,10.9,Baie-des-Sables wind farm
6426,2025-03-15 13:00:00+00:00,4.5,11.8,Baie-des-Sables wind farm
6427,2025-03-15 14:00:00+00:00,4.0,13.3,Baie-des-Sables wind farm
6428,2025-03-15 15:00:00+00:00,2.7,15.8,Baie-des-Sables wind farm
6429,2025-03-15 16:00:00+00:00,2.1,15.4,Baie-des-Sables wind farm
6430,2025-03-15 17:00:00+00:00,1.6,15.4,Baie-des-Sables wind farm
6431,2025-03-15 18:00:00+00:00,1.2,16.2,Baie-des-Sables wind farm
6432,2025-03-15 19:00:00+00:00,0.9,14.9,Baie-des-Sables wind farm
6433,2025-03-15 20:00:00+00:00,-0.6,15.0,Baie-des-Sables wind farm
6434,2025-03-15 21:00:00+00:00,-0.7,12.6,Baie-des-Sables wind farm
6435,2025-03-15 22:00:00+00:00,-0.2,15.3,Baie-des-Sables wind farm
6436,2025-03-15 23:00:00+00:00,0.5,15.6,Baie-des-Sables wind farm
6437,2025-03-16 00:00:00+00:00,0.8,15.3,Baie-des-Sables wind farm
6438,2025-03-16 01:00:00+00:00,1.8,4.8,Baie-des-Sables wind farm
6439,2025-03-16 02:00:00+00:00,1.1,8.2,Baie-des-Sables wind farm
6440,2025-03-16 03:00:00+00:00,1.8,9.7,Baie-des-Sables wind farm
6441,2025-03-16 04:00:00+00:00,2.5,6.0,Baie-des-Sables wind farm
6442,2025-03-16 05:00:00+00:00,2.7,6.7,Baie-des-Sables wind farm
6443,2025-03-16 06:00:00+00:00,2.3,5.4,Baie-des-Sables wind farm
6444,2025-03-16 07:00:00+00:00,3.1,6.2,Baie-des-Sables wind farm
6445,2025-03-16 08:00:00+00:00,3.8,8.6,Baie-des-Sables wind farm
6446,2025-03-16 09:00:00+00:00,6.1,5.8,Baie-des-Sables wind farm
6447,2025-03-16 10:00:00+00:00,6.9,3.2,Baie-des-Sables wind farm
6448,2025-03-16 11:00:00+00:00,9.0,1.0,Baie-des-Sables wind farm
6449,2025-03-16 12:00:00+00:00,9.7,0.4,Baie-des-Sables wind farm
6450,2025-03-16 13:00:00+00:00,10.2,0.5,Baie-des-Sables wind farm
6451,2025-03-16 14:00:00+00:00,9.8,2.5,Baie-des-Sables wind farm
6452,2025-03-16 15:00:00+00:00,10.1,7.9,Baie-des-Sables wind farm
6453,2025-03-16 16:00:00+00:00,9.3,9.3,Baie-des-Sables wind farm
6454,2025-03-16 17:00:00+00:00,9.6,18.5,Baie-des-Sables wind farm
6455,2025-03-16 18:00:00+00:00,9.2,22.3,Baie-des-Sables wind farm
6456,2025-03-16 19:00:00+00:00,9.7,28.8,Baie-des-Sables wind farm
6457,2025-03-16 20:00:00+00:00,8.8,26.0,Baie-des-Sables wind farm
6458,2025-03-16 21:00:00+00:00,8.7,26.8,Baie-des-Sables wind farm
6459,2025-03-16 22:00:00+00:00,8.9,28.2,Baie-des-Sables wind farm
6460,2025-03-16 23:00:00+00:00,8.9,25.1,Baie-des-Sables wind farm
6461,2025-03-17 00:00:00+00:00,9.3,27.0,Baie-des-Sables wind farm
6462,2025-03-17 01:00:00+00:00,9.7,29.0,Baie-des-Sables wind farm
6463,2025-03-17 02:00:00+00:00,9.9,28.3,Baie-des-Sables wind farm
6464,2025-03-17 03:00:00+00:00,10.1,27.4,Baie-des-Sables wind farm
6465,2025-03-17 04:00:00+00:00,9.6,24.9,Baie-des-Sables wind farm
6466,2025-03-17 05:00:00+00:00,9.1,22.2,Baie-des-Sables wind farm
6467,2025-03-17 06:00:00+00:00,8.8,22.7,Baie-des-Sables wind farm
6468,2025-03-17 07:00:00+00:00,8.7,20.7,Baie-des-Sables wind farm
6469,2025-03-17 08:00:00+00:00,8.8,15.8,Baie-des-Sables wind farm
6470,2025-03-17 09:00:00+00:00,9.6,18.5,Baie-des-Sables wind farm
6471,2025-03-17 10:00:00+00:00,8.2,17.7,Baie-des-Sables wind farm
6472,2025-03-17 11:00:00+00:00,5.5,17.8,Baie-des-Sables wind farm
6473,2025-03-17 12:00:00+00:00,4.9,13.2,Baie-des-Sables wind farm
6474,2025-03-17 13:00:00+00:00,5.3,12.6,Baie-des-Sables wind farm
6475,2025-03-17 14:00:00+00:00,4.1,13.0,Baie-des-Sables wind farm
6476,2025-03-17 15:00:00+00:00,2.5,13.3,Baie-des-Sables wind farm
6477,2025-03-17 16:00:00+00:00,1.6,14.7,Baie-des-Sables wind farm
6478,2025-03-17 17:00:00+00:00,0.8,17.7,Baie-des-Sables wind farm
6479,2025-03-17 18:00:00+00:00,-0.1,18.9,Baie-des-Sables wind farm
6480,2025-03-17 19:00:00+00:00,-0.6,17.3,Baie-des-Sables wind farm
6481,2025-03-17 20:00:00+00:00,-0.3,17.2,Baie-des-Sables wind farm
6482,2025-03-17 21:00:00+00:00,-1.0,16.5,Baie-des-Sables wind farm
6483,2025-03-17 22:00:00+00:00,-1.5,15.8,Baie-des-Sables wind farm
6484,2025-03-17 23:00:00+00:00,-2.4,13.2,Baie-des-Sables wind farm
6485,2025-03-18 00:00:00+00:00,-3.0,13.6,Baie-des-Sables wind farm
6486,2025-03-18 01:00:00+00:00,-3.5,15.6,Baie-des-Sables wind farm
6487,2025-03-18 02:00:00+00:00,-4.2,14.2,Baie-des-Sables wind farm
6488,2025-03-18 03:00:00+00:00,-5.2,14.2,Baie-des-Sables wind farm
6489,2025-03-18 04:00:00+00:00,-5.7,11.2,Baie-des-Sables wind farm
6490,2025-03-18 05:00:00+00:00,-6.4,10.1,Baie-des-Sables wind farm
6491,2025-03-18 06:00:00+00:00,-6.7,10.8,Baie-des-Sables wind farm
6492,2025-03-18 07:00:00+00:00,-5.7,10.5,Baie-des-Sables wind farm
6493,2025-03-18 08:00:00+00:00,-4.6,11.1,Baie-des-Sables wind farm
6494,2025-03-18 09:00:00+00:00,-4.3,8.6,Baie-des-Sables wind farm
6495,2025-03-18 10:00:00+00:00,-3.7,8.7,Baie-des-Sables wind farm
6496,2025-03-18 11:00:00+00:00,-3.1,6.1,Baie-des-Sables wind farm
6497,2025-03-18 12:00:00+00:00,-2.4,8.2,Baie-des-Sables wind farm
6498,2025-03-18 13:00:00+00:00,-2.4,7.9,Baie-des-Sables wind farm
6499,2025-03-18 14:00:00+00:00,-1.8,4.8,Baie-des-Sables wind farm
6500,2025-03-18 15:00:00+00:00,-2.1,5.1,Baie-des-Sables wind farm
6501,2025-03-18 16:00:00+00:00,-2.2,2.6,Baie-des-Sables wind farm
6502,2025-03-18 17:00:00+00:00,-2.8,0.3,Baie-des-Sables wind farm
6503,2025-03-18 18:00:00+00:00,-4.5,0.8,Baie-des-Sables wind farm
6504,2025-03-18 19:00:00+00:00,-3.9,0.9,Baie-des-Sables wind farm
6505,2025-03-18 20:00:00+00:00,-5.5,1.8,Baie-des-Sables wind farm
6506,2025-03-18 21:00:00+00:00,-4.7,2.7,Baie-des-Sables wind farm
6507,2025-03-18 22:00:00+00:00,-4.5,1.8,Baie-des-Sables wind farm
6508,2025-03-18 23:00:00+00:00,-4.1,1.4,Baie-des-Sables wind farm
6509,2025-03-19 00:00:00+00:00,-4.4,3.1,Baie-des-Sables wind farm
6510,2025-03-19 01:00:00+00:00,-7.0,3.4,Baie-des-Sables wind farm
6511,2025-03-19 02:00:00+00:00,-7.7,3.6,Baie-des-Sables wind farm
6512,2025-03-19 03:00:00+00:00,-8.4,4.1,Baie-des-Sables wind farm
6513,2025-03-19 04:00:00+00:00,-9.0,4.1,Baie-des-Sables wind farm
6514,2025-03-19 05:00:00+00:00,-9.2,5.7,Baie-des-Sables wind farm
6515,2025-03-19 06:00:00+00:00,-9.8,6.9,Baie-des-Sables wind farm
6516,2025-03-19 07:00:00+00:00,-6.6,6.9,Baie-des-Sables wind farm
6517,2025-03-19 08:00:00+00:00,-1.5,5.0,Baie-des-Sables wind farm
6518,2025-03-19 09:00:00+00:00,0.8,6.7,Baie-des-Sables wind farm
6519,2025-03-19 10:00:00+00:00,2.8,6.1,Baie-des-Sables wind farm
6520,2025-03-19 11:00:00+00:00,4.0,6.2,Baie-des-Sables wind farm
6521,2025-03-19 12:00:00+00:00,4.3,7.4,Baie-des-Sables wind farm
6522,2025-03-19 13:00:00+00:00,4.3,7.9,Baie-des-Sables wind farm
6523,2025-03-19 14:00:00+00:00,3.4,7.3,Baie-des-Sables wind farm
6524,2025-03-19 15:00:00+00:00,2.7,8.2,Baie-des-Sables wind farm
6525,2025-03-19 16:00:00+00:00,2.8,12.1,Baie-des-Sables wind farm
6526,2025-03-19 17:00:00+00:00,2.9,11.7,Baie-des-Sables wind farm
6527,2025-03-19 18:00:00+00:00,2.0,13.4,Baie-des-Sables wind farm
6528,2025-03-19 19:00:00+00:00,1.9,18.7,Baie-des-Sables wind farm
6529,2025-03-19 20:00:00+00:00,1.1,25.9,Baie-des-Sables wind farm
6530,2025-03-19 21:00:00+00:00,0.7,30.0,Baie-des-Sables wind farm
6531,2025-03-19 22:00:00+00:00,0.4,31.9,Baie-des-Sables wind farm
6532,2025-03-19 23:00:00+00:00,0.2,32.3,Baie-des-Sables wind farm
6533,2025-03-20 00:00:00+00:00,0.0,31.0,Baie-des-Sables wind farm
6534,2025-03-20 01:00:00+00:00,0.5,27.8,Baie-des-Sables wind farm
6535,2025-03-20 02:00:00+00:00,0.6,25.7,Baie-des-Sables wind farm
6536,2025-03-20 03:00:00+00:00,1.0,23.9,Baie-des-Sables wind farm
6537,2025-03-20 04:00:00+00:00,1.6,22.0,Baie-des-Sables wind farm
6538,2025-03-20 05:00:00+00:00,2.4,21.1,Baie-des-Sables wind farm
6539,2025-03-20 06:00:00+00:00,3.0,23.2,Baie-des-Sables wind farm
6540,2025-03-20 07:00:00+00:00,4.4,23.4,Baie-des-Sables wind farm
6541,2025-03-20 08:00:00+00:00,5.3,21.7,Baie-des-Sables wind farm
6542,2025-03-20 09:00:00+00:00,6.5,20.5,Baie-des-Sables wind farm
6543,2025-03-20 10:00:00+00:00,7.6,21.4,Baie-des-Sables wind farm
6544,2025-03-20 11:00:00+00:00,8.9,13.0,Baie-des-Sables wind farm
6545,2025-03-20 12:00:00+00:00,10.1,19.0,Baie-des-Sables wind farm
6546,2025-03-20 13:00:00+00:00,10.7,25.5,Baie-des-Sables wind farm
6547,2025-03-20 14:00:00+00:00,10.8,27.2,Baie-des-Sables wind farm
6548,2025-03-20 15:00:00+00:00,10.0,34.0,Baie-des-Sables wind farm
6549,2025-03-20 16:00:00+00:00,9.1,32.5,Baie-des-Sables wind farm
6550,2025-03-20 17:00:00+00:00,8.4,30.1,Baie-des-Sables wind farm
6551,2025-03-20 18:00:00+00:00,7.6,32.4,Baie-des-Sables wind farm
6552,2025-03-20 19:00:00+00:00,7.4,32.9,Baie-des-Sables wind farm
6553,2025-03-20 20:00:00+00:00,8.2,31.5,Baie-des-Sables wind farm
6554,2025-03-20 21:00:00+00:00,7.9,31.8,Baie-des-Sables wind farm
6555,2025-03-20 22:00:00+00:00,7.3,31.0,Baie-des-Sables wind farm
6556,2025-03-20 23:00:00+00:00,6.7,29.9,Baie-des-Sables wind farm
6557,2025-03-21 00:00:00+00:00,6.4,28.7,Baie-des-Sables wind farm
6558,2025-03-21 01:00:00+00:00,6.1,27.9,Baie-des-Sables wind farm
6559,2025-03-21 02:00:00+00:00,5.9,27.0,Baie-des-Sables wind farm
6560,2025-03-21 03:00:00+00:00,5.6,23.8,Baie-des-Sables wind farm
6561,2025-03-21 04:00:00+00:00,5.2,22.7,Baie-des-Sables wind farm
6562,2025-03-21 05:00:00+00:00,4.8,20.8,Baie-des-Sables wind farm
6563,2025-03-21 06:00:00+00:00,4.5,17.1,Baie-des-Sables wind farm
6564,2025-03-21 07:00:00+00:00,4.6,16.3,Baie-des-Sables wind farm
6565,2025-03-21 08:00:00+00:00,6.1,14.8,Baie-des-Sables wind farm
6566,2025-03-21 09:00:00+00:00,6.3,11.4,Baie-des-Sables wind farm
6567,2025-03-21 10:00:00+00:00,6.3,6.2,Baie-des-Sables wind farm
6568,2025-03-21 11:00:00+00:00,5.1,10.9,Baie-des-Sables wind farm
6569,2025-03-21 12:00:00+00:00,3.5,14.5,Baie-des-Sables wind farm
6570,2025-03-21 13:00:00+00:00,3.6,13.9,Baie-des-Sables wind farm
6571,2025-03-21 14:00:00+00:00,3.1,15.9,Baie-des-Sables wind farm
6572,2025-03-21 15:00:00+00:00,2.6,15.7,Baie-des-Sables wind farm
6573,2025-03-21 16:00:00+00:00,2.4,17.0,Baie-des-Sables wind farm
6574,2025-03-21 17:00:00+00:00,2.1,17.4,Baie-des-Sables wind farm
6575,2025-03-21 18:00:00+00:00,1.8,16.2,Baie-des-Sables wind farm
6576,2025-03-21 19:00:00+00:00,1.6,16.7,Baie-des-Sables wind farm
6577,2025-03-21 20:00:00+00:00,0.7,15.9,Baie-des-Sables wind farm
6578,2025-03-21 21:00:00+00:00,0.8,11.4,Baie-des-Sables wind farm
6579,2025-03-21 22:00:00+00:00,0.8,12.4,Baie-des-Sables wind farm
6580,2025-03-21 23:00:00+00:00,0.7,16.2,Baie-des-Sables wind farm
6581,2025-03-22 00:00:00+00:00,0.5,14.5,Baie-des-Sables wind farm
6582,2025-03-22 01:00:00+00:00,0.2,14.8,Baie-des-Sables wind farm
6583,2025-03-22 02:00:00+00:00,-0.5,17.9,Baie-des-Sables wind farm
6584,2025-03-22 03:00:00+00:00,-1.5,17.5,Baie-des-Sables wind farm
6585,2025-03-22 04:00:00+00:00,-2.6,17.0,Baie-des-Sables wind farm
6586,2025-03-22 05:00:00+00:00,-3.6,14.9,Baie-des-Sables wind farm
6587,2025-03-22 06:00:00+00:00,-3.7,17.6,Baie-des-Sables wind farm
6588,2025-03-22 07:00:00+00:00,-2.4,16.8,Baie-des-Sables wind farm
6589,2025-03-22 08:00:00+00:00,-1.2,17.6,Baie-des-Sables wind farm
6590,2025-03-22 09:00:00+00:00,-0.1,17.6,Baie-des-Sables wind farm
6591,2025-03-22 10:00:00+00:00,1.3,16.3,Baie-des-Sables wind farm
6592,2025-03-22 11:00:00+00:00,2.8,14.4,Baie-des-Sables wind farm
6593,2025-03-22 12:00:00+00:00,3.8,13.9,Baie-des-Sables wind farm
6594,2025-03-22 13:00:00+00:00,4.7,12.4,Baie-des-Sables wind farm
6595,2025-03-22 14:00:00+00:00,5.2,11.2,Baie-des-Sables wind farm
6596,2025-03-22 15:00:00+00:00,5.1,10.3,Baie-des-Sables wind farm
6597,2025-03-22 16:00:00+00:00,5.5,7.6,Baie-des-Sables wind farm
6598,2025-03-22 17:00:00+00:00,4.8,6.1,Baie-des-Sables wind farm
6599,2025-03-22 18:00:00+00:00,3.1,4.6,Baie-des-Sables wind farm
6600,2025-03-22 19:00:00+00:00,2.9,5.7,Baie-des-Sables wind farm
6601,2025-03-22 20:00:00+00:00,3.0,11.0,Baie-des-Sables wind farm
6602,2025-03-22 21:00:00+00:00,3.1,14.6,Baie-des-Sables wind farm
6603,2025-03-22 22:00:00+00:00,1.9,16.3,Baie-des-Sables wind farm
6604,2025-03-22 23:00:00+00:00,1.4,16.9,Baie-des-Sables wind farm
6605,2025-03-23 00:00:00+00:00,-0.3,21.1,Baie-des-Sables wind farm
6606,2025-03-23 01:00:00+00:00,-2.3,23.8,Baie-des-Sables wind farm
6607,2025-03-23 02:00:00+00:00,-3.6,26.3,Baie-des-Sables wind farm
6608,2025-03-23 03:00:00+00:00,-4.9,26.1,Baie-des-Sables wind farm
6609,2025-03-23 04:00:00+00:00,-6.0,27.5,Baie-des-Sables wind farm
6610,2025-03-23 05:00:00+00:00,-7.1,28.6,Baie-des-Sables wind farm
6611,2025-03-23 06:00:00+00:00,-7.9,28.1,Baie-des-Sables wind farm
6612,2025-03-23 07:00:00+00:00,-8.6,29.0,Baie-des-Sables wind farm
6613,2025-03-23 08:00:00+00:00,-9.5,27.7,Baie-des-Sables wind farm
6614,2025-03-23 09:00:00+00:00,-9.4,26.6,Baie-des-Sables wind farm
6615,2025-03-23 10:00:00+00:00,-9.0,27.1,Baie-des-Sables wind farm
6616,2025-03-23 11:00:00+00:00,-8.2,26.7,Baie-des-Sables wind farm
6617,2025-03-23 12:00:00+00:00,-7.5,26.6,Baie-des-Sables wind farm
6618,2025-03-23 13:00:00+00:00,-6.8,27.0,Baie-des-Sables wind farm
6619,2025-03-23 14:00:00+00:00,-6.3,27.4,Baie-des-Sables wind farm
6620,2025-03-23 15:00:00+00:00,-6.2,27.9,Baie-des-Sables wind farm
6621,2025-03-23 16:00:00+00:00,-6.3,26.7,Baie-des-Sables wind farm
6622,2025-03-23 17:00:00+00:00,-6.6,24.5,Baie-des-Sables wind farm
6623,2025-03-23 18:00:00+00:00,-7.3,24.9,Baie-des-Sables wind farm
6624,2025-03-23 19:00:00+00:00,-7.5,24.2,Baie-des-Sables wind farm
6625,2025-03-23 20:00:00+00:00,-6.9,22.4,Baie-des-Sables wind farm
6626,2025-03-23 21:00:00+00:00,-7.6,20.1,Baie-des-Sables wind farm
6627,2025-03-23 22:00:00+00:00,-8.4,17.1,Baie-des-Sables wind farm
6628,2025-03-23 23:00:00+00:00,-9.1,16.5,Baie-des-Sables wind farm
6629,2025-03-24 00:00:00+00:00,-9.7,15.3,Baie-des-Sables wind farm
6630,2025-03-24 01:00:00+00:00,-10.6,12.2,Baie-des-Sables wind farm
6631,2025-03-24 02:00:00+00:00,-11.6,9.3,Baie-des-Sables wind farm
6632,2025-03-24 03:00:00+00:00,-12.6,7.8,Baie-des-Sables wind farm
6633,2025-03-24 04:00:00+00:00,-13.5,6.7,Baie-des-Sables wind farm
6634,2025-03-24 05:00:00+00:00,-14.5,5.7,Baie-des-Sables wind farm
6635,2025-03-24 06:00:00+00:00,-13.5,6.4,Baie-des-Sables wind farm
6636,2025-03-24 07:00:00+00:00,-10.4,4.2,Baie-des-Sables wind farm
6637,2025-03-24 08:00:00+00:00,-8.8,5.5,Baie-des-Sables wind farm
6638,2025-03-24 09:00:00+00:00,-7.8,1.9,Baie-des-Sables wind farm
6639,2025-03-24 10:00:00+00:00,-6.4,1.6,Baie-des-Sables wind farm
6640,2025-03-24 11:00:00+00:00,-4.5,1.5,Baie-des-Sables wind farm
6641,2025-03-24 12:00:00+00:00,-3.6,4.7,Baie-des-Sables wind farm
6642,2025-03-24 13:00:00+00:00,-2.3,5.1,Baie-des-Sables wind farm
6643,2025-03-24 14:00:00+00:00,-1.6,3.6,Baie-des-Sables wind farm
6644,2025-03-24 15:00:00+00:00,-1.6,4.4,Baie-des-Sables wind farm
6645,2025-03-24 16:00:00+00:00,-2.3,4.3,Baie-des-Sables wind farm
6646,2025-03-24 17:00:00+00:00,-2.4,8.5,Baie-des-Sables wind farm
6647,2025-03-24 18:00:00+00:00,-2.7,11.7,Baie-des-Sables wind farm
6648,2025-03-24 19:00:00+00:00,-3.0,11.6,Baie-des-Sables wind farm
6649,2025-03-24 20:00:00+00:00,-3.8,11.1,Baie-des-Sables wind farm
6650,2025-03-24 21:00:00+00:00,-3.8,8.2,Baie-des-Sables wind farm
6651,2025-03-24 22:00:00+00:00,-4.0,8.0,Baie-des-Sables wind farm
6652,2025-03-24 23:00:00+00:00,-4.1,8.5,Baie-des-Sables wind farm
6653,2025-03-25 00:00:00+00:00,-4.0,9.7,Baie-des-Sables wind farm
6654,2025-03-25 01:00:00+00:00,-3.8,10.3,Baie-des-Sables wind farm
6655,2025-03-25 02:00:00+00:00,-3.7,9.4,Baie-des-Sables wind farm
6656,2025-03-25 03:00:00+00:00,-3.8,10.4,Baie-des-Sables wind farm
6657,2025-03-25 04:00:00+00:00,-3.8,9.6,Baie-des-Sables wind farm
6658,2025-03-25 05:00:00+00:00,-3.6,6.6,Baie-des-Sables wind farm
6659,2025-03-25 06:00:00+00:00,-3.6,4.6,Baie-des-Sables wind farm
6660,2025-03-25 07:00:00+00:00,-3.0,5.0,Baie-des-Sables wind farm
6661,2025-03-25 08:00:00+00:00,-2.3,5.8,Baie-des-Sables wind farm
6662,2025-03-25 09:00:00+00:00,-1.1,3.8,Baie-des-Sables wind farm
6663,2025-03-25 10:00:00+00:00,0.2,1.5,Baie-des-Sables wind farm
6664,2025-03-25 11:00:00+00:00,0.8,4.5,Baie-des-Sables wind farm
6665,2025-03-25 12:00:00+00:00,0.2,11.8,Baie-des-Sables wind farm
6666,2025-03-25 13:00:00+00:00,-1.0,12.2,Baie-des-Sables wind farm
6667,2025-03-25 14:00:00+00:00,-1.2,8.3,Baie-des-Sables wind farm
6668,2025-03-25 15:00:00+00:00,-0.4,5.2,Baie-des-Sables wind farm
6669,2025-03-25 16:00:00+00:00,-0.0,5.2,Baie-des-Sables wind farm
6670,2025-03-25 17:00:00+00:00,-0.8,4.6,Baie-des-Sables wind farm
6671,2025-03-25 18:00:00+00:00,-3.2,2.5,Baie-des-Sables wind farm
6672,2025-03-25 19:00:00+00:00,-4.0,1.0,Baie-des-Sables wind farm
6673,2025-03-25 20:00:00+00:00,-3.0,2.0,Baie-des-Sables wind farm
6674,2025-03-25 21:00:00+00:00,-3.9,2.7,Baie-des-Sables wind farm
6675,2025-03-25 22:00:00+00:00,-5.0,3.6,Baie-des-Sables wind farm
6676,2025-03-25 23:00:00+00:00,-6.0,3.1,Baie-des-Sables wind farm
6677,2025-03-26 00:00:00+00:00,-6.8,4.5,Baie-des-Sables wind farm
6678,2025-03-26 01:00:00+00:00,-7.8,3.6,Baie-des-Sables wind farm
6679,2025-03-26 02:00:00+00:00,-8.2,5.3,Baie-des-Sables wind farm
6680,2025-03-26 03:00:00+00:00,-6.9,6.2,Baie-des-Sables wind farm
6681,2025-03-26 04:00:00+00:00,-5.5,8.5,Baie-des-Sables wind farm
6682,2025-03-26 05:00:00+00:00,-4.5,9.6,Baie-des-Sables wind farm
6683,2025-03-26 06:00:00+00:00,-4.0,9.6,Baie-des-Sables wind farm
6684,2025-03-26 07:00:00+00:00,-2.2,7.8,Baie-des-Sables wind farm
6685,2025-03-26 08:00:00+00:00,1.2,4.4,Baie-des-Sables wind farm
6686,2025-03-26 09:00:00+00:00,2.8,1.9,Baie-des-Sables wind farm
6687,2025-03-26 10:00:00+00:00,3.2,1.5,Baie-des-Sables wind farm
6688,2025-03-26 11:00:00+00:00,3.6,0.9,Baie-des-Sables wind farm
6689,2025-03-26 12:00:00+00:00,3.7,5.0,Baie-des-Sables wind farm
6690,2025-03-26 13:00:00+00:00,3.4,6.3,Baie-des-Sables wind farm
6691,2025-03-26 14:00:00+00:00,2.9,6.1,Baie-des-Sables wind farm
6692,2025-03-26 15:00:00+00:00,1.7,6.4,Baie-des-Sables wind farm
6693,2025-03-26 16:00:00+00:00,1.6,6.4,Baie-des-Sables wind farm
6694,2025-03-26 17:00:00+00:00,1.1,2.9,Baie-des-Sables wind farm
6695,2025-03-26 18:00:00+00:00,-0.5,5.1,Baie-des-Sables wind farm
6696,2025-03-26 19:00:00+00:00,-1.0,6.1,Baie-des-Sables wind farm
6697,2025-03-26 20:00:00+00:00,-2.0,7.3,Baie-des-Sables wind farm
6698,2025-03-26 21:00:00+00:00,-2.6,7.2,Baie-des-Sables wind farm
6699,2025-03-26 22:00:00+00:00,-3.7,5.9,Baie-des-Sables wind farm
6700,2025-03-26 23:00:00+00:00,-5.5,6.4,Baie-des-Sables wind farm
6701,2025-03-27 00:00:00+00:00,-6.3,6.6,Baie-des-Sables wind farm
6702,2025-03-27 01:00:00+00:00,-7.0,6.8,Baie-des-Sables wind farm
6703,2025-03-27 02:00:00+00:00,-7.2,5.3,Baie-des-Sables wind farm
6704,2025-03-27 03:00:00+00:00,-7.7,5.4,Baie-des-Sables wind farm
6705,2025-03-27 04:00:00+00:00,-5.6,8.1,Baie-des-Sables wind farm
6706,2025-03-27 05:00:00+00:00,-4.0,8.2,Baie-des-Sables wind farm
6707,2025-03-27 06:00:00+00:00,-2.6,8.7,Baie-des-Sables wind farm
6708,2025-03-27 07:00:00+00:00,-1.7,10.0,Baie-des-Sables wind farm
6709,2025-03-27 08:00:00+00:00,-0.4,13.9,Baie-des-Sables wind farm
6710,2025-03-27 09:00:00+00:00,0.2,12.0,Baie-des-Sables wind farm
6711,2025-03-27 10:00:00+00:00,0.7,10.8,Baie-des-Sables wind farm
6712,2025-03-27 11:00:00+00:00,0.5,10.9,Baie-des-Sables wind farm
6713,2025-03-27 12:00:00+00:00,0.8,9.4,Baie-des-Sables wind farm
6714,2025-03-27 13:00:00+00:00,1.2,8.7,Baie-des-Sables wind farm
6715,2025-03-27 14:00:00+00:00,1.3,7.6,Baie-des-Sables wind farm
6716,2025-03-27 15:00:00+00:00,1.6,6.2,Baie-des-Sables wind farm
6717,2025-03-27 16:00:00+00:00,1.2,6.5,Baie-des-Sables wind farm
6718,2025-03-27 17:00:00+00:00,-0.2,2.9,Baie-des-Sables wind farm
6719,2025-03-27 18:00:00+00:00,-2.4,2.7,Baie-des-Sables wind farm
6720,2025-03-27 19:00:00+00:00,-3.8,8.8,Baie-des-Sables wind farm
6721,2025-03-27 20:00:00+00:00,-3.0,11.6,Baie-des-Sables wind farm
6722,2025-03-27 21:00:00+00:00,-2.5,12.8,Baie-des-Sables wind farm
6723,2025-03-27 22:00:00+00:00,-2.5,12.7,Baie-des-Sables wind farm
6724,2025-03-27 23:00:00+00:00,-2.8,14.2,Baie-des-Sables wind farm
6725,2025-03-28 00:00:00+00:00,-2.4,16.7,Baie-des-Sables wind farm
6726,2025-03-28 01:00:00+00:00,-2.4,17.8,Baie-des-Sables wind farm
6727,2025-03-28 02:00:00+00:00,-2.5,18.0,Baie-des-Sables wind farm
6728,2025-03-28 03:00:00+00:00,-2.5,16.6,Baie-des-Sables wind farm
6729,2025-03-28 04:00:00+00:00,-2.6,16.2,Baie-des-Sables wind farm
6730,2025-03-28 05:00:00+00:00,-1.7,14.3,Baie-des-Sables wind farm
6731,2025-03-28 06:00:00+00:00,-1.8,12.3,Baie-des-Sables wind farm
6732,2025-03-28 07:00:00+00:00,-0.7,12.8,Baie-des-Sables wind farm
6733,2025-03-28 08:00:00+00:00,-0.5,15.6,Baie-des-Sables wind farm
6734,2025-03-28 09:00:00+00:00,-0.6,20.1,Baie-des-Sables wind farm
6735,2025-03-28 10:00:00+00:00,-2.4,26.0,Baie-des-Sables wind farm
6736,2025-03-28 11:00:00+00:00,-4.2,27.4,Baie-des-Sables wind farm
6737,2025-03-28 12:00:00+00:00,-4.5,27.4,Baie-des-Sables wind farm
6738,2025-03-28 13:00:00+00:00,-4.5,27.2,Baie-des-Sables wind farm
6739,2025-03-28 14:00:00+00:00,-3.5,28.4,Baie-des-Sables wind farm
6740,2025-03-28 15:00:00+00:00,-3.2,28.3,Baie-des-Sables wind farm
6741,2025-03-28 16:00:00+00:00,-3.9,26.6,Baie-des-Sables wind farm
6742,2025-03-28 17:00:00+00:00,-4.8,24.5,Baie-des-Sables wind farm
6743,2025-03-28 18:00:00+00:00,-5.9,24.6,Baie-des-Sables wind farm
6744,2025-03-28 19:00:00+00:00,-6.5,25.8,Baie-des-Sables wind farm
6745,2025-03-28 20:00:00+00:00,-7.3,24.7,Baie-des-Sables wind farm
6746,2025-03-28 21:00:00+00:00,-8.1,23.6,Baie-des-Sables wind farm
6747,2025-03-28 22:00:00+00:00,-8.9,22.0,Baie-des-Sables wind farm
6748,2025-03-28 23:00:00+00:00,-9.6,20.7,Baie-des-Sables wind farm
6749,2025-03-29 00:00:00+00:00,-10.2,19.3,Baie-des-Sables wind farm
6750,2025-03-29 01:00:00+00:00,-10.7,19.2,Baie-des-Sables wind farm
6751,2025-03-29 02:00:00+00:00,-11.1,19.1,Baie-des-Sables wind farm
6752,2025-03-29 03:00:00+00:00,-11.2,19.2,Baie-des-Sables wind farm
6753,2025-03-29 04:00:00+00:00,-11.5,18.4,Baie-des-Sables wind farm
6754,2025-03-29 05:00:00+00:00,-11.9,18.0,Baie-des-Sables wind farm
6755,2025-03-29 06:00:00+00:00,-11.7,17.2,Baie-des-Sables wind farm
6756,2025-03-29 07:00:00+00:00,-11.1,18.6,Baie-des-Sables wind farm
6757,2025-03-29 08:00:00+00:00,-11.4,17.8,Baie-des-Sables wind farm
6758,2025-03-29 09:00:00+00:00,-10.9,16.7,Baie-des-Sables wind farm
6759,2025-03-29 10:00:00+00:00,-10.0,14.6,Baie-des-Sables wind farm
6760,2025-03-29 11:00:00+00:00,-9.2,13.9,Baie-des-Sables wind farm
6761,2025-03-29 12:00:00+00:00,-8.3,15.0,Baie-des-Sables wind farm
6762,2025-03-29 13:00:00+00:00,-7.3,14.7,Baie-des-Sables wind farm
6763,2025-03-29 14:00:00+00:00,-6.2,14.5,Baie-des-Sables wind farm
6764,2025-03-29 15:00:00+00:00,-5.4,13.8,Baie-des-Sables wind farm
6765,2025-03-29 16:00:00+00:00,-4.9,13.1,Baie-des-Sables wind farm
6766,2025-03-29 17:00:00+00:00,-5.2,10.7,Baie-des-Sables wind farm
6767,2025-03-29 18:00:00+00:00,-7.6,9.5,Baie-des-Sables wind farm
6768,2025-03-29 19:00:00+00:00,-9.1,7.4,Baie-des-Sables wind farm
6769,2025-03-29 20:00:00+00:00,-9.0,5.2,Baie-des-Sables wind farm
6770,2025-03-29 21:00:00+00:00,-9.1,6.6,Baie-des-Sables wind farm
6771,2025-03-29 22:00:00+00:00,-9.4,5.3,Baie-des-Sables wind farm
6772,2025-03-29 23:00:00+00:00,-10.0,4.2,Baie-des-Sables wind farm
6773,2025-03-30 00:00:00+00:00,-10.6,2.9,Baie-des-Sables wind farm
6774,2025-03-30 01:00:00+00:00,-11.0,1.2,Baie-des-Sables wind farm
6775,2025-03-30 02:00:00+00:00,-12.7,1.4,Baie-des-Sables wind farm
6776,2025-03-30 03:00:00+00:00,-13.8,5.0,Baie-des-Sables wind farm
6777,2025-03-30 04:00:00+00:00,-14.9,5.9,Baie-des-Sables wind farm
6778,2025-03-30 05:00:00+00:00,-15.8,8.3,Baie-des-Sables wind farm
6779,2025-03-30 06:00:00+00:00,-15.4,8.1,Baie-des-Sables wind farm
6780,2025-03-30 07:00:00+00:00,-11.2,4.9,Baie-des-Sables wind farm
6781,2025-03-30 08:00:00+00:00,-5.4,3.3,Baie-des-Sables wind farm
6782,2025-03-30 09:00:00+00:00,-3.7,2.3,Baie-des-Sables wind farm
6783,2025-03-30 10:00:00+00:00,-2.6,4.1,Baie-des-Sables wind farm
6784,2025-03-30 11:00:00+00:00,-2.0,6.1,Baie-des-Sables wind farm
6785,2025-03-30 12:00:00+00:00,-1.7,8.0,Baie-des-Sables wind farm
6786,2025-03-30 13:00:00+00:00,-1.5,8.8,Baie-des-Sables wind farm
6787,2025-03-30 14:00:00+00:00,-2.0,9.9,Baie-des-Sables wind farm
6788,2025-03-30 15:00:00+00:00,-2.4,10.1,Baie-des-Sables wind farm
6789,2025-03-30 16:00:00+00:00,-2.9,8.5,Baie-des-Sables wind farm
6790,2025-03-30 17:00:00+00:00,-3.4,7.2,Baie-des-Sables wind farm
6791,2025-03-30 18:00:00+00:00,-4.0,7.5,Baie-des-Sables wind farm
6792,2025-03-30 19:00:00+00:00,-4.4,7.1,Baie-des-Sables wind farm
6793,2025-03-30 20:00:00+00:00,-4.3,5.7,Baie-des-Sables wind farm
6794,2025-03-30 21:00:00+00:00,-4.1,7.0,Baie-des-Sables wind farm
6795,2025-03-30 22:00:00+00:00,-2.9,9.8,Baie-des-Sables wind farm
6796,2025-03-30 23:00:00+00:00,-3.0,12.1,Baie-des-Sables wind farm
6797,2025-03-31 00:00:00+00:00,-3.3,12.7,Baie-des-Sables wind farm
6798,2025-03-31 01:00:00+00:00,-3.2,10.4,Baie-des-Sables wind farm
6799,2025-03-31 02:00:00+00:00,-3.2,13.0,Baie-des-Sables wind farm
6800,2025-03-31 03:00:00+00:00,-3.0,15.5,Baie-des-Sables wind farm
6801,2025-03-31 04:00:00+00:00,-2.9,16.2,Baie-des-Sables wind farm
6802,2025-03-31 05:00:00+00:00,-2.7,18.2,Baie-des-Sables wind farm
6803,2025-03-31 06:00:00+00:00,-2.3,18.4,Baie-des-Sables wind farm
6804,2025-03-31 07:00:00+00:00,-1.9,21.1,Baie-des-Sables wind farm
6805,2025-03-31 08:00:00+00:00,-1.1,19.5,Baie-des-Sables wind farm
6806,2025-03-31 09:00:00+00:00,-0.7,21.7,Baie-des-Sables wind farm
6807,2025-03-31 10:00:00+00:00,0.4,21.6,Baie-des-Sables wind farm
6808,2025-03-31 11:00:00+00:00,0.6,20.6,Baie-des-Sables wind farm
6809,2025-03-31 12:00:00+00:00,0.5,19.2,Baie-des-Sables wind farm
6810,2025-03-31 13:00:00+00:00,1.4,18.2,Baie-des-Sables wind farm
6811,2025-03-31 14:00:00+00:00,1.6,13.7,Baie-des-Sables wind farm
6812,2025-03-31 15:00:00+00:00,1.6,10.8,Baie-des-Sables wind farm
6813,2025-03-31 16:00:00+00:00,2.3,8.9,Baie-des-Sables wind farm
6814,2025-03-31 17:00:00+00:00,2.4,11.7,Baie-des-Sables wind farm
6815,2025-03-31 18:00:00+00:00,2.9,13.3,Baie-des-Sables wind farm
6816,2025-03-31 19:00:00+00:00,3.5,9.9,Baie-des-Sables wind farm
6817,2025-03-31 20:00:00+00:00,2.5,7.2,Baie-des-Sables wind farm
6818,2025-03-31 21:00:00+00:00,2.8,5.8,Baie-des-Sables wind farm
6819,2025-03-31 22:00:00+00:00,3.2,8.3,Baie-des-Sables wind farm
6820,2025-03-31 23:00:00+00:00,2.8,11.2,Baie-des-Sables wind farm
6821,2025-04-01 00:00:00+00:00,2.4,13.5,Baie-des-Sables wind farm
6822,2025-04-01 01:00:00+00:00,1.9,15.5,Baie-des-Sables wind farm
6823,2025-04-01 02:00:00+00:00,1.1,15.5,Baie-des-Sables wind farm
6824,2025-04-01 03:00:00+00:00,0.7,15.1,Baie-des-Sables wind farm
6825,2025-04-01 04:00:00+00:00,0.5,19.7,Baie-des-Sables wind farm
6826,2025-04-01 05:00:00+00:00,-0.1,24.6,Baie-des-Sables wind farm
6827,2025-04-01 06:00:00+00:00,-0.6,22.4,Baie-des-Sables wind farm
6828,2025-04-01 07:00:00+00:00,-1.0,23.6,Baie-des-Sables wind farm
6829,2025-04-01 08:00:00+00:00,-0.7,28.1,Baie-des-Sables wind farm
6830,2025-04-01 09:00:00+00:00,-0.7,29.9,Baie-des-Sables wind farm
6831,2025-04-01 10:00:00+00:00,-0.7,30.4,Baie-des-Sables wind farm
6832,2025-04-01 11:00:00+00:00,-1.3,32.4,Baie-des-Sables wind farm
6833,2025-04-01 12:00:00+00:00,-1.3,33.3,Baie-des-Sables wind farm
6834,2025-04-01 13:00:00+00:00,-1.4,32.8,Baie-des-Sables wind farm
6835,2025-04-01 14:00:00+00:00,-1.8,33.1,Baie-des-Sables wind farm
6836,2025-04-01 15:00:00+00:00,-2.2,32.5,Baie-des-Sables wind farm
6837,2025-04-01 16:00:00+00:00,-2.8,31.6,Baie-des-Sables wind farm
6838,2025-04-01 17:00:00+00:00,-3.5,31.0,Baie-des-Sables wind farm
6839,2025-04-01 18:00:00+00:00,-4.3,31.3,Baie-des-Sables wind farm
6840,2025-04-01 19:00:00+00:00,-4.9,31.9,Baie-des-Sables wind farm
6841,2025-04-01 20:00:00+00:00,-5.0,32.8,Baie-des-Sables wind farm
6842,2025-04-01 21:00:00+00:00,-6.0,30.8,Baie-des-Sables wind farm
6843,2025-04-01 22:00:00+00:00,-7.2,28.8,Baie-des-Sables wind farm
6844,2025-04-01 23:00:00+00:00,-8.2,26.7,Baie-des-Sables wind farm
6845,2025-04-02 00:00:00+00:00,-9.0,25.1,Baie-des-Sables wind farm
6846,2025-04-02 01:00:00+00:00,-9.7,25.5,Baie-des-Sables wind farm
6847,2025-04-02 02:00:00+00:00,-10.4,25.7,Baie-des-Sables wind farm
6848,2025-04-02 03:00:00+00:00,-11.0,26.6,Baie-des-Sables wind farm
6849,2025-04-02 04:00:00+00:00,-11.6,26.4,Baie-des-Sables wind farm
6850,2025-04-02 05:00:00+00:00,-12.2,25.1,Baie-des-Sables wind farm
6851,2025-04-02 06:00:00+00:00,-12.4,24.2,Baie-des-Sables wind farm
6852,2025-04-02 07:00:00+00:00,-12.1,25.0,Baie-des-Sables wind farm
6853,2025-04-02 08:00:00+00:00,-11.5,24.3,Baie-des-Sables wind farm
6854,2025-04-02 09:00:00+00:00,-10.9,23.0,Baie-des-Sables wind farm
6855,2025-04-02 10:00:00+00:00,-10.2,23.2,Baie-des-Sables wind farm
6856,2025-04-02 11:00:00+00:00,-9.3,23.7,Baie-des-Sables wind farm
6857,2025-04-02 12:00:00+00:00,-8.2,21.0,Baie-des-Sables wind farm
6858,2025-04-02 13:00:00+00:00,-7.3,21.8,Baie-des-Sables wind farm
6859,2025-04-02 14:00:00+00:00,-6.5,22.1,Baie-des-Sables wind farm
6860,2025-04-02 15:00:00+00:00,-5.9,19.2,Baie-des-Sables wind farm
6861,2025-04-02 16:00:00+00:00,-5.5,15.7,Baie-des-Sables wind farm
6862,2025-04-02 17:00:00+00:00,-5.5,11.7,Baie-des-Sables wind farm
6863,2025-04-02 18:00:00+00:00,-7.2,8.8,Baie-des-Sables wind farm
6864,2025-04-02 19:00:00+00:00,-8.3,7.2,Baie-des-Sables wind farm
6865,2025-04-02 20:00:00+00:00,-8.2,2.8,Baie-des-Sables wind farm
6866,2025-04-02 21:00:00+00:00,-8.5,1.0,Baie-des-Sables wind farm
6867,2025-04-02 22:00:00+00:00,-9.8,4.8,Baie-des-Sables wind farm
6868,2025-04-02 23:00:00+00:00,-11.0,10.5,Baie-des-Sables wind farm
6869,2025-04-03 00:00:00+00:00,-10.9,11.2,Baie-des-Sables wind farm
6870,2025-04-03 01:00:00+00:00,-9.5,13.5,Baie-des-Sables wind farm
6871,2025-04-03 02:00:00+00:00,-9.0,12.9,Baie-des-Sables wind farm
6872,2025-04-03 03:00:00+00:00,-8.6,14.5,Baie-des-Sables wind farm
6873,2025-04-03 04:00:00+00:00,-7.9,14.4,Baie-des-Sables wind farm
6874,2025-04-03 05:00:00+00:00,-7.4,18.7,Baie-des-Sables wind farm
6875,2025-04-03 06:00:00+00:00,-6.8,22.0,Baie-des-Sables wind farm
6876,2025-04-03 07:00:00+00:00,-6.1,23.5,Baie-des-Sables wind farm
6877,2025-04-03 08:00:00+00:00,-6.1,25.5,Baie-des-Sables wind farm
6878,2025-04-03 09:00:00+00:00,-5.7,28.9,Baie-des-Sables wind farm
6879,2025-04-03 10:00:00+00:00,-5.2,29.6,Baie-des-Sables wind farm
6880,2025-04-03 11:00:00+00:00,-5.0,22.3,Baie-des-Sables wind farm
6881,2025-04-03 12:00:00+00:00,-4.9,25.3,Baie-des-Sables wind farm
6882,2025-04-03 13:00:00+00:00,-4.3,36.8,Baie-des-Sables wind farm
6883,2025-04-03 14:00:00+00:00,-3.7,38.5,Baie-des-Sables wind farm
6884,2025-04-03 15:00:00+00:00,-3.1,39.1,Baie-des-Sables wind farm
6885,2025-04-03 16:00:00+00:00,-2.8,39.4,Baie-des-Sables wind farm
6886,2025-04-03 17:00:00+00:00,-2.3,37.2,Baie-des-Sables wind farm
6887,2025-04-03 18:00:00+00:00,-1.8,33.4,Baie-des-Sables wind farm
6888,2025-04-03 19:00:00+00:00,-1.2,30.2,Baie-des-Sables wind farm
6889,2025-04-03 20:00:00+00:00,-2.2,29.2,Baie-des-Sables wind farm
6890,2025-04-03 21:00:00+00:00,-1.8,25.0,Baie-des-Sables wind farm
6891,2025-04-03 22:00:00+00:00,-1.3,19.8,Baie-des-Sables wind farm
6892,2025-04-03 23:00:00+00:00,-0.7,13.8,Baie-des-Sables wind farm
6893,2025-04-04 00:00:00+00:00,0.3,10.1,Baie-des-Sables wind farm
6894,2025-04-04 01:00:00+00:00,1.1,7.9,Baie-des-Sables wind farm
6895,2025-04-04 02:00:00+00:00,-0.2,8.9,Baie-des-Sables wind farm
6896,2025-04-04 03:00:00+00:00,1.1,11.8,Baie-des-Sables wind farm
6897,2025-04-04 04:00:00+00:00,0.9,10.9,Baie-des-Sables wind farm
6898,2025-04-04 05:00:00+00:00,0.2,11.8,Baie-des-Sables wind farm
6899,2025-04-04 06:00:00+00:00,0.1,13.1,Baie-des-Sables wind farm
6900,2025-04-04 07:00:00+00:00,1.8,11.5,Baie-des-Sables wind farm
6901,2025-04-04 08:00:00+00:00,1.2,6.6,Baie-des-Sables wind farm
6902,2025-04-04 09:00:00+00:00,1.6,6.2,Baie-des-Sables wind farm
6903,2025-04-04 10:00:00+00:00,2.0,8.5,Baie-des-Sables wind farm
6904,2025-04-04 11:00:00+00:00,1.5,6.0,Baie-des-Sables wind farm
6905,2025-04-04 12:00:00+00:00,1.5,8.5,Baie-des-Sables wind farm
6906,2025-04-04 13:00:00+00:00,1.2,8.1,Baie-des-Sables wind farm
6907,2025-04-04 14:00:00+00:00,2.3,10.3,Baie-des-Sables wind farm
6908,2025-04-04 15:00:00+00:00,1.6,17.2,Baie-des-Sables wind farm
6909,2025-04-04 16:00:00+00:00,1.7,22.2,Baie-des-Sables wind farm
6910,2025-04-04 17:00:00+00:00,1.3,23.2,Baie-des-Sables wind farm
6911,2025-04-04 18:00:00+00:00,0.5,23.8,Baie-des-Sables wind farm
6912,2025-04-04 19:00:00+00:00,0.4,22.8,Baie-des-Sables wind farm
6913,2025-04-04 20:00:00+00:00,-0.2,21.0,Baie-des-Sables wind farm
6914,2025-04-04 21:00:00+00:00,-0.8,20.0,Baie-des-Sables wind farm
6915,2025-04-04 22:00:00+00:00,-1.2,20.5,Baie-des-Sables wind farm
6916,2025-04-04 23:00:00+00:00,-1.6,18.4,Baie-des-Sables wind farm
6917,2025-04-05 00:00:00+00:00,-2.6,11.7,Baie-des-Sables wind farm
6918,2025-04-05 01:00:00+00:00,-4.0,8.4,Baie-des-Sables wind farm
6919,2025-04-05 02:00:00+00:00,-5.2,6.6,Baie-des-Sables wind farm
6920,2025-04-05 03:00:00+00:00,-6.1,2.7,Baie-des-Sables wind farm
6921,2025-04-05 04:00:00+00:00,-7.6,2.0,Baie-des-Sables wind farm
6922,2025-04-05 05:00:00+00:00,-8.9,5.9,Baie-des-Sables wind farm
6923,2025-04-05 06:00:00+00:00,-7.0,12.0,Baie-des-Sables wind farm
6924,2025-04-05 07:00:00+00:00,-3.7,7.2,Baie-des-Sables wind farm
6925,2025-04-05 08:00:00+00:00,-0.7,7.8,Baie-des-Sables wind farm
6926,2025-04-05 09:00:00+00:00,0.6,6.6,Baie-des-Sables wind farm
6927,2025-04-05 10:00:00+00:00,1.4,2.1,Baie-des-Sables wind farm
6928,2025-04-05 11:00:00+00:00,2.6,1.1,Baie-des-Sables wind farm
6929,2025-04-05 12:00:00+00:00,3.2,1.8,Baie-des-Sables wind farm
6930,2025-04-05 13:00:00+00:00,3.9,1.9,Baie-des-Sables wind farm
6931,2025-04-05 14:00:00+00:00,4.5,3.2,Baie-des-Sables wind farm
6932,2025-04-05 15:00:00+00:00,4.8,6.0,Baie-des-Sables wind farm
6933,2025-04-05 16:00:00+00:00,5.1,10.1,Baie-des-Sables wind farm
6934,2025-04-05 17:00:00+00:00,4.3,16.1,Baie-des-Sables wind farm
6935,2025-04-05 18:00:00+00:00,2.3,17.3,Baie-des-Sables wind farm
6936,2025-04-05 19:00:00+00:00,1.4,21.9,Baie-des-Sables wind farm
6937,2025-04-05 20:00:00+00:00,0.9,27.5,Baie-des-Sables wind farm
6938,2025-04-05 21:00:00+00:00,0.9,29.1,Baie-des-Sables wind farm
6939,2025-04-05 22:00:00+00:00,1.2,30.4,Baie-des-Sables wind farm
6940,2025-04-05 23:00:00+00:00,1.3,29.1,Baie-des-Sables wind farm
6941,2025-04-06 00:00:00+00:00,1.2,28.0,Baie-des-Sables wind farm
6942,2025-04-06 01:00:00+00:00,1.0,26.4,Baie-des-Sables wind farm
6943,2025-04-06 02:00:00+00:00,1.2,26.4,Baie-des-Sables wind farm
6944,2025-04-06 03:00:00+00:00,1.4,25.4,Baie-des-Sables wind farm
6945,2025-04-06 04:00:00+00:00,1.6,26.2,Baie-des-Sables wind farm
6946,2025-04-06 05:00:00+00:00,1.9,26.8,Baie-des-Sables wind farm
6947,2025-04-06 06:00:00+00:00,2.3,24.7,Baie-des-Sables wind farm
6948,2025-04-06 07:00:00+00:00,2.5,21.1,Baie-des-Sables wind farm
6949,2025-04-06 08:00:00+00:00,2.6,19.6,Baie-des-Sables wind farm
6950,2025-04-06 09:00:00+00:00,3.3,18.8,Baie-des-Sables wind farm
6951,2025-04-06 10:00:00+00:00,3.9,18.1,Baie-des-Sables wind farm
6952,2025-04-06 11:00:00+00:00,4.8,20.1,Baie-des-Sables wind farm
6953,2025-04-06 12:00:00+00:00,6.3,21.1,Baie-des-Sables wind farm
6954,2025-04-06 13:00:00+00:00,6.0,24.2,Baie-des-Sables wind farm
6955,2025-04-06 14:00:00+00:00,5.6,21.9,Baie-des-Sables wind farm
6956,2025-04-06 15:00:00+00:00,4.8,23.7,Baie-des-Sables wind farm
6957,2025-04-06 16:00:00+00:00,3.9,15.0,Baie-des-Sables wind farm
6958,2025-04-06 17:00:00+00:00,2.5,21.1,Baie-des-Sables wind farm
6959,2025-04-06 18:00:00+00:00,0.8,21.6,Baie-des-Sables wind farm
6960,2025-04-06 19:00:00+00:00,-0.1,19.9,Baie-des-Sables wind farm
6961,2025-04-06 20:00:00+00:00,-1.2,19.4,Baie-des-Sables wind farm
6962,2025-04-06 21:00:00+00:00,-1.8,18.1,Baie-des-Sables wind farm
6963,2025-04-06 22:00:00+00:00,-2.3,16.6,Baie-des-Sables wind farm
6964,2025-04-06 23:00:00+00:00,-2.8,15.7,Baie-des-Sables wind farm
6965,2025-04-07 00:00:00+00:00,-2.8,18.9,Baie-des-Sables wind farm
6966,2025-04-07 01:00:00+00:00,-3.4,21.2,Baie-des-Sables wind farm
6967,2025-04-07 02:00:00+00:00,-4.6,19.7,Baie-des-Sables wind farm
6968,2025-04-07 03:00:00+00:00,-5.6,19.1,Baie-des-Sables wind farm
6969,2025-04-07 04:00:00+00:00,-6.3,18.3,Baie-des-Sables wind farm
6970,2025-04-07 05:00:00+00:00,-7.0,13.3,Baie-des-Sables wind farm
6971,2025-04-07 06:00:00+00:00,-6.8,10.1,Baie-des-Sables wind farm
6972,2025-04-07 07:00:00+00:00,-4.6,13.2,Baie-des-Sables wind farm
6973,2025-04-07 08:00:00+00:00,-3.8,22.8,Baie-des-Sables wind farm
6974,2025-04-07 09:00:00+00:00,-3.7,21.5,Baie-des-Sables wind farm
6975,2025-04-07 10:00:00+00:00,-3.3,23.1,Baie-des-Sables wind farm
6976,2025-04-07 11:00:00+00:00,-2.9,23.2,Baie-des-Sables wind farm
6977,2025-04-07 12:00:00+00:00,-1.9,24.3,Baie-des-Sables wind farm
6978,2025-04-07 13:00:00+00:00,-1.3,23.1,Baie-des-Sables wind farm
6979,2025-04-07 14:00:00+00:00,-1.0,20.0,Baie-des-Sables wind farm
6980,2025-04-07 15:00:00+00:00,-0.8,18.0,Baie-des-Sables wind farm
6981,2025-04-07 16:00:00+00:00,-0.9,14.7,Baie-des-Sables wind farm
6982,2025-04-07 17:00:00+00:00,-1.4,8.5,Baie-des-Sables wind farm
6983,2025-04-07 18:00:00+00:00,-4.1,9.3,Baie-des-Sables wind farm
6984,2025-04-07 19:00:00+00:00,-5.6,9.5,Baie-des-Sables wind farm
6985,2025-04-07 20:00:00+00:00,-6.8,8.6,Baie-des-Sables wind farm
6986,2025-04-07 21:00:00+00:00,-7.8,11.0,Baie-des-Sables wind farm
6987,2025-04-07 22:00:00+00:00,-7.6,9.7,Baie-des-Sables wind farm
6988,2025-04-07 23:00:00+00:00,-7.8,9.5,Baie-des-Sables wind farm
6989,2025-04-08 00:00:00+00:00,-8.4,4.4,Baie-des-Sables wind farm
6990,2025-04-08 01:00:00+00:00,-8.1,2.4,Baie-des-Sables wind farm
6991,2025-04-08 02:00:00+00:00,-8.4,6.6,Baie-des-Sables wind farm
6992,2025-04-08 03:00:00+00:00,-8.3,7.3,Baie-des-Sables wind farm
6993,2025-04-08 04:00:00+00:00,-8.6,7.2,Baie-des-Sables wind farm
6994,2025-04-08 05:00:00+00:00,-8.1,7.3,Baie-des-Sables wind farm
6995,2025-04-08 06:00:00+00:00,-7.2,6.1,Baie-des-Sables wind farm
6996,2025-04-08 07:00:00+00:00,-4.3,4.3,Baie-des-Sables wind farm
6997,2025-04-08 08:00:00+00:00,-3.1,11.3,Baie-des-Sables wind farm
6998,2025-04-08 09:00:00+00:00,-2.1,12.2,Baie-des-Sables wind farm
6999,2025-04-08 10:00:00+00:00,-1.4,12.9,Baie-des-Sables wind farm
7000,2025-04-08 11:00:00+00:00,-1.1,14.5,Baie-des-Sables wind farm
7001,2025-04-08 12:00:00+00:00,-2.0,16.5,Baie-des-Sables wind farm
7002,2025-04-08 13:00:00+00:00,-1.9,14.7,Baie-des-Sables wind farm
7003,2025-04-08 14:00:00+00:00,-1.4,12.9,Baie-des-Sables wind farm
7004,2025-04-08 15:00:00+00:00,-1.8,13.0,Baie-des-Sables wind farm
7005,2025-04-08 16:00:00+00:00,-1.9,8.8,Baie-des-Sables wind farm
7006,2025-04-08 17:00:00+00:00,-1.9,5.6,Baie-des-Sables wind farm
7007,2025-04-08 18:00:00+00:00,-3.8,3.3,Baie-des-Sables wind farm
7008,2025-04-08 19:00:00+00:00,-3.6,0.6,Baie-des-Sables wind farm
7009,2025-04-08 20:00:00+00:00,-3.8,1.1,Baie-des-Sables wind farm
7010,2025-04-08 21:00:00+00:00,-3.9,4.5,Baie-des-Sables wind farm
7011,2025-04-08 22:00:00+00:00,-3.7,6.7,Baie-des-Sables wind farm
7012,2025-04-08 23:00:00+00:00,-3.8,14.3,Baie-des-Sables wind farm
7013,2025-04-09 00:00:00+00:00,-5.7,11.7,Baie-des-Sables wind farm
7014,2025-04-09 01:00:00+00:00,-7.2,10.8,Baie-des-Sables wind farm
7015,2025-04-09 02:00:00+00:00,-7.6,12.2,Baie-des-Sables wind farm
7016,2025-04-09 03:00:00+00:00,-7.5,13.4,Baie-des-Sables wind farm
7017,2025-04-09 04:00:00+00:00,-8.1,12.8,Baie-des-Sables wind farm
7018,2025-04-09 05:00:00+00:00,-8.6,12.9,Baie-des-Sables wind farm
7019,2025-04-09 06:00:00+00:00,-7.6,14.9,Baie-des-Sables wind farm
7020,2025-04-09 07:00:00+00:00,-6.8,19.8,Baie-des-Sables wind farm
7021,2025-04-09 08:00:00+00:00,-5.5,22.4,Baie-des-Sables wind farm
7022,2025-04-09 09:00:00+00:00,-5.3,23.2,Baie-des-Sables wind farm
7023,2025-04-09 10:00:00+00:00,-4.8,26.4,Baie-des-Sables wind farm
7024,2025-04-09 11:00:00+00:00,-4.2,28.5,Baie-des-Sables wind farm
7025,2025-04-09 12:00:00+00:00,-3.8,31.0,Baie-des-Sables wind farm
7026,2025-04-09 13:00:00+00:00,-3.6,32.4,Baie-des-Sables wind farm
7027,2025-04-09 14:00:00+00:00,-3.5,30.6,Baie-des-Sables wind farm
7028,2025-04-09 15:00:00+00:00,-3.1,29.3,Baie-des-Sables wind farm
7029,2025-04-09 16:00:00+00:00,-2.8,27.5,Baie-des-Sables wind farm
7030,2025-04-09 17:00:00+00:00,-2.8,23.7,Baie-des-Sables wind farm
7031,2025-04-09 18:00:00+00:00,-4.0,24.2,Baie-des-Sables wind farm
7032,2025-04-09 19:00:00+00:00,-4.5,23.8,Baie-des-Sables wind farm
7033,2025-04-09 20:00:00+00:00,-3.7,16.7,Baie-des-Sables wind farm
7034,2025-04-09 21:00:00+00:00,-3.4,23.9,Baie-des-Sables wind farm
7035,2025-04-09 22:00:00+00:00,-3.7,22.8,Baie-des-Sables wind farm
7036,2025-04-09 23:00:00+00:00,-4.3,20.9,Baie-des-Sables wind farm
7037,2025-04-10 00:00:00+00:00,-5.0,22.2,Baie-des-Sables wind farm
7038,2025-04-10 01:00:00+00:00,-4.3,24.5,Baie-des-Sables wind farm
7039,2025-04-10 02:00:00+00:00,-4.6,24.4,Baie-des-Sables wind farm
7040,2025-04-10 03:00:00+00:00,-4.3,25.7,Baie-des-Sables wind farm
7041,2025-04-10 04:00:00+00:00,-4.1,26.2,Baie-des-Sables wind farm
7042,2025-04-10 05:00:00+00:00,-3.5,27.6,Baie-des-Sables wind farm
7043,2025-04-10 06:00:00+00:00,-3.0,29.1,Baie-des-Sables wind farm
7044,2025-04-10 07:00:00+00:00,-2.6,28.6,Baie-des-Sables wind farm
7045,2025-04-10 08:00:00+00:00,-1.1,32.8,Baie-des-Sables wind farm
7046,2025-04-10 09:00:00+00:00,-0.8,32.8,Baie-des-Sables wind farm
7047,2025-04-10 10:00:00+00:00,-0.3,32.1,Baie-des-Sables wind farm
7048,2025-04-10 11:00:00+00:00,0.3,31.1,Baie-des-Sables wind farm
7049,2025-04-10 12:00:00+00:00,1.1,30.0,Baie-des-Sables wind farm
7050,2025-04-10 13:00:00+00:00,2.0,29.2,Baie-des-Sables wind farm
7051,2025-04-10 14:00:00+00:00,2.6,26.7,Baie-des-Sables wind farm
7052,2025-04-10 15:00:00+00:00,3.0,25.0,Baie-des-Sables wind farm
7053,2025-04-10 16:00:00+00:00,2.9,21.7,Baie-des-Sables wind farm
7054,2025-04-10 17:00:00+00:00,2.3,21.0,Baie-des-Sables wind farm
7055,2025-04-10 18:00:00+00:00,1.2,19.6,Baie-des-Sables wind farm
7056,2025-04-10 19:00:00+00:00,0.1,17.2,Baie-des-Sables wind farm
7057,2025-04-10 20:00:00+00:00,-0.3,15.6,Baie-des-Sables wind farm
7058,2025-04-10 21:00:00+00:00,-0.8,14.5,Baie-des-Sables wind farm
7059,2025-04-10 22:00:00+00:00,-1.3,15.5,Baie-des-Sables wind farm
7060,2025-04-10 23:00:00+00:00,-1.9,13.9,Baie-des-Sables wind farm
7061,2025-04-11 00:00:00+00:00,-3.3,10.1,Baie-des-Sables wind farm
7062,2025-04-11 01:00:00+00:00,-4.0,10.8,Baie-des-Sables wind farm
7063,2025-04-11 02:00:00+00:00,-4.6,10.1,Baie-des-Sables wind farm
7064,2025-04-11 03:00:00+00:00,-5.2,10.0,Baie-des-Sables wind farm
7065,2025-04-11 04:00:00+00:00,-5.7,8.5,Baie-des-Sables wind farm
7066,2025-04-11 05:00:00+00:00,-6.8,7.0,Baie-des-Sables wind farm
7067,2025-04-11 06:00:00+00:00,-5.5,5.6,Baie-des-Sables wind farm
7068,2025-04-11 07:00:00+00:00,-0.8,3.4,Baie-des-Sables wind farm
7069,2025-04-11 08:00:00+00:00,3.1,1.3,Baie-des-Sables wind farm
7070,2025-04-11 09:00:00+00:00,4.3,3.6,Baie-des-Sables wind farm
7071,2025-04-11 10:00:00+00:00,4.5,6.5,Baie-des-Sables wind farm
7072,2025-04-11 11:00:00+00:00,4.5,6.3,Baie-des-Sables wind farm
7073,2025-04-11 12:00:00+00:00,4.9,6.7,Baie-des-Sables wind farm
7074,2025-04-11 13:00:00+00:00,5.0,5.9,Baie-des-Sables wind farm
7075,2025-04-11 14:00:00+00:00,5.0,4.0,Baie-des-Sables wind farm
7076,2025-04-11 15:00:00+00:00,5.2,3.6,Baie-des-Sables wind farm
7077,2025-04-11 16:00:00+00:00,4.4,2.7,Baie-des-Sables wind farm
7078,2025-04-11 17:00:00+00:00,4.3,0.8,Baie-des-Sables wind farm
7079,2025-04-11 18:00:00+00:00,1.6,3.4,Baie-des-Sables wind farm
7080,2025-04-11 19:00:00+00:00,-0.1,4.5,Baie-des-Sables wind farm
7081,2025-04-11 20:00:00+00:00,-1.5,3.3,Baie-des-Sables wind farm
7082,2025-04-11 21:00:00+00:00,-3.8,5.3,Baie-des-Sables wind farm
7083,2025-04-11 22:00:00+00:00,-4.6,3.8,Baie-des-Sables wind farm
7084,2025-04-11 23:00:00+00:00,-5.5,6.4,Baie-des-Sables wind farm
7085,2025-04-12 00:00:00+00:00,-6.0,8.9,Baie-des-Sables wind farm
7086,2025-04-12 01:00:00+00:00,-6.3,8.3,Baie-des-Sables wind farm
7087,2025-04-12 02:00:00+00:00,-6.5,9.4,Baie-des-Sables wind farm
7088,2025-04-12 03:00:00+00:00,-6.7,8.2,Baie-des-Sables wind farm
7089,2025-04-12 04:00:00+00:00,-7.6,4.9,Baie-des-Sables wind farm
7090,2025-04-12 05:00:00+00:00,-8.3,2.9,Baie-des-Sables wind farm
7091,2025-04-12 06:00:00+00:00,-6.2,3.1,Baie-des-Sables wind farm
7092,2025-04-12 07:00:00+00:00,0.2,2.3,Baie-des-Sables wind farm
7093,2025-04-12 08:00:00+00:00,4.5,2.0,Baie-des-Sables wind farm
7094,2025-04-12 09:00:00+00:00,6.1,3.0,Baie-des-Sables wind farm
7095,2025-04-12 10:00:00+00:00,6.7,5.3,Baie-des-Sables wind farm
7096,2025-04-12 11:00:00+00:00,6.7,7.5,Baie-des-Sables wind farm
7097,2025-04-12 12:00:00+00:00,6.3,9.4,Baie-des-Sables wind farm
7098,2025-04-12 13:00:00+00:00,6.2,8.7,Baie-des-Sables wind farm
7099,2025-04-12 14:00:00+00:00,6.3,8.8,Baie-des-Sables wind farm
7100,2025-04-12 15:00:00+00:00,6.1,7.0,Baie-des-Sables wind farm
7101,2025-04-12 16:00:00+00:00,5.7,7.7,Baie-des-Sables wind farm
7102,2025-04-12 17:00:00+00:00,4.8,6.6,Baie-des-Sables wind farm
7103,2025-04-12 18:00:00+00:00,2.7,7.3,Baie-des-Sables wind farm
7104,2025-04-12 19:00:00+00:00,1.5,9.3,Baie-des-Sables wind farm
7105,2025-04-12 20:00:00+00:00,1.7,11.6,Baie-des-Sables wind farm
7106,2025-04-12 21:00:00+00:00,1.8,13.8,Baie-des-Sables wind farm
7107,2025-04-12 22:00:00+00:00,1.4,13.5,Baie-des-Sables wind farm
7108,2025-04-12 23:00:00+00:00,-0.0,12.3,Baie-des-Sables wind farm
7109,2025-04-13 00:00:00+00:00,-0.5,14.5,Baie-des-Sables wind farm
7110,2025-04-13 01:00:00+00:00,-0.1,12.9,Baie-des-Sables wind farm
7111,2025-04-13 02:00:00+00:00,-0.4,11.0,Baie-des-Sables wind farm
7112,2025-04-13 03:00:00+00:00,-1.5,6.8,Baie-des-Sables wind farm
7113,2025-04-13 04:00:00+00:00,-2.1,7.9,Baie-des-Sables wind farm
7114,2025-04-13 05:00:00+00:00,-2.0,8.5,Baie-des-Sables wind farm
7115,2025-04-13 06:00:00+00:00,-0.7,7.1,Baie-des-Sables wind farm
7116,2025-04-13 07:00:00+00:00,1.9,4.5,Baie-des-Sables wind farm
7117,2025-04-13 08:00:00+00:00,4.5,5.4,Baie-des-Sables wind farm
7118,2025-04-13 09:00:00+00:00,5.6,7.4,Baie-des-Sables wind farm
7119,2025-04-13 10:00:00+00:00,4.8,8.8,Baie-des-Sables wind farm
7120,2025-04-13 11:00:00+00:00,4.5,11.7,Baie-des-Sables wind farm
7121,2025-04-13 12:00:00+00:00,4.2,12.4,Baie-des-Sables wind farm
7122,2025-04-13 13:00:00+00:00,3.5,10.4,Baie-des-Sables wind farm
7123,2025-04-13 14:00:00+00:00,2.4,10.9,Baie-des-Sables wind farm
7124,2025-04-13 15:00:00+00:00,3.4,10.4,Baie-des-Sables wind farm
7125,2025-04-13 16:00:00+00:00,3.2,8.2,Baie-des-Sables wind farm
7126,2025-04-13 17:00:00+00:00,2.5,11.8,Baie-des-Sables wind farm
7127,2025-04-13 18:00:00+00:00,1.9,10.2,Baie-des-Sables wind farm
7128,2025-04-13 19:00:00+00:00,1.3,8.9,Baie-des-Sables wind farm
7129,2025-04-13 20:00:00+00:00,1.4,8.9,Baie-des-Sables wind farm
7130,2025-04-13 21:00:00+00:00,1.0,8.2,Baie-des-Sables wind farm
7131,2025-04-13 22:00:00+00:00,0.9,9.6,Baie-des-Sables wind farm
7132,2025-04-13 23:00:00+00:00,1.1,11.3,Baie-des-Sables wind farm
7133,2025-04-14 00:00:00+00:00,1.4,13.2,Baie-des-Sables wind farm
7134,2025-04-14 01:00:00+00:00,1.4,12.8,Baie-des-Sables wind farm
7135,2025-04-14 02:00:00+00:00,1.1,11.8,Baie-des-Sables wind farm
7136,2025-04-14 03:00:00+00:00,0.9,9.4,Baie-des-Sables wind farm
7137,2025-04-14 04:00:00+00:00,0.7,7.6,Baie-des-Sables wind farm
7138,2025-04-14 05:00:00+00:00,0.7,6.3,Baie-des-Sables wind farm
7139,2025-04-14 06:00:00+00:00,1.1,3.6,Baie-des-Sables wind farm
7140,2025-04-14 07:00:00+00:00,2.6,3.9,Baie-des-Sables wind farm
7141,2025-04-14 08:00:00+00:00,3.6,4.2,Baie-des-Sables wind farm
7142,2025-04-14 09:00:00+00:00,4.5,6.7,Baie-des-Sables wind farm
7143,2025-04-14 10:00:00+00:00,4.9,7.5,Baie-des-Sables wind farm
7144,2025-04-14 11:00:00+00:00,5.7,7.2,Baie-des-Sables wind farm
7145,2025-04-14 12:00:00+00:00,6.6,6.3,Baie-des-Sables wind farm
7146,2025-04-14 13:00:00+00:00,7.5,6.9,Baie-des-Sables wind farm
7147,2025-04-14 14:00:00+00:00,8.0,8.1,Baie-des-Sables wind farm
7148,2025-04-14 15:00:00+00:00,8.2,8.1,Baie-des-Sables wind farm
7149,2025-04-14 16:00:00+00:00,8.2,5.6,Baie-des-Sables wind farm
7150,2025-04-14 17:00:00+00:00,5.9,5.5,Baie-des-Sables wind farm
7151,2025-04-14 18:00:00+00:00,3.1,0.4,Baie-des-Sables wind farm
7152,2025-04-14 19:00:00+00:00,2.0,0.6,Baie-des-Sables wind farm
7153,2025-04-14 20:00:00+00:00,0.3,3.7,Baie-des-Sables wind farm
7154,2025-04-14 21:00:00+00:00,0.3,2.2,Baie-des-Sables wind farm
7155,2025-04-14 22:00:00+00:00,-0.2,2.2,Baie-des-Sables wind farm
7156,2025-04-14 23:00:00+00:00,-0.3,1.7,Baie-des-Sables wind farm
7157,2025-04-15 00:00:00+00:00,-0.0,4.2,Baie-des-Sables wind farm
7158,2025-04-15 01:00:00+00:00,0.2,6.8,Baie-des-Sables wind farm
7159,2025-04-15 02:00:00+00:00,-0.2,5.8,Baie-des-Sables wind farm
7160,2025-04-15 03:00:00+00:00,-1.8,4.8,Baie-des-Sables wind farm
7161,2025-04-15 04:00:00+00:00,-2.7,3.1,Baie-des-Sables wind farm
7162,2025-04-15 05:00:00+00:00,-3.9,1.7,Baie-des-Sables wind farm
7163,2025-04-15 06:00:00+00:00,-0.9,3.5,Baie-des-Sables wind farm
7164,2025-04-15 07:00:00+00:00,2.1,4.4,Baie-des-Sables wind farm
7165,2025-04-15 08:00:00+00:00,6.4,3.9,Baie-des-Sables wind farm
7166,2025-04-15 09:00:00+00:00,7.8,4.7,Baie-des-Sables wind farm
7167,2025-04-15 10:00:00+00:00,8.6,4.7,Baie-des-Sables wind farm
7168,2025-04-15 11:00:00+00:00,8.7,6.8,Baie-des-Sables wind farm
7169,2025-04-15 12:00:00+00:00,8.3,12.3,Baie-des-Sables wind farm
7170,2025-04-15 13:00:00+00:00,8.1,14.5,Baie-des-Sables wind farm
7171,2025-04-15 14:00:00+00:00,7.4,17.2,Baie-des-Sables wind farm
7172,2025-04-15 15:00:00+00:00,6.5,19.0,Baie-des-Sables wind farm
7173,2025-04-15 16:00:00+00:00,4.7,20.9,Baie-des-Sables wind farm
7174,2025-04-15 17:00:00+00:00,3.1,17.9,Baie-des-Sables wind farm
7175,2025-04-15 18:00:00+00:00,2.9,16.2,Baie-des-Sables wind farm
7176,2025-04-15 19:00:00+00:00,2.7,14.6,Baie-des-Sables wind farm
7177,2025-04-15 20:00:00+00:00,2.4,11.2,Baie-des-Sables wind farm
7178,2025-04-15 21:00:00+00:00,2.0,15.3,Baie-des-Sables wind farm
7179,2025-04-15 22:00:00+00:00,2.0,19.6,Baie-des-Sables wind farm
7180,2025-04-15 23:00:00+00:00,1.7,17.2,Baie-des-Sables wind farm
7181,2025-04-16 00:00:00+00:00,1.4,13.6,Baie-des-Sables wind farm
7182,2025-04-16 01:00:00+00:00,1.0,12.8,Baie-des-Sables wind farm
7183,2025-04-16 02:00:00+00:00,0.8,13.1,Baie-des-Sables wind farm
7184,2025-04-16 03:00:00+00:00,0.7,13.6,Baie-des-Sables wind farm
7185,2025-04-16 04:00:00+00:00,0.6,13.3,Baie-des-Sables wind farm
7186,2025-04-16 05:00:00+00:00,0.5,11.9,Baie-des-Sables wind farm
7187,2025-04-16 06:00:00+00:00,0.4,16.4,Baie-des-Sables wind farm
7188,2025-04-16 07:00:00+00:00,0.4,20.7,Baie-des-Sables wind farm
7189,2025-04-16 08:00:00+00:00,0.6,20.6,Baie-des-Sables wind farm
7190,2025-04-16 09:00:00+00:00,0.7,21.3,Baie-des-Sables wind farm
7191,2025-04-16 10:00:00+00:00,1.0,21.1,Baie-des-Sables wind farm
7192,2025-04-16 11:00:00+00:00,1.3,18.9,Baie-des-Sables wind farm
7193,2025-04-16 12:00:00+00:00,1.3,17.1,Baie-des-Sables wind farm
7194,2025-04-16 13:00:00+00:00,1.1,12.5,Baie-des-Sables wind farm
7195,2025-04-16 14:00:00+00:00,1.9,6.0,Baie-des-Sables wind farm
7196,2025-04-16 15:00:00+00:00,1.8,7.3,Baie-des-Sables wind farm
7197,2025-04-16 16:00:00+00:00,1.5,8.6,Baie-des-Sables wind farm
7198,2025-04-16 17:00:00+00:00,1.3,12.0,Baie-des-Sables wind farm
7199,2025-04-16 18:00:00+00:00,0.6,14.9,Baie-des-Sables wind farm
7200,2025-04-16 19:00:00+00:00,0.2,16.1,Baie-des-Sables wind farm
7201,2025-04-16 20:00:00+00:00,0.4,17.9,Baie-des-Sables wind farm
7202,2025-04-16 21:00:00+00:00,0.8,18.9,Baie-des-Sables wind farm
7203,2025-04-16 22:00:00+00:00,1.1,19.0,Baie-des-Sables wind farm
7204,2025-04-16 23:00:00+00:00,1.3,18.7,Baie-des-Sables wind farm
7205,2025-04-17 00:00:00+00:00,1.5,18.8,Baie-des-Sables wind farm
7206,2025-04-17 01:00:00+00:00,1.9,19.1,Baie-des-Sables wind farm
7207,2025-04-17 02:00:00+00:00,2.2,20.5,Baie-des-Sables wind farm
7208,2025-04-17 03:00:00+00:00,2.3,21.8,Baie-des-Sables wind farm
7209,2025-04-17 04:00:00+00:00,2.5,25.0,Baie-des-Sables wind farm
7210,2025-04-17 05:00:00+00:00,2.1,24.0,Baie-des-Sables wind farm
7211,2025-04-17 06:00:00+00:00,1.8,25.2,Baie-des-Sables wind farm
7212,2025-04-17 07:00:00+00:00,1.7,27.9,Baie-des-Sables wind farm
7213,2025-04-17 08:00:00+00:00,1.6,29.0,Baie-des-Sables wind farm
7214,2025-04-17 09:00:00+00:00,1.3,33.0,Baie-des-Sables wind farm
7215,2025-04-17 10:00:00+00:00,1.3,32.0,Baie-des-Sables wind farm
7216,2025-04-17 11:00:00+00:00,1.0,31.5,Baie-des-Sables wind farm
7217,2025-04-17 12:00:00+00:00,1.8,29.6,Baie-des-Sables wind farm
7218,2025-04-17 13:00:00+00:00,2.3,30.1,Baie-des-Sables wind farm
7219,2025-04-17 14:00:00+00:00,2.7,30.2,Baie-des-Sables wind farm
7220,2025-04-17 15:00:00+00:00,2.6,25.5,Baie-des-Sables wind farm
7221,2025-04-17 16:00:00+00:00,2.3,25.9,Baie-des-Sables wind farm
7222,2025-04-17 17:00:00+00:00,1.8,24.2,Baie-des-Sables wind farm
7223,2025-04-17 18:00:00+00:00,1.3,23.4,Baie-des-Sables wind farm
7224,2025-04-17 19:00:00+00:00,0.7,23.7,Baie-des-Sables wind farm
7225,2025-04-17 20:00:00+00:00,1.3,25.3,Baie-des-Sables wind farm
7226,2025-04-17 21:00:00+00:00,0.7,24.6,Baie-des-Sables wind farm
7227,2025-04-17 22:00:00+00:00,-0.2,22.9,Baie-des-Sables wind farm
7228,2025-04-17 23:00:00+00:00,-1.0,19.2,Baie-des-Sables wind farm
7229,2025-04-18 00:00:00+00:00,-1.6,18.2,Baie-des-Sables wind farm
7230,2025-04-18 01:00:00+00:00,-1.8,19.2,Baie-des-Sables wind farm
7231,2025-04-18 02:00:00+00:00,-2.1,17.6,Baie-des-Sables wind farm
7232,2025-04-18 03:00:00+00:00,-2.5,17.1,Baie-des-Sables wind farm
7233,2025-04-18 04:00:00+00:00,-2.7,16.0,Baie-des-Sables wind farm
7234,2025-04-18 05:00:00+00:00,-2.9,15.7,Baie-des-Sables wind farm
7235,2025-04-18 06:00:00+00:00,-1.9,17.8,Baie-des-Sables wind farm
7236,2025-04-18 07:00:00+00:00,-1.4,20.4,Baie-des-Sables wind farm
7237,2025-04-18 08:00:00+00:00,-0.1,20.2,Baie-des-Sables wind farm
7238,2025-04-18 09:00:00+00:00,0.2,17.0,Baie-des-Sables wind farm
7239,2025-04-18 10:00:00+00:00,1.4,14.0,Baie-des-Sables wind farm
7240,2025-04-18 11:00:00+00:00,2.1,15.7,Baie-des-Sables wind farm
7241,2025-04-18 12:00:00+00:00,3.1,14.4,Baie-des-Sables wind farm
7242,2025-04-18 13:00:00+00:00,4.2,12.4,Baie-des-Sables wind farm
7243,2025-04-18 14:00:00+00:00,5.3,12.1,Baie-des-Sables wind farm
7244,2025-04-18 15:00:00+00:00,5.1,8.4,Baie-des-Sables wind farm
7245,2025-04-18 16:00:00+00:00,4.6,8.2,Baie-des-Sables wind farm
7246,2025-04-18 17:00:00+00:00,3.0,6.1,Baie-des-Sables wind farm
7247,2025-04-18 18:00:00+00:00,1.4,3.9,Baie-des-Sables wind farm
7248,2025-04-18 19:00:00+00:00,1.2,8.8,Baie-des-Sables wind farm
7249,2025-04-18 20:00:00+00:00,1.1,7.8,Baie-des-Sables wind farm
7250,2025-04-18 21:00:00+00:00,1.7,7.4,Baie-des-Sables wind farm
7251,2025-04-18 22:00:00+00:00,1.7,7.0,Baie-des-Sables wind farm
7252,2025-04-18 23:00:00+00:00,1.6,8.8,Baie-des-Sables wind farm
7253,2025-04-19 00:00:00+00:00,0.7,9.7,Baie-des-Sables wind farm
7254,2025-04-19 01:00:00+00:00,2.3,10.3,Baie-des-Sables wind farm
7255,2025-04-19 02:00:00+00:00,2.7,10.7,Baie-des-Sables wind farm
7256,2025-04-19 03:00:00+00:00,2.8,12.4,Baie-des-Sables wind farm
7257,2025-04-19 04:00:00+00:00,2.6,11.6,Baie-des-Sables wind farm
7258,2025-04-19 05:00:00+00:00,2.1,14.0,Baie-des-Sables wind farm
7259,2025-04-19 06:00:00+00:00,3.4,13.7,Baie-des-Sables wind farm
7260,2025-04-19 07:00:00+00:00,4.3,10.9,Baie-des-Sables wind farm
7261,2025-04-19 08:00:00+00:00,4.5,7.3,Baie-des-Sables wind farm
7262,2025-04-19 09:00:00+00:00,7.5,4.5,Baie-des-Sables wind farm
7263,2025-04-19 10:00:00+00:00,8.5,0.8,Baie-des-Sables wind farm
7264,2025-04-19 11:00:00+00:00,7.2,0.8,Baie-des-Sables wind farm
7265,2025-04-19 12:00:00+00:00,5.6,4.0,Baie-des-Sables wind farm
7266,2025-04-19 13:00:00+00:00,6.9,2.3,Baie-des-Sables wind farm
7267,2025-04-19 14:00:00+00:00,5.3,4.7,Baie-des-Sables wind farm
7268,2025-04-19 15:00:00+00:00,4.0,5.3,Baie-des-Sables wind farm
7269,2025-04-19 16:00:00+00:00,3.9,1.7,Baie-des-Sables wind farm
7270,2025-04-19 17:00:00+00:00,4.0,2.5,Baie-des-Sables wind farm
7271,2025-04-19 18:00:00+00:00,3.5,1.4,Baie-des-Sables wind farm
7272,2025-04-19 19:00:00+00:00,1.0,4.9,Baie-des-Sables wind farm
7273,2025-04-19 20:00:00+00:00,2.0,7.4,Baie-des-Sables wind farm
7274,2025-04-19 21:00:00+00:00,1.8,9.3,Baie-des-Sables wind farm
7275,2025-04-19 22:00:00+00:00,1.9,10.7,Baie-des-Sables wind farm
7276,2025-04-19 23:00:00+00:00,2.3,12.5,Baie-des-Sables wind farm
7277,2025-04-20 00:00:00+00:00,2.5,15.4,Baie-des-Sables wind farm
7278,2025-04-20 01:00:00+00:00,3.2,17.4,Baie-des-Sables wind farm
7279,2025-04-20 02:00:00+00:00,3.2,23.7,Baie-des-Sables wind farm
7280,2025-04-20 03:00:00+00:00,2.8,23.4,Baie-des-Sables wind farm
7281,2025-04-20 04:00:00+00:00,2.2,27.2,Baie-des-Sables wind farm
7282,2025-04-20 05:00:00+00:00,1.8,29.1,Baie-des-Sables wind farm
7283,2025-04-20 06:00:00+00:00,1.6,32.0,Baie-des-Sables wind farm
7284,2025-04-20 07:00:00+00:00,1.4,32.2,Baie-des-Sables wind farm
7285,2025-04-20 08:00:00+00:00,1.2,32.0,Baie-des-Sables wind farm
7286,2025-04-20 09:00:00+00:00,0.6,31.4,Baie-des-Sables wind farm
7287,2025-04-20 10:00:00+00:00,1.7,34.3,Baie-des-Sables wind farm
7288,2025-04-20 11:00:00+00:00,2.0,35.2,Baie-des-Sables wind farm
7289,2025-04-20 12:00:00+00:00,2.5,34.7,Baie-des-Sables wind farm
7290,2025-04-20 13:00:00+00:00,2.6,37.3,Baie-des-Sables wind farm
7291,2025-04-20 14:00:00+00:00,3.1,36.3,Baie-des-Sables wind farm
7292,2025-04-20 15:00:00+00:00,3.5,33.5,Baie-des-Sables wind farm
7293,2025-04-20 16:00:00+00:00,3.6,31.9,Baie-des-Sables wind farm
7294,2025-04-20 17:00:00+00:00,3.5,30.5,Baie-des-Sables wind farm
7295,2025-04-20 18:00:00+00:00,3.1,25.8,Baie-des-Sables wind farm
7296,2025-04-20 19:00:00+00:00,3.1,23.7,Baie-des-Sables wind farm
7297,2025-04-20 20:00:00+00:00,3.2,25.1,Baie-des-Sables wind farm
7298,2025-04-20 21:00:00+00:00,2.5,22.5,Baie-des-Sables wind farm
7299,2025-04-20 22:00:00+00:00,1.9,20.5,Baie-des-Sables wind farm
7300,2025-04-20 23:00:00+00:00,1.9,22.1,Baie-des-Sables wind farm
7301,2025-04-21 00:00:00+00:00,1.3,20.7,Baie-des-Sables wind farm
7302,2025-04-21 01:00:00+00:00,1.0,20.9,Baie-des-Sables wind farm
7303,2025-04-21 02:00:00+00:00,0.6,19.0,Baie-des-Sables wind farm
7304,2025-04-21 03:00:00+00:00,0.3,17.0,Baie-des-Sables wind farm
7305,2025-04-21 04:00:00+00:00,0.0,16.5,Baie-des-Sables wind farm
7306,2025-04-21 05:00:00+00:00,-0.1,14.3,Baie-des-Sables wind farm
7307,2025-04-21 06:00:00+00:00,0.9,12.1,Baie-des-Sables wind farm
7308,2025-04-21 07:00:00+00:00,1.6,13.9,Baie-des-Sables wind farm
7309,2025-04-21 08:00:00+00:00,2.5,12.3,Baie-des-Sables wind farm
7310,2025-04-21 09:00:00+00:00,3.3,8.9,Baie-des-Sables wind farm
7311,2025-04-21 10:00:00+00:00,4.0,7.8,Baie-des-Sables wind farm
7312,2025-04-21 11:00:00+00:00,4.4,9.0,Baie-des-Sables wind farm
7313,2025-04-21 12:00:00+00:00,4.9,8.2,Baie-des-Sables wind farm
7314,2025-04-21 13:00:00+00:00,5.2,8.6,Baie-des-Sables wind farm
7315,2025-04-21 14:00:00+00:00,5.2,6.4,Baie-des-Sables wind farm
7316,2025-04-21 15:00:00+00:00,4.9,3.9,Baie-des-Sables wind farm
7317,2025-04-21 16:00:00+00:00,5.0,2.6,Baie-des-Sables wind farm
7318,2025-04-21 17:00:00+00:00,5.1,1.2,Baie-des-Sables wind farm
7319,2025-04-21 18:00:00+00:00,2.9,3.3,Baie-des-Sables wind farm
7320,2025-04-21 19:00:00+00:00,1.0,5.6,Baie-des-Sables wind farm
7321,2025-04-21 20:00:00+00:00,1.0,8.6,Baie-des-Sables wind farm
7322,2025-04-21 21:00:00+00:00,1.7,11.7,Baie-des-Sables wind farm
7323,2025-04-21 22:00:00+00:00,3.0,12.7,Baie-des-Sables wind farm
7324,2025-04-21 23:00:00+00:00,3.2,13.8,Baie-des-Sables wind farm
7325,2025-04-22 00:00:00+00:00,2.8,15.5,Baie-des-Sables wind farm
7326,2025-04-22 01:00:00+00:00,2.8,14.8,Baie-des-Sables wind farm
7327,2025-04-22 02:00:00+00:00,2.8,16.7,Baie-des-Sables wind farm
7328,2025-04-22 03:00:00+00:00,3.0,21.2,Baie-des-Sables wind farm
7329,2025-04-22 04:00:00+00:00,2.9,23.0,Baie-des-Sables wind farm
7330,2025-04-22 05:00:00+00:00,2.7,22.7,Baie-des-Sables wind farm
7331,2025-04-22 06:00:00+00:00,2.9,23.4,Baie-des-Sables wind farm
7332,2025-04-22 07:00:00+00:00,3.1,22.8,Baie-des-Sables wind farm
7333,2025-04-22 08:00:00+00:00,3.5,21.5,Baie-des-Sables wind farm
7334,2025-04-22 09:00:00+00:00,3.9,20.4,Baie-des-Sables wind farm
7335,2025-04-22 10:00:00+00:00,3.9,23.0,Baie-des-Sables wind farm
7336,2025-04-22 11:00:00+00:00,4.3,26.0,Baie-des-Sables wind farm
7337,2025-04-22 12:00:00+00:00,4.6,26.8,Baie-des-Sables wind farm
7338,2025-04-22 13:00:00+00:00,4.0,29.0,Baie-des-Sables wind farm
7339,2025-04-22 14:00:00+00:00,3.8,26.1,Baie-des-Sables wind farm
7340,2025-04-22 15:00:00+00:00,4.2,25.7,Baie-des-Sables wind farm
7341,2025-04-22 16:00:00+00:00,3.8,24.5,Baie-des-Sables wind farm
7342,2025-04-22 17:00:00+00:00,3.2,22.6,Baie-des-Sables wind farm
7343,2025-04-22 18:00:00+00:00,3.0,21.3,Baie-des-Sables wind farm
7344,2025-04-22 19:00:00+00:00,2.6,21.3,Baie-des-Sables wind farm
7345,2025-04-22 20:00:00+00:00,2.7,20.7,Baie-des-Sables wind farm
7346,2025-04-22 21:00:00+00:00,2.4,21.0,Baie-des-Sables wind farm
7347,2025-04-22 22:00:00+00:00,2.3,20.2,Baie-des-Sables wind farm
7348,2025-04-22 23:00:00+00:00,2.2,18.8,Baie-des-Sables wind farm
7349,2025-04-23 00:00:00+00:00,2.2,18.0,Baie-des-Sables wind farm
7350,2025-04-23 01:00:00+00:00,2.3,15.4,Baie-des-Sables wind farm
7351,2025-04-23 02:00:00+00:00,2.3,13.2,Baie-des-Sables wind farm
7352,2025-04-23 03:00:00+00:00,2.3,10.2,Baie-des-Sables wind farm
7353,2025-04-23 04:00:00+00:00,2.3,8.2,Baie-des-Sables wind farm
7354,2025-04-23 05:00:00+00:00,2.3,7.0,Baie-des-Sables wind farm
7355,2025-04-23 06:00:00+00:00,2.5,7.5,Baie-des-Sables wind farm
7356,2025-04-23 07:00:00+00:00,2.8,8.1,Baie-des-Sables wind farm
7357,2025-04-23 08:00:00+00:00,3.3,8.8,Baie-des-Sables wind farm
7358,2025-04-23 09:00:00+00:00,4.0,10.9,Baie-des-Sables wind farm
7359,2025-04-23 10:00:00+00:00,4.8,11.2,Baie-des-Sables wind farm
7360,2025-04-23 11:00:00+00:00,4.6,10.4,Baie-des-Sables wind farm
7361,2025-04-23 12:00:00+00:00,4.4,10.1,Baie-des-Sables wind farm
7362,2025-04-23 13:00:00+00:00,4.3,8.6,Baie-des-Sables wind farm
7363,2025-04-23 14:00:00+00:00,3.6,5.5,Baie-des-Sables wind farm
7364,2025-04-23 15:00:00+00:00,3.1,4.2,Baie-des-Sables wind farm
7365,2025-04-23 16:00:00+00:00,2.4,3.1,Baie-des-Sables wind farm
7366,2025-04-23 17:00:00+00:00,2.1,3.2,Baie-des-Sables wind farm
7367,2025-04-23 18:00:00+00:00,2.4,7.1,Baie-des-Sables wind farm
7368,2025-04-23 19:00:00+00:00,1.5,7.6,Baie-des-Sables wind farm
7369,2025-04-23 20:00:00+00:00,1.2,7.6,Baie-des-Sables wind farm
7370,2025-04-23 21:00:00+00:00,1.2,7.1,Baie-des-Sables wind farm
7371,2025-04-23 22:00:00+00:00,1.0,5.7,Baie-des-Sables wind farm
7372,2025-04-23 23:00:00+00:00,1.1,5.2,Baie-des-Sables wind farm
7373,2025-04-24 00:00:00+00:00,0.8,2.9,Baie-des-Sables wind farm
7374,2025-04-24 01:00:00+00:00,0.7,4.3,Baie-des-Sables wind farm
7375,2025-04-24 02:00:00+00:00,0.4,6.3,Baie-des-Sables wind farm
7376,2025-04-24 03:00:00+00:00,0.1,4.8,Baie-des-Sables wind farm
7377,2025-04-24 04:00:00+00:00,0.1,3.0,Baie-des-Sables wind farm
7378,2025-04-24 05:00:00+00:00,0.2,4.1,Baie-des-Sables wind farm
7379,2025-04-24 06:00:00+00:00,0.8,2.4,Baie-des-Sables wind farm
7380,2025-04-24 07:00:00+00:00,2.2,2.5,Baie-des-Sables wind farm
7381,2025-04-24 08:00:00+00:00,3.4,0.6,Baie-des-Sables wind farm
7382,2025-04-24 09:00:00+00:00,4.3,3.1,Baie-des-Sables wind farm
7383,2025-04-24 10:00:00+00:00,5.4,4.5,Baie-des-Sables wind farm
7384,2025-04-24 11:00:00+00:00,5.8,5.5,Baie-des-Sables wind farm
7385,2025-04-24 12:00:00+00:00,5.7,3.5,Baie-des-Sables wind farm
7386,2025-04-24 13:00:00+00:00,9.3,6.8,Baie-des-Sables wind farm
7387,2025-04-24 14:00:00+00:00,7.7,11.5,Baie-des-Sables wind farm
7388,2025-04-24 15:00:00+00:00,6.6,5.9,Baie-des-Sables wind farm
7389,2025-04-24 16:00:00+00:00,7.8,5.6,Baie-des-Sables wind farm
7390,2025-04-24 17:00:00+00:00,7.2,5.5,Baie-des-Sables wind farm
7391,2025-04-24 18:00:00+00:00,5.2,1.3,Baie-des-Sables wind farm
7392,2025-04-24 19:00:00+00:00,3.7,6.7,Baie-des-Sables wind farm
7393,2025-04-24 20:00:00+00:00,2.3,6.4,Baie-des-Sables wind farm
7394,2025-04-24 21:00:00+00:00,1.9,7.7,Baie-des-Sables wind farm
7395,2025-04-24 22:00:00+00:00,1.6,7.3,Baie-des-Sables wind farm
7396,2025-04-24 23:00:00+00:00,1.7,6.9,Baie-des-Sables wind farm
7397,2025-04-25 00:00:00+00:00,1.8,6.6,Baie-des-Sables wind farm
7398,2025-04-25 01:00:00+00:00,1.8,6.1,Baie-des-Sables wind farm
7399,2025-04-25 02:00:00+00:00,1.9,5.3,Baie-des-Sables wind farm
7400,2025-04-25 03:00:00+00:00,1.7,4.0,Baie-des-Sables wind farm
7401,2025-04-25 04:00:00+00:00,1.9,3.9,Baie-des-Sables wind farm
7402,2025-04-25 05:00:00+00:00,2.2,4.6,Baie-des-Sables wind farm
7403,2025-04-25 06:00:00+00:00,3.8,5.8,Baie-des-Sables wind farm
7404,2025-04-25 07:00:00+00:00,4.9,6.8,Baie-des-Sables wind farm
7405,2025-04-25 08:00:00+00:00,5.5,9.7,Baie-des-Sables wind farm
7406,2025-04-25 09:00:00+00:00,6.4,8.4,Baie-des-Sables wind farm
7407,2025-04-25 10:00:00+00:00,7.6,8.6,Baie-des-Sables wind farm
7408,2025-04-25 11:00:00+00:00,9.2,9.8,Baie-des-Sables wind farm
7409,2025-04-25 12:00:00+00:00,10.2,9.8,Baie-des-Sables wind farm
7410,2025-04-25 13:00:00+00:00,10.5,8.6,Baie-des-Sables wind farm
7411,2025-04-25 14:00:00+00:00,10.9,7.6,Baie-des-Sables wind farm
7412,2025-04-25 15:00:00+00:00,11.0,6.2,Baie-des-Sables wind farm
7413,2025-04-25 16:00:00+00:00,10.5,4.8,Baie-des-Sables wind farm
7414,2025-04-25 17:00:00+00:00,9.8,2.5,Baie-des-Sables wind farm
7415,2025-04-25 18:00:00+00:00,7.7,0.9,Baie-des-Sables wind farm
7416,2025-04-25 19:00:00+00:00,5.0,6.8,Baie-des-Sables wind farm
7417,2025-04-25 20:00:00+00:00,3.3,4.7,Baie-des-Sables wind farm
7418,2025-04-25 21:00:00+00:00,2.0,8.3,Baie-des-Sables wind farm
7419,2025-04-25 22:00:00+00:00,2.0,8.7,Baie-des-Sables wind farm
7420,2025-04-25 23:00:00+00:00,1.6,9.7,Baie-des-Sables wind farm
7421,2025-04-26 00:00:00+00:00,2.2,11.3,Baie-des-Sables wind farm
7422,2025-04-26 01:00:00+00:00,2.9,11.8,Baie-des-Sables wind farm
7423,2025-04-26 02:00:00+00:00,2.6,13.4,Baie-des-Sables wind farm
7424,2025-04-26 03:00:00+00:00,3.0,13.5,Baie-des-Sables wind farm
7425,2025-04-26 04:00:00+00:00,3.1,14.8,Baie-des-Sables wind farm
7426,2025-04-26 05:00:00+00:00,3.0,15.4,Baie-des-Sables wind farm
7427,2025-04-26 06:00:00+00:00,2.8,17.0,Baie-des-Sables wind farm
7428,2025-04-26 07:00:00+00:00,3.2,20.1,Baie-des-Sables wind farm
7429,2025-04-26 08:00:00+00:00,3.0,19.6,Baie-des-Sables wind farm
7430,2025-04-26 09:00:00+00:00,2.8,18.8,Baie-des-Sables wind farm
7431,2025-04-26 10:00:00+00:00,3.0,19.3,Baie-des-Sables wind farm
7432,2025-04-26 11:00:00+00:00,2.9,17.3,Baie-des-Sables wind farm
7433,2025-04-26 12:00:00+00:00,3.0,17.3,Baie-des-Sables wind farm
7434,2025-04-26 13:00:00+00:00,3.0,18.9,Baie-des-Sables wind farm
7435,2025-04-26 14:00:00+00:00,3.2,19.4,Baie-des-Sables wind farm
7436,2025-04-26 15:00:00+00:00,2.9,19.2,Baie-des-Sables wind farm
7437,2025-04-26 16:00:00+00:00,3.2,15.6,Baie-des-Sables wind farm
7438,2025-04-26 17:00:00+00:00,3.1,15.7,Baie-des-Sables wind farm
7439,2025-04-26 18:00:00+00:00,2.8,16.2,Baie-des-Sables wind farm
7440,2025-04-26 19:00:00+00:00,2.5,17.8,Baie-des-Sables wind farm
7441,2025-04-26 20:00:00+00:00,2.4,17.5,Baie-des-Sables wind farm
7442,2025-04-26 21:00:00+00:00,2.0,17.4,Baie-des-Sables wind farm
7443,2025-04-26 22:00:00+00:00,1.6,18.4,Baie-des-Sables wind farm
7444,2025-04-26 23:00:00+00:00,1.3,22.4,Baie-des-Sables wind farm
7445,2025-04-27 00:00:00+00:00,1.3,22.4,Baie-des-Sables wind farm
7446,2025-04-27 01:00:00+00:00,1.4,22.5,Baie-des-Sables wind farm
7447,2025-04-27 02:00:00+00:00,1.6,26.2,Baie-des-Sables wind farm
7448,2025-04-27 03:00:00+00:00,1.4,26.8,Baie-des-Sables wind farm
7449,2025-04-27 04:00:00+00:00,1.2,26.6,Baie-des-Sables wind farm
7450,2025-04-27 05:00:00+00:00,1.3,24.5,Baie-des-Sables wind farm
7451,2025-04-27 06:00:00+00:00,1.7,24.4,Baie-des-Sables wind farm
7452,2025-04-27 07:00:00+00:00,2.2,26.1,Baie-des-Sables wind farm
7453,2025-04-27 08:00:00+00:00,2.8,24.1,Baie-des-Sables wind farm
7454,2025-04-27 09:00:00+00:00,3.5,22.8,Baie-des-Sables wind farm
7455,2025-04-27 10:00:00+00:00,3.3,20.3,Baie-des-Sables wind farm
7456,2025-04-27 11:00:00+00:00,4.1,20.2,Baie-des-Sables wind farm
7457,2025-04-27 12:00:00+00:00,4.5,18.3,Baie-des-Sables wind farm
7458,2025-04-27 13:00:00+00:00,5.4,16.4,Baie-des-Sables wind farm
7459,2025-04-27 14:00:00+00:00,5.5,7.5,Baie-des-Sables wind farm
7460,2025-04-27 15:00:00+00:00,6.5,5.8,Baie-des-Sables wind farm
7461,2025-04-27 16:00:00+00:00,6.4,2.7,Baie-des-Sables wind farm
7462,2025-04-27 17:00:00+00:00,5.7,3.9,Baie-des-Sables wind farm
7463,2025-04-27 18:00:00+00:00,4.4,4.9,Baie-des-Sables wind farm
7464,2025-04-27 19:00:00+00:00,3.8,6.2,Baie-des-Sables wind farm
7465,2025-04-27 20:00:00+00:00,3.4,8.7,Baie-des-Sables wind farm
7466,2025-04-27 21:00:00+00:00,3.8,9.9,Baie-des-Sables wind farm
7467,2025-04-27 22:00:00+00:00,3.4,11.5,Baie-des-Sables wind farm
7468,2025-04-27 23:00:00+00:00,3.4,11.3,Baie-des-Sables wind farm
7469,2025-04-28 00:00:00+00:00,3.2,11.1,Baie-des-Sables wind farm
7470,2025-04-28 01:00:00+00:00,3.2,11.8,Baie-des-Sables wind farm
7471,2025-04-28 02:00:00+00:00,3.5,12.5,Baie-des-Sables wind farm
7472,2025-04-28 03:00:00+00:00,3.4,12.6,Baie-des-Sables wind farm
7473,2025-04-28 04:00:00+00:00,3.0,12.5,Baie-des-Sables wind farm
7474,2025-04-28 05:00:00+00:00,3.2,12.3,Baie-des-Sables wind farm
7475,2025-04-28 06:00:00+00:00,5.3,12.6,Baie-des-Sables wind farm
7476,2025-04-28 07:00:00+00:00,7.4,12.3,Baie-des-Sables wind farm
7477,2025-04-28 08:00:00+00:00,10.3,10.8,Baie-des-Sables wind farm
7478,2025-04-28 09:00:00+00:00,11.6,9.9,Baie-des-Sables wind farm
7479,2025-04-28 10:00:00+00:00,13.3,8.0,Baie-des-Sables wind farm
7480,2025-04-28 11:00:00+00:00,13.8,8.0,Baie-des-Sables wind farm
7481,2025-04-28 12:00:00+00:00,14.3,9.0,Baie-des-Sables wind farm
7482,2025-04-28 13:00:00+00:00,15.2,7.0,Baie-des-Sables wind farm
7483,2025-04-28 14:00:00+00:00,15.8,2.8,Baie-des-Sables wind farm
7484,2025-04-28 15:00:00+00:00,16.6,2.3,Baie-des-Sables wind farm
7485,2025-04-28 16:00:00+00:00,16.9,2.8,Baie-des-Sables wind farm
7486,2025-04-28 17:00:00+00:00,15.2,2.3,Baie-des-Sables wind farm
7487,2025-04-28 18:00:00+00:00,11.6,1.7,Baie-des-Sables wind farm
7488,2025-04-28 19:00:00+00:00,7.7,12.5,Baie-des-Sables wind farm
7489,2025-04-28 20:00:00+00:00,6.5,16.7,Baie-des-Sables wind farm
7490,2025-04-28 21:00:00+00:00,8.2,16.4,Baie-des-Sables wind farm
7491,2025-04-28 22:00:00+00:00,7.9,19.5,Baie-des-Sables wind farm
7492,2025-04-28 23:00:00+00:00,6.3,22.5,Baie-des-Sables wind farm
7493,2025-04-29 00:00:00+00:00,5.9,23.4,Baie-des-Sables wind farm
7494,2025-04-29 01:00:00+00:00,6.0,24.2,Baie-des-Sables wind farm
7495,2025-04-29 02:00:00+00:00,6.6,23.9,Baie-des-Sables wind farm
7496,2025-04-29 03:00:00+00:00,7.4,23.0,Baie-des-Sables wind farm
7497,2025-04-29 04:00:00+00:00,7.5,23.4,Baie-des-Sables wind farm
7498,2025-04-29 05:00:00+00:00,7.4,24.5,Baie-des-Sables wind farm
7499,2025-04-29 06:00:00+00:00,8.7,24.0,Baie-des-Sables wind farm
7500,2025-04-29 07:00:00+00:00,10.2,24.8,Baie-des-Sables wind farm
7501,2025-04-29 08:00:00+00:00,12.5,23.9,Baie-des-Sables wind farm
7502,2025-04-29 09:00:00+00:00,12.3,25.1,Baie-des-Sables wind farm
7503,2025-04-29 10:00:00+00:00,13.2,24.8,Baie-des-Sables wind farm
7504,2025-04-29 11:00:00+00:00,13.7,30.5,Baie-des-Sables wind farm
7505,2025-04-29 12:00:00+00:00,16.0,31.7,Baie-des-Sables wind farm
7506,2025-04-29 13:00:00+00:00,16.4,26.4,Baie-des-Sables wind farm
7507,2025-04-29 14:00:00+00:00,18.1,22.4,Baie-des-Sables wind farm
7508,2025-04-29 15:00:00+00:00,19.8,19.3,Baie-des-Sables wind farm
7509,2025-04-29 16:00:00+00:00,16.9,13.5,Baie-des-Sables wind farm
7510,2025-04-29 17:00:00+00:00,15.2,9.3,Baie-des-Sables wind farm
7511,2025-04-29 18:00:00+00:00,13.4,19.8,Baie-des-Sables wind farm
7512,2025-04-29 19:00:00+00:00,11.9,17.1,Baie-des-Sables wind farm
7513,2025-04-29 20:00:00+00:00,11.9,21.3,Baie-des-Sables wind farm
7514,2025-04-29 21:00:00+00:00,11.1,14.4,Baie-des-Sables wind farm
7515,2025-04-29 22:00:00+00:00,9.8,10.1,Baie-des-Sables wind farm
7516,2025-04-29 23:00:00+00:00,9.8,15.3,Baie-des-Sables wind farm
7517,2025-04-30 00:00:00+00:00,11.6,22.0,Baie-des-Sables wind farm
7518,2025-04-30 01:00:00+00:00,12.1,24.1,Baie-des-Sables wind farm
7519,2025-04-30 02:00:00+00:00,12.9,25.9,Baie-des-Sables wind farm
7520,2025-04-30 03:00:00+00:00,12.3,26.5,Baie-des-Sables wind farm
7521,2025-04-30 04:00:00+00:00,9.7,36.8,Baie-des-Sables wind farm
7522,2025-04-30 05:00:00+00:00,6.0,36.1,Baie-des-Sables wind farm
7523,2025-04-30 06:00:00+00:00,6.3,35.2,Baie-des-Sables wind farm
7524,2025-04-30 07:00:00+00:00,5.7,35.5,Baie-des-Sables wind farm
7525,2025-04-30 08:00:00+00:00,4.8,35.6,Baie-des-Sables wind farm
7526,2025-04-30 09:00:00+00:00,4.7,30.9,Baie-des-Sables wind farm
7527,2025-04-30 10:00:00+00:00,4.9,33.0,Baie-des-Sables wind farm
7528,2025-04-30 11:00:00+00:00,5.5,29.1,Baie-des-Sables wind farm
7529,2025-04-30 12:00:00+00:00,6.4,30.0,Baie-des-Sables wind farm
7530,2025-04-30 13:00:00+00:00,7.5,35.1,Baie-des-Sables wind farm
7531,2025-04-30 14:00:00+00:00,7.6,33.4,Baie-des-Sables wind farm
7532,2025-04-30 15:00:00+00:00,6.7,28.2,Baie-des-Sables wind farm
7533,2025-04-30 16:00:00+00:00,6.5,27.3,Baie-des-Sables wind farm
7534,2025-04-30 17:00:00+00:00,5.9,22.7,Baie-des-Sables wind farm
7535,2025-04-30 18:00:00+00:00,4.8,19.2,Baie-des-Sables wind farm
7536,2025-04-30 19:00:00+00:00,3.7,16.8,Baie-des-Sables wind farm
7537,2025-04-30 20:00:00+00:00,1.9,17.8,Baie-des-Sables wind farm
7538,2025-04-30 21:00:00+00:00,1.6,17.7,Baie-des-Sables wind farm
7539,2025-04-30 22:00:00+00:00,1.1,17.4,Baie-des-Sables wind farm
7540,2025-04-30 23:00:00+00:00,0.6,16.1,Baie-des-Sables wind farm
7541,2025-05-01 00:00:00+00:00,0.2,16.7,Baie-des-Sables wind farm
7542,2025-05-01 01:00:00+00:00,-0.3,15.7,Baie-des-Sables wind farm
7543,2025-05-01 02:00:00+00:00,-0.8,14.5,Baie-des-Sables wind farm
7544,2025-05-01 03:00:00+00:00,-1.5,11.6,Baie-des-Sables wind farm
7545,2025-05-01 04:00:00+00:00,-1.9,11.8,Baie-des-Sables wind farm
7546,2025-05-01 05:00:00+00:00,-1.3,12.3,Baie-des-Sables wind farm
7547,2025-05-01 06:00:00+00:00,0.1,13.4,Baie-des-Sables wind farm
7548,2025-05-01 07:00:00+00:00,0.9,13.3,Baie-des-Sables wind farm
7549,2025-05-01 08:00:00+00:00,2.3,12.2,Baie-des-Sables wind farm
7550,2025-05-01 09:00:00+00:00,3.4,11.8,Baie-des-Sables wind farm
7551,2025-05-01 10:00:00+00:00,4.5,12.3,Baie-des-Sables wind farm
7552,2025-05-01 11:00:00+00:00,5.7,11.4,Baie-des-Sables wind farm
7553,2025-05-01 12:00:00+00:00,6.9,10.4,Baie-des-Sables wind farm
7554,2025-05-01 13:00:00+00:00,8.0,8.7,Baie-des-Sables wind farm
7555,2025-05-01 14:00:00+00:00,8.9,6.9,Baie-des-Sables wind farm
7556,2025-05-01 15:00:00+00:00,9.3,6.3,Baie-des-Sables wind farm
7557,2025-05-01 16:00:00+00:00,9.4,7.9,Baie-des-Sables wind farm
7558,2025-05-01 17:00:00+00:00,8.8,6.5,Baie-des-Sables wind farm
7559,2025-05-01 18:00:00+00:00,6.5,5.5,Baie-des-Sables wind farm
7560,2025-05-01 19:00:00+00:00,4.1,7.4,Baie-des-Sables wind farm
7561,2025-05-01 20:00:00+00:00,2.3,3.8,Baie-des-Sables wind farm
7562,2025-05-01 21:00:00+00:00,1.7,3.6,Baie-des-Sables wind farm
7563,2025-05-01 22:00:00+00:00,-0.1,4.9,Baie-des-Sables wind farm
7564,2025-05-01 23:00:00+00:00,-1.1,6.2,Baie-des-Sables wind farm
7565,2025-05-02 00:00:00+00:00,-1.5,6.4,Baie-des-Sables wind farm
7566,2025-05-02 01:00:00+00:00,-0.8,9.7,Baie-des-Sables wind farm
7567,2025-05-02 02:00:00+00:00,1.7,12.0,Baie-des-Sables wind farm
7568,2025-05-02 03:00:00+00:00,2.6,12.6,Baie-des-Sables wind farm
7569,2025-05-02 04:00:00+00:00,3.1,14.0,Baie-des-Sables wind farm
7570,2025-05-02 05:00:00+00:00,3.9,15.3,Baie-des-Sables wind farm
7571,2025-05-02 06:00:00+00:00,5.3,16.3,Baie-des-Sables wind farm
7572,2025-05-02 07:00:00+00:00,5.8,19.0,Baie-des-Sables wind farm
7573,2025-05-02 08:00:00+00:00,7.6,20.8,Baie-des-Sables wind farm
7574,2025-05-02 09:00:00+00:00,7.6,21.1,Baie-des-Sables wind farm
7575,2025-05-02 10:00:00+00:00,5.9,22.7,Baie-des-Sables wind farm
7576,2025-05-02 11:00:00+00:00,4.1,21.2,Baie-des-Sables wind farm
7577,2025-05-02 12:00:00+00:00,4.1,22.8,Baie-des-Sables wind farm
7578,2025-05-02 13:00:00+00:00,4.9,23.0,Baie-des-Sables wind farm
7579,2025-05-02 14:00:00+00:00,5.5,26.1,Baie-des-Sables wind farm
7580,2025-05-02 15:00:00+00:00,6.0,26.7,Baie-des-Sables wind farm
7581,2025-05-02 16:00:00+00:00,6.2,26.9,Baie-des-Sables wind farm
7582,2025-05-02 17:00:00+00:00,6.1,28.7,Baie-des-Sables wind farm
7583,2025-05-02 18:00:00+00:00,5.9,29.2,Baie-des-Sables wind farm
7584,2025-05-02 19:00:00+00:00,5.7,27.6,Baie-des-Sables wind farm
7585,2025-05-02 20:00:00+00:00,5.6,23.9,Baie-des-Sables wind farm
7586,2025-05-02 21:00:00+00:00,5.8,23.7,Baie-des-Sables wind farm
7587,2025-05-02 22:00:00+00:00,5.7,23.7,Baie-des-Sables wind farm
7588,2025-05-02 23:00:00+00:00,6.0,24.7,Baie-des-Sables wind farm
7589,2025-05-03 00:00:00+00:00,7.5,24.9,Baie-des-Sables wind farm
7590,2025-05-03 01:00:00+00:00,8.1,22.9,Baie-des-Sables wind farm
7591,2025-05-03 02:00:00+00:00,8.3,20.6,Baie-des-Sables wind farm
7592,2025-05-03 03:00:00+00:00,8.7,20.1,Baie-des-Sables wind farm
7593,2025-05-03 04:00:00+00:00,9.1,20.9,Baie-des-Sables wind farm
7594,2025-05-03 05:00:00+00:00,7.9,23.0,Baie-des-Sables wind farm
7595,2025-05-03 06:00:00+00:00,7.4,21.3,Baie-des-Sables wind farm
7596,2025-05-03 07:00:00+00:00,7.9,22.4,Baie-des-Sables wind farm
7597,2025-05-03 08:00:00+00:00,8.5,22.6,Baie-des-Sables wind farm
7598,2025-05-03 09:00:00+00:00,8.6,23.6,Baie-des-Sables wind farm
7599,2025-05-03 10:00:00+00:00,8.6,22.0,Baie-des-Sables wind farm
7600,2025-05-03 11:00:00+00:00,8.5,21.2,Baie-des-Sables wind farm
7601,2025-05-03 12:00:00+00:00,8.9,21.3,Baie-des-Sables wind farm
7602,2025-05-03 13:00:00+00:00,9.0,20.0,Baie-des-Sables wind farm
7603,2025-05-03 14:00:00+00:00,9.1,17.7,Baie-des-Sables wind farm
7604,2025-05-03 15:00:00+00:00,9.4,16.0,Baie-des-Sables wind farm
7605,2025-05-03 16:00:00+00:00,9.6,13.4,Baie-des-Sables wind farm
7606,2025-05-03 17:00:00+00:00,9.5,13.6,Baie-des-Sables wind farm
7607,2025-05-03 18:00:00+00:00,8.2,12.9,Baie-des-Sables wind farm
7608,2025-05-03 19:00:00+00:00,6.2,11.1,Baie-des-Sables wind farm
7609,2025-05-03 20:00:00+00:00,6.3,9.8,Baie-des-Sables wind farm
7610,2025-05-03 21:00:00+00:00,5.1,9.0,Baie-des-Sables wind farm
7611,2025-05-03 22:00:00+00:00,5.0,11.4,Baie-des-Sables wind farm
7612,2025-05-03 23:00:00+00:00,4.4,11.4,Baie-des-Sables wind farm
7613,2025-05-04 00:00:00+00:00,4.0,11.5,Baie-des-Sables wind farm
7614,2025-05-04 01:00:00+00:00,4.0,10.8,Baie-des-Sables wind farm
7615,2025-05-04 02:00:00+00:00,3.6,9.4,Baie-des-Sables wind farm
7616,2025-05-04 03:00:00+00:00,3.3,9.8,Baie-des-Sables wind farm
7617,2025-05-04 04:00:00+00:00,3.3,11.0,Baie-des-Sables wind farm
7618,2025-05-04 05:00:00+00:00,4.0,10.8,Baie-des-Sables wind farm
7619,2025-05-04 06:00:00+00:00,6.5,10.7,Baie-des-Sables wind farm
7620,2025-05-04 07:00:00+00:00,9.5,11.8,Baie-des-Sables wind farm
7621,2025-05-04 08:00:00+00:00,11.1,14.6,Baie-des-Sables wind farm
7622,2025-05-04 09:00:00+00:00,12.6,17.2,Baie-des-Sables wind farm
7623,2025-05-04 10:00:00+00:00,11.8,17.0,Baie-des-Sables wind farm
7624,2025-05-04 11:00:00+00:00,12.9,20.9,Baie-des-Sables wind farm
7625,2025-05-04 12:00:00+00:00,13.9,26.9,Baie-des-Sables wind farm
7626,2025-05-04 13:00:00+00:00,13.1,25.9,Baie-des-Sables wind farm
7627,2025-05-04 14:00:00+00:00,12.7,25.2,Baie-des-Sables wind farm
7628,2025-05-04 15:00:00+00:00,12.1,26.2,Baie-des-Sables wind farm
7629,2025-05-04 16:00:00+00:00,11.9,23.5,Baie-des-Sables wind farm
7630,2025-05-04 17:00:00+00:00,10.0,15.9,Baie-des-Sables wind farm
7631,2025-05-04 18:00:00+00:00,7.9,21.6,Baie-des-Sables wind farm
7632,2025-05-04 19:00:00+00:00,7.1,25.5,Baie-des-Sables wind farm
7633,2025-05-04 20:00:00+00:00,7.2,26.5,Baie-des-Sables wind farm
7634,2025-05-04 21:00:00+00:00,5.7,22.5,Baie-des-Sables wind farm
7635,2025-05-04 22:00:00+00:00,3.5,16.6,Baie-des-Sables wind farm
7636,2025-05-04 23:00:00+00:00,2.4,11.9,Baie-des-Sables wind farm
7637,2025-05-05 00:00:00+00:00,1.5,10.5,Baie-des-Sables wind farm
7638,2025-05-05 01:00:00+00:00,0.8,8.5,Baie-des-Sables wind farm
7639,2025-05-05 02:00:00+00:00,0.4,9.1,Baie-des-Sables wind farm
7640,2025-05-05 03:00:00+00:00,-0.2,7.3,Baie-des-Sables wind farm
7641,2025-05-05 04:00:00+00:00,-0.5,10.2,Baie-des-Sables wind farm
7642,2025-05-05 05:00:00+00:00,0.2,11.5,Baie-des-Sables wind farm
7643,2025-05-05 06:00:00+00:00,1.6,10.8,Baie-des-Sables wind farm
7644,2025-05-05 07:00:00+00:00,2.4,9.7,Baie-des-Sables wind farm
7645,2025-05-05 08:00:00+00:00,4.3,8.3,Baie-des-Sables wind farm
7646,2025-05-05 09:00:00+00:00,5.6,8.4,Baie-des-Sables wind farm
7647,2025-05-05 10:00:00+00:00,6.8,8.7,Baie-des-Sables wind farm
7648,2025-05-05 11:00:00+00:00,8.0,8.1,Baie-des-Sables wind farm
7649,2025-05-05 12:00:00+00:00,9.0,6.6,Baie-des-Sables wind farm
7650,2025-05-05 13:00:00+00:00,9.8,4.3,Baie-des-Sables wind farm
7651,2025-05-05 14:00:00+00:00,10.6,2.3,Baie-des-Sables wind farm
7652,2025-05-05 15:00:00+00:00,11.6,1.9,Baie-des-Sables wind farm
7653,2025-05-05 16:00:00+00:00,12.1,4.8,Baie-des-Sables wind farm
7654,2025-05-05 17:00:00+00:00,11.1,2.8,Baie-des-Sables wind farm
7655,2025-05-05 18:00:00+00:00,8.9,3.1,Baie-des-Sables wind farm
7656,2025-05-05 19:00:00+00:00,5.6,5.3,Baie-des-Sables wind farm
7657,2025-05-05 20:00:00+00:00,5.4,8.1,Baie-des-Sables wind farm
7658,2025-05-05 21:00:00+00:00,5.3,12.7,Baie-des-Sables wind farm
7659,2025-05-05 22:00:00+00:00,6.7,15.4,Baie-des-Sables wind farm
7660,2025-05-05 23:00:00+00:00,7.9,16.4,Baie-des-Sables wind farm
7661,2025-05-06 00:00:00+00:00,8.2,16.0,Baie-des-Sables wind farm
7662,2025-05-06 01:00:00+00:00,7.2,12.3,Baie-des-Sables wind farm
7663,2025-05-06 02:00:00+00:00,7.2,12.1,Baie-des-Sables wind farm
7664,2025-05-06 03:00:00+00:00,7.4,10.8,Baie-des-Sables wind farm
7665,2025-05-06 04:00:00+00:00,6.6,9.3,Baie-des-Sables wind farm
7666,2025-05-06 05:00:00+00:00,8.0,12.6,Baie-des-Sables wind farm
7667,2025-05-06 06:00:00+00:00,11.0,13.1,Baie-des-Sables wind farm
7668,2025-05-06 07:00:00+00:00,13.9,9.4,Baie-des-Sables wind farm
7669,2025-05-06 08:00:00+00:00,16.7,11.0,Baie-des-Sables wind farm
7670,2025-05-06 09:00:00+00:00,18.3,8.8,Baie-des-Sables wind farm
7671,2025-05-06 10:00:00+00:00,19.1,6.1,Baie-des-Sables wind farm
7672,2025-05-06 11:00:00+00:00,20.0,7.4,Baie-des-Sables wind farm
7673,2025-05-06 12:00:00+00:00,18.7,5.4,Baie-des-Sables wind farm
7674,2025-05-06 13:00:00+00:00,19.8,8.3,Baie-des-Sables wind farm
7675,2025-05-06 14:00:00+00:00,21.9,12.1,Baie-des-Sables wind farm
7676,2025-05-06 15:00:00+00:00,20.5,12.2,Baie-des-Sables wind farm
7677,2025-05-06 16:00:00+00:00,21.2,18.7,Baie-des-Sables wind farm
7678,2025-05-06 17:00:00+00:00,20.2,23.7,Baie-des-Sables wind farm
7679,2025-05-06 18:00:00+00:00,17.5,24.3,Baie-des-Sables wind farm
7680,2025-05-06 19:00:00+00:00,16.5,26.1,Baie-des-Sables wind farm
7681,2025-05-06 20:00:00+00:00,16.6,26.2,Baie-des-Sables wind farm
7682,2025-05-06 21:00:00+00:00,16.3,25.8,Baie-des-Sables wind farm
7683,2025-05-06 22:00:00+00:00,15.4,22.5,Baie-des-Sables wind farm
7684,2025-05-06 23:00:00+00:00,15.0,24.0,Baie-des-Sables wind farm
7685,2025-05-07 00:00:00+00:00,14.5,25.6,Baie-des-Sables wind farm
7686,2025-05-07 01:00:00+00:00,13.8,25.2,Baie-des-Sables wind farm
7687,2025-05-07 02:00:00+00:00,13.8,24.2,Baie-des-Sables wind farm
7688,2025-05-07 03:00:00+00:00,13.9,21.7,Baie-des-Sables wind farm
7689,2025-05-07 04:00:00+00:00,13.3,19.3,Baie-des-Sables wind farm
7690,2025-05-07 05:00:00+00:00,13.4,17.0,Baie-des-Sables wind farm
7691,2025-05-07 06:00:00+00:00,13.9,13.5,Baie-des-Sables wind farm
7692,2025-05-07 07:00:00+00:00,15.2,15.8,Baie-des-Sables wind farm
7693,2025-05-07 08:00:00+00:00,15.1,9.6,Baie-des-Sables wind farm
7694,2025-05-07 09:00:00+00:00,17.3,9.5,Baie-des-Sables wind farm
7695,2025-05-07 10:00:00+00:00,19.9,10.9,Baie-des-Sables wind farm
7696,2025-05-07 11:00:00+00:00,20.4,7.2,Baie-des-Sables wind farm
7697,2025-05-07 12:00:00+00:00,19.4,5.2,Baie-des-Sables wind farm
7698,2025-05-07 13:00:00+00:00,16.3,8.6,Baie-des-Sables wind farm
7699,2025-05-07 14:00:00+00:00,15.0,7.7,Baie-des-Sables wind farm
7700,2025-05-07 15:00:00+00:00,15.5,4.1,Baie-des-Sables wind farm
7701,2025-05-07 16:00:00+00:00,15.0,7.8,Baie-des-Sables wind farm
7702,2025-05-07 17:00:00+00:00,13.8,13.5,Baie-des-Sables wind farm
7703,2025-05-07 18:00:00+00:00,10.6,17.1,Baie-des-Sables wind farm
7704,2025-05-07 19:00:00+00:00,7.5,20.0,Baie-des-Sables wind farm
7705,2025-05-07 20:00:00+00:00,6.6,17.3,Baie-des-Sables wind farm
7706,2025-05-07 21:00:00+00:00,5.5,19.1,Baie-des-Sables wind farm
7707,2025-05-07 22:00:00+00:00,4.7,19.8,Baie-des-Sables wind farm
7708,2025-05-07 23:00:00+00:00,4.3,21.8,Baie-des-Sables wind farm
7709,2025-05-08 00:00:00+00:00,3.9,22.4,Baie-des-Sables wind farm
7710,2025-05-08 01:00:00+00:00,3.7,22.5,Baie-des-Sables wind farm
7711,2025-05-08 02:00:00+00:00,3.5,22.3,Baie-des-Sables wind farm
7712,2025-05-08 03:00:00+00:00,3.3,22.8,Baie-des-Sables wind farm
7713,2025-05-08 04:00:00+00:00,3.0,25.1,Baie-des-Sables wind farm
7714,2025-05-08 05:00:00+00:00,2.7,23.0,Baie-des-Sables wind farm
7715,2025-05-08 06:00:00+00:00,2.5,23.1,Baie-des-Sables wind farm
7716,2025-05-08 07:00:00+00:00,2.3,21.7,Baie-des-Sables wind farm
7717,2025-05-08 08:00:00+00:00,2.1,21.0,Baie-des-Sables wind farm
7718,2025-05-08 09:00:00+00:00,2.1,20.7,Baie-des-Sables wind farm
7719,2025-05-08 10:00:00+00:00,2.1,23.9,Baie-des-Sables wind farm
7720,2025-05-08 11:00:00+00:00,2.7,24.6,Baie-des-Sables wind farm
7721,2025-05-08 12:00:00+00:00,3.4,25.6,Baie-des-Sables wind farm
7722,2025-05-08 13:00:00+00:00,4.0,24.7,Baie-des-Sables wind farm
7723,2025-05-08 14:00:00+00:00,3.9,24.1,Baie-des-Sables wind farm
7724,2025-05-08 15:00:00+00:00,4.0,22.3,Baie-des-Sables wind farm
7725,2025-05-08 16:00:00+00:00,3.9,20.5,Baie-des-Sables wind farm
7726,2025-05-08 17:00:00+00:00,3.5,18.5,Baie-des-Sables wind farm
7727,2025-05-08 18:00:00+00:00,2.7,15.3,Baie-des-Sables wind farm
7728,2025-05-08 19:00:00+00:00,1.8,11.7,Baie-des-Sables wind farm
7729,2025-05-08 20:00:00+00:00,1.8,10.6,Baie-des-Sables wind farm
7730,2025-05-08 21:00:00+00:00,1.8,11.1,Baie-des-Sables wind farm
7731,2025-05-08 22:00:00+00:00,1.8,11.3,Baie-des-Sables wind farm
7732,2025-05-08 23:00:00+00:00,1.6,9.8,Baie-des-Sables wind farm
7733,2025-05-09 00:00:00+00:00,0.8,7.7,Baie-des-Sables wind farm
7734,2025-05-09 01:00:00+00:00,0.4,5.8,Baie-des-Sables wind farm
7735,2025-05-09 02:00:00+00:00,-0.0,4.3,Baie-des-Sables wind farm
7736,2025-05-09 03:00:00+00:00,0.2,4.0,Baie-des-Sables wind farm
7737,2025-05-09 04:00:00+00:00,1.0,6.2,Baie-des-Sables wind farm
7738,2025-05-09 05:00:00+00:00,2.0,6.8,Baie-des-Sables wind farm
7739,2025-05-09 06:00:00+00:00,3.2,8.2,Baie-des-Sables wind farm
7740,2025-05-09 07:00:00+00:00,4.7,8.5,Baie-des-Sables wind farm
7741,2025-05-09 08:00:00+00:00,5.3,7.6,Baie-des-Sables wind farm
7742,2025-05-09 09:00:00+00:00,6.2,6.8,Baie-des-Sables wind farm
7743,2025-05-09 10:00:00+00:00,7.2,8.1,Baie-des-Sables wind farm
7744,2025-05-09 11:00:00+00:00,7.8,10.5,Baie-des-Sables wind farm
7745,2025-05-09 12:00:00+00:00,7.9,13.5,Baie-des-Sables wind farm
7746,2025-05-09 13:00:00+00:00,8.4,14.7,Baie-des-Sables wind farm
7747,2025-05-09 14:00:00+00:00,8.4,16.2,Baie-des-Sables wind farm
7748,2025-05-09 15:00:00+00:00,7.7,15.8,Baie-des-Sables wind farm
7749,2025-05-09 16:00:00+00:00,7.5,13.2,Baie-des-Sables wind farm
7750,2025-05-09 17:00:00+00:00,7.3,10.9,Baie-des-Sables wind farm
7751,2025-05-09 18:00:00+00:00,6.3,8.7,Baie-des-Sables wind farm
7752,2025-05-09 19:00:00+00:00,4.4,6.3,Baie-des-Sables wind farm
7753,2025-05-09 20:00:00+00:00,4.1,7.2,Baie-des-Sables wind farm
7754,2025-05-09 21:00:00+00:00,3.3,6.3,Baie-des-Sables wind farm
7755,2025-05-09 22:00:00+00:00,4.1,8.3,Baie-des-Sables wind farm
7756,2025-05-09 23:00:00+00:00,4.6,9.3,Baie-des-Sables wind farm
7757,2025-05-10 00:00:00+00:00,4.7,10.7,Baie-des-Sables wind farm
7758,2025-05-10 01:00:00+00:00,4.4,8.5,Baie-des-Sables wind farm
7759,2025-05-10 02:00:00+00:00,4.1,8.8,Baie-des-Sables wind farm
7760,2025-05-10 03:00:00+00:00,4.0,8.4,Baie-des-Sables wind farm
7761,2025-05-10 04:00:00+00:00,3.9,5.0,Baie-des-Sables wind farm
7762,2025-05-10 05:00:00+00:00,4.2,6.2,Baie-des-Sables wind farm
7763,2025-05-10 06:00:00+00:00,5.4,5.0,Baie-des-Sables wind farm
7764,2025-05-10 07:00:00+00:00,6.5,8.0,Baie-des-Sables wind farm
7765,2025-05-10 08:00:00+00:00,6.3,8.6,Baie-des-Sables wind farm
7766,2025-05-10 09:00:00+00:00,6.2,9.6,Baie-des-Sables wind farm
7767,2025-05-10 10:00:00+00:00,6.9,12.1,Baie-des-Sables wind farm
7768,2025-05-10 11:00:00+00:00,7.5,13.2,Baie-des-Sables wind farm
7769,2025-05-10 12:00:00+00:00,7.5,15.5,Baie-des-Sables wind farm
7770,2025-05-10 13:00:00+00:00,6.4,16.4,Baie-des-Sables wind farm
7771,2025-05-10 14:00:00+00:00,4.9,15.8,Baie-des-Sables wind farm
7772,2025-05-10 15:00:00+00:00,4.7,16.1,Baie-des-Sables wind farm
7773,2025-05-10 16:00:00+00:00,4.3,14.1,Baie-des-Sables wind farm
7774,2025-05-10 17:00:00+00:00,3.2,14.8,Baie-des-Sables wind farm
7775,2025-05-10 18:00:00+00:00,3.0,13.9,Baie-des-Sables wind farm
7776,2025-05-10 19:00:00+00:00,3.0,11.3,Baie-des-Sables wind farm
7777,2025-05-10 20:00:00+00:00,3.2,10.4,Baie-des-Sables wind farm
7778,2025-05-10 21:00:00+00:00,3.2,8.2,Baie-des-Sables wind farm
7779,2025-05-10 22:00:00+00:00,3.4,8.3,Baie-des-Sables wind farm
7780,2025-05-10 23:00:00+00:00,3.5,11.9,Baie-des-Sables wind farm
7781,2025-05-11 00:00:00+00:00,3.8,22.5,Baie-des-Sables wind farm
7782,2025-05-11 01:00:00+00:00,4.1,21.8,Baie-des-Sables wind farm
7783,2025-05-11 02:00:00+00:00,3.9,20.0,Baie-des-Sables wind farm
7784,2025-05-11 03:00:00+00:00,3.6,20.2,Baie-des-Sables wind farm
7785,2025-05-11 04:00:00+00:00,3.5,22.1,Baie-des-Sables wind farm
7786,2025-05-11 05:00:00+00:00,3.4,23.7,Baie-des-Sables wind farm
7787,2025-05-11 06:00:00+00:00,3.2,23.3,Baie-des-Sables wind farm
7788,2025-05-11 07:00:00+00:00,3.7,25.6,Baie-des-Sables wind farm
7789,2025-05-11 08:00:00+00:00,3.9,26.9,Baie-des-Sables wind farm
7790,2025-05-11 09:00:00+00:00,4.2,27.5,Baie-des-Sables wind farm
7791,2025-05-11 10:00:00+00:00,4.9,30.3,Baie-des-Sables wind farm
7792,2025-05-11 11:00:00+00:00,5.4,27.0,Baie-des-Sables wind farm
7793,2025-05-11 12:00:00+00:00,6.8,28.7,Baie-des-Sables wind farm
7794,2025-05-11 13:00:00+00:00,7.3,29.5,Baie-des-Sables wind farm
7795,2025-05-11 14:00:00+00:00,7.6,28.1,Baie-des-Sables wind farm
7796,2025-05-11 15:00:00+00:00,7.8,28.6,Baie-des-Sables wind farm
7797,2025-05-11 16:00:00+00:00,7.6,26.6,Baie-des-Sables wind farm
7798,2025-05-11 17:00:00+00:00,7.1,22.6,Baie-des-Sables wind farm
7799,2025-05-11 18:00:00+00:00,6.2,21.3,Baie-des-Sables wind farm
7800,2025-05-11 19:00:00+00:00,5.3,19.9,Baie-des-Sables wind farm
7801,2025-05-11 20:00:00+00:00,5.3,15.5,Baie-des-Sables wind farm
7802,2025-05-11 21:00:00+00:00,4.0,11.6,Baie-des-Sables wind farm
7803,2025-05-11 22:00:00+00:00,3.0,10.3,Baie-des-Sables wind farm
7804,2025-05-11 23:00:00+00:00,2.6,11.7,Baie-des-Sables wind farm
7805,2025-05-12 00:00:00+00:00,2.7,15.7,Baie-des-Sables wind farm
7806,2025-05-12 01:00:00+00:00,2.7,14.6,Baie-des-Sables wind farm
7807,2025-05-12 02:00:00+00:00,2.2,13.7,Baie-des-Sables wind farm
7808,2025-05-12 03:00:00+00:00,1.9,13.5,Baie-des-Sables wind farm
7809,2025-05-12 04:00:00+00:00,1.5,13.0,Baie-des-Sables wind farm
7810,2025-05-12 05:00:00+00:00,3.0,11.5,Baie-des-Sables wind farm
7811,2025-05-12 06:00:00+00:00,5.0,13.6,Baie-des-Sables wind farm
7812,2025-05-12 07:00:00+00:00,7.2,15.3,Baie-des-Sables wind farm
7813,2025-05-12 08:00:00+00:00,9.3,15.1,Baie-des-Sables wind farm
7814,2025-05-12 09:00:00+00:00,10.4,14.1,Baie-des-Sables wind farm
7815,2025-05-12 10:00:00+00:00,9.9,8.8,Baie-des-Sables wind farm
7816,2025-05-12 11:00:00+00:00,10.9,11.8,Baie-des-Sables wind farm
7817,2025-05-12 12:00:00+00:00,11.7,11.3,Baie-des-Sables wind farm
7818,2025-05-12 13:00:00+00:00,11.7,8.9,Baie-des-Sables wind farm
7819,2025-05-12 14:00:00+00:00,12.6,10.9,Baie-des-Sables wind farm
7820,2025-05-12 15:00:00+00:00,12.4,15.4,Baie-des-Sables wind farm
7821,2025-05-12 16:00:00+00:00,11.1,10.6,Baie-des-Sables wind farm
7822,2025-05-12 17:00:00+00:00,10.5,10.2,Baie-des-Sables wind farm
7823,2025-05-12 18:00:00+00:00,9.0,16.8,Baie-des-Sables wind farm
7824,2025-05-12 19:00:00+00:00,7.6,13.8,Baie-des-Sables wind farm
7825,2025-05-12 20:00:00+00:00,8.1,12.1,Baie-des-Sables wind farm
7826,2025-05-12 21:00:00+00:00,7.7,14.4,Baie-des-Sables wind farm
7827,2025-05-12 22:00:00+00:00,6.0,12.4,Baie-des-Sables wind farm
7828,2025-05-12 23:00:00+00:00,5.6,12.2,Baie-des-Sables wind farm
7829,2025-05-13 00:00:00+00:00,5.1,12.7,Baie-des-Sables wind farm
7830,2025-05-13 01:00:00+00:00,4.0,13.1,Baie-des-Sables wind farm
7831,2025-05-13 02:00:00+00:00,3.8,13.9,Baie-des-Sables wind farm
7832,2025-05-13 03:00:00+00:00,3.3,13.5,Baie-des-Sables wind farm
7833,2025-05-13 04:00:00+00:00,2.6,12.5,Baie-des-Sables wind farm
7834,2025-05-13 05:00:00+00:00,3.3,12.6,Baie-des-Sables wind farm
7835,2025-05-13 06:00:00+00:00,4.6,13.4,Baie-des-Sables wind farm
7836,2025-05-13 07:00:00+00:00,5.1,12.8,Baie-des-Sables wind farm
7837,2025-05-13 08:00:00+00:00,6.0,9.3,Baie-des-Sables wind farm
7838,2025-05-13 09:00:00+00:00,7.1,7.6,Baie-des-Sables wind farm
7839,2025-05-13 10:00:00+00:00,8.3,8.4,Baie-des-Sables wind farm
7840,2025-05-13 11:00:00+00:00,9.3,8.2,Baie-des-Sables wind farm
7841,2025-05-13 12:00:00+00:00,10.0,6.3,Baie-des-Sables wind farm
7842,2025-05-13 13:00:00+00:00,11.1,5.9,Baie-des-Sables wind farm
7843,2025-05-13 14:00:00+00:00,11.4,7.5,Baie-des-Sables wind farm
7844,2025-05-13 15:00:00+00:00,11.3,5.9,Baie-des-Sables wind farm
7845,2025-05-13 16:00:00+00:00,11.0,2.4,Baie-des-Sables wind farm
7846,2025-05-13 17:00:00+00:00,10.6,2.5,Baie-des-Sables wind farm
7847,2025-05-13 18:00:00+00:00,9.5,0.5,Baie-des-Sables wind farm
7848,2025-05-13 19:00:00+00:00,8.4,0.2,Baie-des-Sables wind farm
7849,2025-05-13 20:00:00+00:00,6.9,5.1,Baie-des-Sables wind farm
7850,2025-05-13 21:00:00+00:00,7.3,5.7,Baie-des-Sables wind farm
7851,2025-05-13 22:00:00+00:00,7.5,10.1,Baie-des-Sables wind farm
7852,2025-05-13 23:00:00+00:00,8.9,14.7,Baie-des-Sables wind farm
7853,2025-05-14 00:00:00+00:00,9.9,16.5,Baie-des-Sables wind farm
7854,2025-05-14 01:00:00+00:00,10.1,18.5,Baie-des-Sables wind farm
7855,2025-05-14 02:00:00+00:00,9.2,16.9,Baie-des-Sables wind farm
7856,2025-05-14 03:00:00+00:00,8.4,13.2,Baie-des-Sables wind farm
7857,2025-05-14 04:00:00+00:00,7.7,11.4,Baie-des-Sables wind farm
7858,2025-05-14 05:00:00+00:00,9.2,9.6,Baie-des-Sables wind farm
7859,2025-05-14 06:00:00+00:00,12.0,8.9,Baie-des-Sables wind farm
7860,2025-05-14 07:00:00+00:00,14.5,8.1,Baie-des-Sables wind farm
7861,2025-05-14 08:00:00+00:00,15.9,11.0,Baie-des-Sables wind farm
7862,2025-05-14 09:00:00+00:00,17.7,11.5,Baie-des-Sables wind farm
7863,2025-05-14 10:00:00+00:00,20.3,13.4,Baie-des-Sables wind farm
7864,2025-05-14 11:00:00+00:00,22.6,17.2,Baie-des-Sables wind farm
7865,2025-05-14 12:00:00+00:00,24.4,19.5,Baie-des-Sables wind farm
7866,2025-05-14 13:00:00+00:00,25.5,20.6,Baie-des-Sables wind farm
7867,2025-05-14 14:00:00+00:00,25.8,21.8,Baie-des-Sables wind farm
7868,2025-05-14 15:00:00+00:00,25.8,22.8,Baie-des-Sables wind farm
7869,2025-05-14 16:00:00+00:00,25.3,21.6,Baie-des-Sables wind farm
7870,2025-05-14 17:00:00+00:00,24.4,19.4,Baie-des-Sables wind farm
7871,2025-05-14 18:00:00+00:00,23.0,17.7,Baie-des-Sables wind farm
7872,2025-05-14 19:00:00+00:00,21.3,19.5,Baie-des-Sables wind farm
7873,2025-05-14 20:00:00+00:00,22.2,21.1,Baie-des-Sables wind farm
7874,2025-05-14 21:00:00+00:00,21.9,22.4,Baie-des-Sables wind farm
7875,2025-05-14 22:00:00+00:00,20.9,22.1,Baie-des-Sables wind farm
7876,2025-05-14 23:00:00+00:00,20.4,21.8,Baie-des-Sables wind farm
7877,2025-05-15 00:00:00+00:00,19.7,21.6,Baie-des-Sables wind farm
7878,2025-05-15 01:00:00+00:00,19.4,22.4,Baie-des-Sables wind farm
7879,2025-05-15 02:00:00+00:00,18.9,22.2,Baie-des-Sables wind farm
7880,2025-05-15 03:00:00+00:00,18.4,21.6,Baie-des-Sables wind farm
7881,2025-05-15 04:00:00+00:00,17.7,19.4,Baie-des-Sables wind farm
7882,2025-05-15 05:00:00+00:00,17.1,16.5,Baie-des-Sables wind farm
7883,2025-05-15 06:00:00+00:00,18.1,17.0,Baie-des-Sables wind farm
7884,2025-05-15 07:00:00+00:00,18.9,17.8,Baie-des-Sables wind farm
7885,2025-05-15 08:00:00+00:00,22.0,20.3,Baie-des-Sables wind farm
7886,2025-05-15 09:00:00+00:00,22.6,17.0,Baie-des-Sables wind farm
7887,2025-05-15 10:00:00+00:00,23.6,13.0,Baie-des-Sables wind farm
7888,2025-05-15 11:00:00+00:00,21.4,14.5,Baie-des-Sables wind farm
7889,2025-05-15 12:00:00+00:00,20.0,10.7,Baie-des-Sables wind farm
7890,2025-05-15 13:00:00+00:00,20.7,9.3,Baie-des-Sables wind farm
7891,2025-05-15 14:00:00+00:00,20.2,11.5,Baie-des-Sables wind farm
7892,2025-05-15 15:00:00+00:00,20.3,7.7,Baie-des-Sables wind farm
7893,2025-05-15 16:00:00+00:00,18.8,9.7,Baie-des-Sables wind farm
7894,2025-05-15 17:00:00+00:00,17.3,11.3,Baie-des-Sables wind farm
7895,2025-05-15 18:00:00+00:00,16.2,9.1,Baie-des-Sables wind farm
7896,2025-05-15 19:00:00+00:00,14.6,7.5,Baie-des-Sables wind farm
7897,2025-05-15 20:00:00+00:00,11.4,11.6,Baie-des-Sables wind farm
7898,2025-05-15 21:00:00+00:00,11.1,9.7,Baie-des-Sables wind farm
7899,2025-05-15 22:00:00+00:00,10.6,7.6,Baie-des-Sables wind farm
7900,2025-05-15 23:00:00+00:00,10.5,9.2,Baie-des-Sables wind farm
7901,2025-05-16 00:00:00+00:00,10.4,8.8,Baie-des-Sables wind farm
7902,2025-05-16 01:00:00+00:00,9.7,9.4,Baie-des-Sables wind farm
7903,2025-05-16 02:00:00+00:00,9.1,10.3,Baie-des-Sables wind farm
7904,2025-05-16 03:00:00+00:00,8.9,11.1,Baie-des-Sables wind farm
7905,2025-05-16 04:00:00+00:00,8.7,9.5,Baie-des-Sables wind farm
7906,2025-05-16 05:00:00+00:00,9.2,10.2,Baie-des-Sables wind farm
7907,2025-05-16 06:00:00+00:00,9.8,11.0,Baie-des-Sables wind farm
7908,2025-05-16 07:00:00+00:00,10.5,13.4,Baie-des-Sables wind farm
7909,2025-05-16 08:00:00+00:00,11.0,14.1,Baie-des-Sables wind farm
7910,2025-05-16 09:00:00+00:00,9.9,13.3,Baie-des-Sables wind farm
7911,2025-05-16 10:00:00+00:00,9.1,13.3,Baie-des-Sables wind farm
7912,2025-05-16 11:00:00+00:00,9.8,13.0,Baie-des-Sables wind farm
7913,2025-05-16 12:00:00+00:00,12.6,13.1,Baie-des-Sables wind farm
7914,2025-05-16 13:00:00+00:00,13.3,13.4,Baie-des-Sables wind farm
7915,2025-05-16 14:00:00+00:00,13.9,12.4,Baie-des-Sables wind farm
7916,2025-05-16 15:00:00+00:00,14.5,11.9,Baie-des-Sables wind farm
7917,2025-05-16 16:00:00+00:00,14.2,11.9,Baie-des-Sables wind farm
7918,2025-05-16 17:00:00+00:00,13.8,11.0,Baie-des-Sables wind farm
7919,2025-05-16 18:00:00+00:00,13.8,14.6,Baie-des-Sables wind farm
7920,2025-05-16 19:00:00+00:00,13.4,19.0,Baie-des-Sables wind farm
7921,2025-05-16 20:00:00+00:00,11.9,22.5,Baie-des-Sables wind farm
7922,2025-05-16 21:00:00+00:00,10.9,26.3,Baie-des-Sables wind farm
7923,2025-05-16 22:00:00+00:00,9.1,29.9,Baie-des-Sables wind farm
7924,2025-05-16 23:00:00+00:00,7.6,31.0,Baie-des-Sables wind farm
7925,2025-05-17 00:00:00+00:00,6.5,30.5,Baie-des-Sables wind farm
7926,2025-05-17 01:00:00+00:00,5.3,30.7,Baie-des-Sables wind farm
7927,2025-05-17 02:00:00+00:00,5.8,20.3,Baie-des-Sables wind farm
7928,2025-05-17 03:00:00+00:00,5.9,22.1,Baie-des-Sables wind farm
7929,2025-05-17 04:00:00+00:00,5.4,20.9,Baie-des-Sables wind farm
7930,2025-05-17 05:00:00+00:00,4.7,12.7,Baie-des-Sables wind farm
7931,2025-05-17 06:00:00+00:00,4.8,13.5,Baie-des-Sables wind farm
7932,2025-05-17 07:00:00+00:00,6.2,16.8,Baie-des-Sables wind farm
7933,2025-05-17 08:00:00+00:00,5.8,15.6,Baie-des-Sables wind farm
7934,2025-05-17 09:00:00+00:00,7.5,16.3,Baie-des-Sables wind farm
7935,2025-05-17 10:00:00+00:00,7.8,14.1,Baie-des-Sables wind farm
7936,2025-05-17 11:00:00+00:00,9.4,13.3,Baie-des-Sables wind farm
7937,2025-05-17 12:00:00+00:00,12.8,11.0,Baie-des-Sables wind farm
7938,2025-05-17 13:00:00+00:00,14.6,11.2,Baie-des-Sables wind farm
7939,2025-05-17 14:00:00+00:00,14.4,11.0,Baie-des-Sables wind farm
7940,2025-05-17 15:00:00+00:00,15.9,12.8,Baie-des-Sables wind farm
7941,2025-05-17 16:00:00+00:00,14.1,12.6,Baie-des-Sables wind farm
7942,2025-05-17 17:00:00+00:00,13.5,13.3,Baie-des-Sables wind farm
7943,2025-05-17 18:00:00+00:00,12.5,14.9,Baie-des-Sables wind farm
7944,2025-05-17 19:00:00+00:00,11.8,15.2,Baie-des-Sables wind farm
7945,2025-05-17 20:00:00+00:00,8.2,13.5,Baie-des-Sables wind farm
7946,2025-05-17 21:00:00+00:00,7.8,14.0,Baie-des-Sables wind farm
7947,2025-05-17 22:00:00+00:00,8.0,15.0,Baie-des-Sables wind farm
7948,2025-05-17 23:00:00+00:00,8.1,17.6,Baie-des-Sables wind farm
7949,2025-05-18 00:00:00+00:00,8.4,13.2,Baie-des-Sables wind farm
7950,2025-05-18 01:00:00+00:00,8.4,16.6,Baie-des-Sables wind farm
7951,2025-05-18 02:00:00+00:00,8.7,16.1,Baie-des-Sables wind farm
7952,2025-05-18 03:00:00+00:00,8.9,16.6,Baie-des-Sables wind farm
7953,2025-05-18 04:00:00+00:00,9.0,15.7,Baie-des-Sables wind farm
7954,2025-05-18 05:00:00+00:00,8.9,13.3,Baie-des-Sables wind farm
7955,2025-05-18 06:00:00+00:00,8.9,13.7,Baie-des-Sables wind farm
7956,2025-05-18 07:00:00+00:00,9.0,15.6,Baie-des-Sables wind farm
7957,2025-05-18 08:00:00+00:00,7.2,13.5,Baie-des-Sables wind farm
7958,2025-05-18 09:00:00+00:00,7.5,15.7,Baie-des-Sables wind farm
7959,2025-05-18 10:00:00+00:00,8.2,11.3,Baie-des-Sables wind farm
7960,2025-05-18 11:00:00+00:00,8.5,14.2,Baie-des-Sables wind farm
7961,2025-05-18 12:00:00+00:00,8.6,13.9,Baie-des-Sables wind farm
7962,2025-05-18 13:00:00+00:00,9.0,12.7,Baie-des-Sables wind farm
7963,2025-05-18 14:00:00+00:00,7.9,15.0,Baie-des-Sables wind farm
7964,2025-05-18 15:00:00+00:00,7.7,17.1,Baie-des-Sables wind farm
7965,2025-05-18 16:00:00+00:00,6.9,15.9,Baie-des-Sables wind farm
7966,2025-05-18 17:00:00+00:00,6.0,15.2,Baie-des-Sables wind farm
7967,2025-05-18 18:00:00+00:00,5.5,12.3,Baie-des-Sables wind farm
7968,2025-05-18 19:00:00+00:00,5.2,13.2,Baie-des-Sables wind farm
7969,2025-05-18 20:00:00+00:00,4.7,10.4,Baie-des-Sables wind farm
7970,2025-05-18 21:00:00+00:00,4.7,10.3,Baie-des-Sables wind farm
7971,2025-05-18 22:00:00+00:00,4.9,10.6,Baie-des-Sables wind farm
7972,2025-05-18 23:00:00+00:00,4.9,10.6,Baie-des-Sables wind farm
7973,2025-05-19 00:00:00+00:00,4.9,11.6,Baie-des-Sables wind farm
7974,2025-05-19 01:00:00+00:00,4.8,13.3,Baie-des-Sables wind farm
7975,2025-05-19 02:00:00+00:00,4.8,12.9,Baie-des-Sables wind farm
7976,2025-05-19 03:00:00+00:00,4.7,20.5,Baie-des-Sables wind farm
7977,2025-05-19 04:00:00+00:00,4.5,21.6,Baie-des-Sables wind farm
7978,2025-05-19 05:00:00+00:00,4.6,22.7,Baie-des-Sables wind farm
7979,2025-05-19 06:00:00+00:00,4.8,22.3,Baie-des-Sables wind farm
7980,2025-05-19 07:00:00+00:00,4.9,21.3,Baie-des-Sables wind farm
7981,2025-05-19 08:00:00+00:00,5.3,22.1,Baie-des-Sables wind farm
7982,2025-05-19 09:00:00+00:00,5.6,24.3,Baie-des-Sables wind farm
7983,2025-05-19 10:00:00+00:00,6.0,26.4,Baie-des-Sables wind farm
7984,2025-05-19 11:00:00+00:00,6.1,23.7,Baie-des-Sables wind farm
7985,2025-05-19 12:00:00+00:00,6.1,23.8,Baie-des-Sables wind farm
7986,2025-05-19 13:00:00+00:00,6.4,24.2,Baie-des-Sables wind farm
7987,2025-05-19 14:00:00+00:00,6.2,20.9,Baie-des-Sables wind farm
7988,2025-05-19 15:00:00+00:00,6.2,20.0,Baie-des-Sables wind farm
7989,2025-05-19 16:00:00+00:00,5.9,20.6,Baie-des-Sables wind farm
7990,2025-05-19 17:00:00+00:00,6.1,22.0,Baie-des-Sables wind farm
7991,2025-05-19 18:00:00+00:00,6.2,20.3,Baie-des-Sables wind farm
7992,2025-05-19 19:00:00+00:00,6.1,20.2,Baie-des-Sables wind farm
7993,2025-05-19 20:00:00+00:00,5.0,18.1,Baie-des-Sables wind farm
7994,2025-05-19 21:00:00+00:00,5.2,18.8,Baie-des-Sables wind farm
7995,2025-05-19 22:00:00+00:00,5.3,18.1,Baie-des-Sables wind farm
7996,2025-05-19 23:00:00+00:00,5.4,17.3,Baie-des-Sables wind farm
7997,2025-05-20 00:00:00+00:00,5.5,16.4,Baie-des-Sables wind farm
7998,2025-05-20 01:00:00+00:00,5.6,16.0,Baie-des-Sables wind farm
7999,2025-05-20 02:00:00+00:00,5.6,15.5,Baie-des-Sables wind farm
8000,2025-05-20 03:00:00+00:00,5.5,16.0,Baie-des-Sables wind farm
8001,2025-05-20 04:00:00+00:00,5.3,15.7,Baie-des-Sables wind farm
8002,2025-05-20 05:00:00+00:00,5.7,16.7,Baie-des-Sables wind farm
8003,2025-05-20 06:00:00+00:00,6.7,22.4,Baie-des-Sables wind farm
8004,2025-05-20 07:00:00+00:00,7.7,23.4,Baie-des-Sables wind farm
8005,2025-05-20 08:00:00+00:00,8.3,23.0,Baie-des-Sables wind farm
8006,2025-05-20 09:00:00+00:00,9.1,23.2,Baie-des-Sables wind farm
8007,2025-05-20 10:00:00+00:00,9.4,21.8,Baie-des-Sables wind farm
8008,2025-05-20 11:00:00+00:00,9.7,21.2,Baie-des-Sables wind farm
8009,2025-05-20 12:00:00+00:00,10.1,20.1,Baie-des-Sables wind farm
8010,2025-05-20 13:00:00+00:00,11.1,19.5,Baie-des-Sables wind farm
8011,2025-05-20 14:00:00+00:00,11.0,20.4,Baie-des-Sables wind farm
8012,2025-05-20 15:00:00+00:00,12.6,21.5,Baie-des-Sables wind farm
8013,2025-05-20 16:00:00+00:00,12.7,20.8,Baie-des-Sables wind farm
8014,2025-05-20 17:00:00+00:00,12.0,16.7,Baie-des-Sables wind farm
8015,2025-05-20 18:00:00+00:00,10.6,14.4,Baie-des-Sables wind farm
8016,2025-05-20 19:00:00+00:00,8.9,13.1,Baie-des-Sables wind farm
8017,2025-05-20 20:00:00+00:00,5.9,10.5,Baie-des-Sables wind farm
8018,2025-05-20 21:00:00+00:00,6.0,10.4,Baie-des-Sables wind farm
8019,2025-05-20 22:00:00+00:00,6.3,9.4,Baie-des-Sables wind farm
8020,2025-05-20 23:00:00+00:00,6.8,8.8,Baie-des-Sables wind farm
8021,2025-05-21 00:00:00+00:00,7.3,8.9,Baie-des-Sables wind farm
8022,2025-05-21 01:00:00+00:00,6.6,7.0,Baie-des-Sables wind farm
8023,2025-05-21 02:00:00+00:00,6.2,7.5,Baie-des-Sables wind farm
8024,2025-05-21 03:00:00+00:00,5.7,7.3,Baie-des-Sables wind farm
8025,2025-05-21 04:00:00+00:00,5.3,8.6,Baie-des-Sables wind farm
8026,2025-05-21 05:00:00+00:00,5.8,8.5,Baie-des-Sables wind farm
8027,2025-05-21 06:00:00+00:00,7.6,8.6,Baie-des-Sables wind farm
8028,2025-05-21 07:00:00+00:00,8.3,12.1,Baie-des-Sables wind farm
8029,2025-05-21 08:00:00+00:00,7.7,9.9,Baie-des-Sables wind farm
8030,2025-05-21 09:00:00+00:00,8.1,10.1,Baie-des-Sables wind farm
8031,2025-05-21 10:00:00+00:00,8.6,11.6,Baie-des-Sables wind farm
8032,2025-05-21 11:00:00+00:00,10.2,15.0,Baie-des-Sables wind farm
8033,2025-05-21 12:00:00+00:00,9.6,16.8,Baie-des-Sables wind farm
8034,2025-05-21 13:00:00+00:00,9.5,15.8,Baie-des-Sables wind farm
8035,2025-05-21 14:00:00+00:00,11.2,16.3,Baie-des-Sables wind farm
8036,2025-05-21 15:00:00+00:00,10.4,16.0,Baie-des-Sables wind farm
8037,2025-05-21 16:00:00+00:00,10.4,14.3,Baie-des-Sables wind farm
8038,2025-05-21 17:00:00+00:00,9.6,10.9,Baie-des-Sables wind farm
8039,2025-05-21 18:00:00+00:00,8.4,6.4,Baie-des-Sables wind farm
8040,2025-05-21 19:00:00+00:00,6.5,5.8,Baie-des-Sables wind farm
8041,2025-05-21 20:00:00+00:00,5.7,7.7,Baie-des-Sables wind farm
8042,2025-05-21 21:00:00+00:00,7.3,15.0,Baie-des-Sables wind farm
8043,2025-05-21 22:00:00+00:00,7.2,14.8,Baie-des-Sables wind farm
8044,2025-05-21 23:00:00+00:00,6.1,14.4,Baie-des-Sables wind farm
8045,2025-05-22 00:00:00+00:00,5.2,12.7,Baie-des-Sables wind farm
8046,2025-05-22 01:00:00+00:00,4.4,12.8,Baie-des-Sables wind farm
8047,2025-05-22 02:00:00+00:00,3.8,11.8,Baie-des-Sables wind farm
8048,2025-05-22 03:00:00+00:00,3.3,10.0,Baie-des-Sables wind farm
8049,2025-05-22 04:00:00+00:00,2.8,8.2,Baie-des-Sables wind farm
8050,2025-05-22 05:00:00+00:00,4.3,8.4,Baie-des-Sables wind farm
8051,2025-05-22 06:00:00+00:00,6.9,6.2,Baie-des-Sables wind farm
8052,2025-05-22 07:00:00+00:00,9.4,7.2,Baie-des-Sables wind farm
8053,2025-05-22 08:00:00+00:00,10.5,9.5,Baie-des-Sables wind farm
8054,2025-05-22 09:00:00+00:00,11.0,9.5,Baie-des-Sables wind farm
8055,2025-05-22 10:00:00+00:00,11.5,11.3,Baie-des-Sables wind farm
8056,2025-05-22 11:00:00+00:00,11.6,12.3,Baie-des-Sables wind farm
8057,2025-05-22 12:00:00+00:00,11.4,13.0,Baie-des-Sables wind farm
8058,2025-05-22 13:00:00+00:00,12.3,12.8,Baie-des-Sables wind farm
8059,2025-05-22 14:00:00+00:00,13.1,11.8,Baie-des-Sables wind farm
8060,2025-05-22 15:00:00+00:00,13.0,10.8,Baie-des-Sables wind farm
8061,2025-05-22 16:00:00+00:00,12.5,10.1,Baie-des-Sables wind farm
8062,2025-05-22 17:00:00+00:00,12.3,9.1,Baie-des-Sables wind farm
8063,2025-05-22 18:00:00+00:00,11.2,10.5,Baie-des-Sables wind farm
8064,2025-05-22 19:00:00+00:00,9.3,12.5,Baie-des-Sables wind farm
8065,2025-05-22 20:00:00+00:00,8.5,16.5,Baie-des-Sables wind farm
8066,2025-05-22 21:00:00+00:00,7.0,18.5,Baie-des-Sables wind farm
8067,2025-05-22 22:00:00+00:00,6.2,18.8,Baie-des-Sables wind farm
8068,2025-05-22 23:00:00+00:00,5.6,19.6,Baie-des-Sables wind farm
8069,2025-05-23 00:00:00+00:00,4.9,21.8,Baie-des-Sables wind farm
8070,2025-05-23 01:00:00+00:00,4.3,19.4,Baie-des-Sables wind farm
8071,2025-05-23 02:00:00+00:00,3.7,14.7,Baie-des-Sables wind farm
8072,2025-05-23 03:00:00+00:00,3.1,13.5,Baie-des-Sables wind farm
8073,2025-05-23 04:00:00+00:00,2.5,14.2,Baie-des-Sables wind farm
8074,2025-05-23 05:00:00+00:00,3.4,14.3,Baie-des-Sables wind farm
8075,2025-05-23 06:00:00+00:00,4.8,13.0,Baie-des-Sables wind farm
8076,2025-05-23 07:00:00+00:00,6.6,13.1,Baie-des-Sables wind farm
8077,2025-05-23 08:00:00+00:00,8.8,14.8,Baie-des-Sables wind farm
8078,2025-05-23 09:00:00+00:00,11.1,18.5,Baie-des-Sables wind farm
8079,2025-05-23 10:00:00+00:00,10.3,16.2,Baie-des-Sables wind farm
8080,2025-05-23 11:00:00+00:00,12.1,17.8,Baie-des-Sables wind farm
8081,2025-05-23 12:00:00+00:00,11.8,16.6,Baie-des-Sables wind farm
8082,2025-05-23 13:00:00+00:00,9.9,13.6,Baie-des-Sables wind farm
8083,2025-05-23 14:00:00+00:00,8.3,12.5,Baie-des-Sables wind farm
8084,2025-05-23 15:00:00+00:00,7.6,12.5,Baie-des-Sables wind farm
8085,2025-05-23 16:00:00+00:00,7.5,12.5,Baie-des-Sables wind farm
8086,2025-05-23 17:00:00+00:00,7.7,14.0,Baie-des-Sables wind farm
8087,2025-05-23 18:00:00+00:00,7.4,14.8,Baie-des-Sables wind farm
8088,2025-05-23 19:00:00+00:00,6.6,12.8,Baie-des-Sables wind farm
8089,2025-05-23 20:00:00+00:00,5.9,10.0,Baie-des-Sables wind farm
8090,2025-05-23 21:00:00+00:00,5.6,14.4,Baie-des-Sables wind farm
8091,2025-05-23 22:00:00+00:00,5.2,14.3,Baie-des-Sables wind farm
8092,2025-05-23 23:00:00+00:00,5.1,12.7,Baie-des-Sables wind farm
8093,2025-05-24 00:00:00+00:00,4.7,10.8,Baie-des-Sables wind farm
8094,2025-05-24 01:00:00+00:00,4.5,12.3,Baie-des-Sables wind farm
8095,2025-05-24 02:00:00+00:00,4.3,11.8,Baie-des-Sables wind farm
8096,2025-05-24 03:00:00+00:00,4.2,11.9,Baie-des-Sables wind farm
8097,2025-05-24 04:00:00+00:00,4.1,12.8,Baie-des-Sables wind farm
8098,2025-05-24 05:00:00+00:00,4.1,13.3,Baie-des-Sables wind farm
8099,2025-05-24 06:00:00+00:00,4.3,12.4,Baie-des-Sables wind farm
8100,2025-05-24 07:00:00+00:00,4.6,13.8,Baie-des-Sables wind farm
8101,2025-05-24 08:00:00+00:00,4.8,14.5,Baie-des-Sables wind farm
8102,2025-05-24 09:00:00+00:00,5.1,16.7,Baie-des-Sables wind farm
8103,2025-05-24 10:00:00+00:00,5.4,17.4,Baie-des-Sables wind farm
8104,2025-05-24 11:00:00+00:00,5.7,16.3,Baie-des-Sables wind farm
8105,2025-05-24 12:00:00+00:00,5.6,15.0,Baie-des-Sables wind farm
8106,2025-05-24 13:00:00+00:00,5.8,18.6,Baie-des-Sables wind farm
8107,2025-05-24 14:00:00+00:00,5.8,18.1,Baie-des-Sables wind farm
8108,2025-05-24 15:00:00+00:00,5.8,19.4,Baie-des-Sables wind farm
8109,2025-05-24 16:00:00+00:00,5.8,20.4,Baie-des-Sables wind farm
8110,2025-05-24 17:00:00+00:00,5.4,18.5,Baie-des-Sables wind farm
8111,2025-05-24 18:00:00+00:00,5.1,17.4,Baie-des-Sables wind farm
8112,2025-05-24 19:00:00+00:00,4.6,15.8,Baie-des-Sables wind farm
8113,2025-05-24 20:00:00+00:00,4.6,17.0,Baie-des-Sables wind farm
8114,2025-05-24 21:00:00+00:00,4.5,16.2,Baie-des-Sables wind farm
8115,2025-05-24 22:00:00+00:00,4.4,14.4,Baie-des-Sables wind farm
8116,2025-05-24 23:00:00+00:00,4.3,12.1,Baie-des-Sables wind farm
8117,2025-05-25 00:00:00+00:00,4.3,11.2,Baie-des-Sables wind farm
8118,2025-05-25 01:00:00+00:00,4.3,11.9,Baie-des-Sables wind farm
8119,2025-05-25 02:00:00+00:00,4.4,12.2,Baie-des-Sables wind farm
8120,2025-05-25 03:00:00+00:00,4.4,12.6,Baie-des-Sables wind farm
8121,2025-05-25 04:00:00+00:00,4.4,10.8,Baie-des-Sables wind farm
8122,2025-05-25 05:00:00+00:00,4.6,10.5,Baie-des-Sables wind farm
8123,2025-05-25 06:00:00+00:00,5.0,12.2,Baie-des-Sables wind farm
8124,2025-05-25 07:00:00+00:00,5.4,12.7,Baie-des-Sables wind farm
8125,2025-05-25 08:00:00+00:00,6.9,18.8,Baie-des-Sables wind farm
8126,2025-05-25 09:00:00+00:00,7.4,18.2,Baie-des-Sables wind farm
8127,2025-05-25 10:00:00+00:00,7.8,17.6,Baie-des-Sables wind farm
8128,2025-05-25 11:00:00+00:00,9.1,19.3,Baie-des-Sables wind farm
8129,2025-05-25 12:00:00+00:00,9.8,20.1,Baie-des-Sables wind farm
8130,2025-05-25 13:00:00+00:00,10.2,18.4,Baie-des-Sables wind farm
8131,2025-05-25 14:00:00+00:00,10.8,17.6,Baie-des-Sables wind farm
8132,2025-05-25 15:00:00+00:00,10.5,15.0,Baie-des-Sables wind farm
8133,2025-05-25 16:00:00+00:00,10.1,12.5,Baie-des-Sables wind farm
8134,2025-05-25 17:00:00+00:00,9.1,10.4,Baie-des-Sables wind farm
8135,2025-05-25 18:00:00+00:00,8.0,7.8,Baie-des-Sables wind farm
8136,2025-05-25 19:00:00+00:00,7.1,5.2,Baie-des-Sables wind farm
8137,2025-05-25 20:00:00+00:00,6.1,1.6,Baie-des-Sables wind farm
8138,2025-05-25 21:00:00+00:00,5.4,4.5,Baie-des-Sables wind farm
8139,2025-05-25 22:00:00+00:00,5.5,0.9,Baie-des-Sables wind farm
8140,2025-05-25 23:00:00+00:00,4.4,2.5,Baie-des-Sables wind farm
8141,2025-05-26 00:00:00+00:00,4.3,3.3,Baie-des-Sables wind farm
8142,2025-05-26 01:00:00+00:00,3.0,2.7,Baie-des-Sables wind farm
8143,2025-05-26 02:00:00+00:00,3.7,6.1,Baie-des-Sables wind farm
8144,2025-05-26 03:00:00+00:00,3.8,7.6,Baie-des-Sables wind farm
8145,2025-05-26 04:00:00+00:00,4.4,8.5,Baie-des-Sables wind farm
8146,2025-05-26 05:00:00+00:00,6.3,7.8,Baie-des-Sables wind farm
8147,2025-05-26 06:00:00+00:00,9.6,8.9,Baie-des-Sables wind farm
8148,2025-05-26 07:00:00+00:00,11.1,11.2,Baie-des-Sables wind farm
8149,2025-05-26 08:00:00+00:00,12.8,11.7,Baie-des-Sables wind farm
8150,2025-05-26 09:00:00+00:00,14.1,11.1,Baie-des-Sables wind farm
8151,2025-05-26 10:00:00+00:00,15.3,10.0,Baie-des-Sables wind farm
8152,2025-05-26 11:00:00+00:00,16.4,8.9,Baie-des-Sables wind farm
8153,2025-05-26 12:00:00+00:00,17.1,6.6,Baie-des-Sables wind farm
8154,2025-05-26 13:00:00+00:00,18.1,3.9,Baie-des-Sables wind farm
8155,2025-05-26 14:00:00+00:00,18.9,3.3,Baie-des-Sables wind farm
8156,2025-05-26 15:00:00+00:00,18.9,5.6,Baie-des-Sables wind farm
8157,2025-05-26 16:00:00+00:00,18.6,6.2,Baie-des-Sables wind farm
8158,2025-05-26 17:00:00+00:00,16.5,7.5,Baie-des-Sables wind farm
8159,2025-05-26 18:00:00+00:00,14.2,2.7,Baie-des-Sables wind farm
8160,2025-05-26 19:00:00+00:00,12.6,7.5,Baie-des-Sables wind farm
8161,2025-05-26 20:00:00+00:00,10.9,5.5,Baie-des-Sables wind farm
8162,2025-05-26 21:00:00+00:00,10.4,0.9,Baie-des-Sables wind farm
8163,2025-05-26 22:00:00+00:00,10.3,4.0,Baie-des-Sables wind farm
8164,2025-05-26 23:00:00+00:00,9.6,6.2,Baie-des-Sables wind farm
8165,2025-05-27 00:00:00+00:00,10.3,9.1,Baie-des-Sables wind farm
8166,2025-05-27 01:00:00+00:00,9.9,7.0,Baie-des-Sables wind farm
8167,2025-05-27 02:00:00+00:00,8.9,5.4,Baie-des-Sables wind farm
8168,2025-05-27 03:00:00+00:00,9.1,6.7,Baie-des-Sables wind farm
8169,2025-05-27 04:00:00+00:00,10.0,10.7,Baie-des-Sables wind farm
8170,2025-05-27 05:00:00+00:00,10.9,8.5,Baie-des-Sables wind farm
8171,2025-05-27 06:00:00+00:00,13.1,6.8,Baie-des-Sables wind farm
8172,2025-05-27 07:00:00+00:00,14.4,7.4,Baie-des-Sables wind farm
8173,2025-05-27 08:00:00+00:00,15.8,7.3,Baie-des-Sables wind farm
8174,2025-05-27 09:00:00+00:00,17.3,6.8,Baie-des-Sables wind farm
8175,2025-05-27 10:00:00+00:00,18.9,7.5,Baie-des-Sables wind farm
8176,2025-05-27 11:00:00+00:00,20.1,8.2,Baie-des-Sables wind farm
8177,2025-05-27 12:00:00+00:00,20.7,8.8,Baie-des-Sables wind farm
8178,2025-05-27 13:00:00+00:00,20.7,10.3,Baie-des-Sables wind farm
8179,2025-05-27 14:00:00+00:00,22.0,8.1,Baie-des-Sables wind farm
8180,2025-05-27 15:00:00+00:00,22.8,7.2,Baie-des-Sables wind farm
8181,2025-05-27 16:00:00+00:00,22.2,9.0,Baie-des-Sables wind farm
8182,2025-05-27 17:00:00+00:00,20.8,9.6,Baie-des-Sables wind farm
8183,2025-05-27 18:00:00+00:00,18.3,11.4,Baie-des-Sables wind farm
8184,2025-05-27 19:00:00+00:00,17.0,13.6,Baie-des-Sables wind farm
8185,2025-05-27 20:00:00+00:00,17.0,16.9,Baie-des-Sables wind farm
8186,2025-05-27 21:00:00+00:00,16.4,17.6,Baie-des-Sables wind farm
8187,2025-05-27 22:00:00+00:00,15.5,17.0,Baie-des-Sables wind farm
8188,2025-05-27 23:00:00+00:00,15.1,18.0,Baie-des-Sables wind farm
8189,2025-05-28 00:00:00+00:00,14.5,18.8,Baie-des-Sables wind farm
8190,2025-05-28 01:00:00+00:00,13.9,16.9,Baie-des-Sables wind farm
8191,2025-05-28 02:00:00+00:00,12.9,15.4,Baie-des-Sables wind farm
8192,2025-05-28 03:00:00+00:00,12.1,15.1,Baie-des-Sables wind farm
8193,2025-05-28 04:00:00+00:00,11.8,15.6,Baie-des-Sables wind farm
8194,2025-05-28 05:00:00+00:00,12.3,15.3,Baie-des-Sables wind farm
8195,2025-05-28 06:00:00+00:00,14.0,14.8,Baie-des-Sables wind farm
8196,2025-05-28 07:00:00+00:00,15.9,14.1,Baie-des-Sables wind farm
8197,2025-05-28 08:00:00+00:00,17.7,15.5,Baie-des-Sables wind farm
8198,2025-05-28 09:00:00+00:00,18.6,15.2,Baie-des-Sables wind farm
8199,2025-05-28 10:00:00+00:00,19.8,14.4,Baie-des-Sables wind farm
8200,2025-05-28 11:00:00+00:00,21.0,13.9,Baie-des-Sables wind farm
8201,2025-05-28 12:00:00+00:00,22.1,14.4,Baie-des-Sables wind farm
8202,2025-05-28 13:00:00+00:00,22.9,14.6,Baie-des-Sables wind farm
8203,2025-05-28 14:00:00+00:00,23.4,13.5,Baie-des-Sables wind farm
8204,2025-05-28 15:00:00+00:00,23.3,14.0,Baie-des-Sables wind farm
8205,2025-05-28 16:00:00+00:00,22.7,15.5,Baie-des-Sables wind farm
8206,2025-05-28 17:00:00+00:00,21.4,16.9,Baie-des-Sables wind farm
8207,2025-05-28 18:00:00+00:00,19.5,16.6,Baie-des-Sables wind farm
8208,2025-05-28 19:00:00+00:00,18.3,18.0,Baie-des-Sables wind farm
8209,2025-05-28 20:00:00+00:00,18.5,16.4,Baie-des-Sables wind farm
8210,2025-05-28 21:00:00+00:00,17.2,15.6,Baie-des-Sables wind farm
8211,2025-05-28 22:00:00+00:00,16.6,16.7,Baie-des-Sables wind farm
8212,2025-05-28 23:00:00+00:00,16.3,16.3,Baie-des-Sables wind farm
8213,2025-05-29 00:00:00+00:00,15.8,16.0,Baie-des-Sables wind farm
8214,2025-05-29 01:00:00+00:00,14.8,16.1,Baie-des-Sables wind farm
8215,2025-05-29 02:00:00+00:00,14.2,16.4,Baie-des-Sables wind farm
8216,2025-05-29 03:00:00+00:00,13.9,15.8,Baie-des-Sables wind farm
8217,2025-05-29 04:00:00+00:00,13.5,14.5,Baie-des-Sables wind farm
8218,2025-05-29 05:00:00+00:00,14.1,13.1,Baie-des-Sables wind farm
8219,2025-05-29 06:00:00+00:00,16.1,10.9,Baie-des-Sables wind farm
8220,2025-05-29 07:00:00+00:00,18.3,10.6,Baie-des-Sables wind farm
8221,2025-05-29 08:00:00+00:00,20.7,9.4,Baie-des-Sables wind farm
8222,2025-05-29 09:00:00+00:00,21.5,9.5,Baie-des-Sables wind farm
8223,2025-05-29 10:00:00+00:00,22.1,9.7,Baie-des-Sables wind farm
8224,2025-05-29 11:00:00+00:00,23.2,9.7,Baie-des-Sables wind farm
8225,2025-05-29 12:00:00+00:00,24.1,11.4,Baie-des-Sables wind farm
8226,2025-05-29 13:00:00+00:00,24.3,12.6,Baie-des-Sables wind farm
8227,2025-05-29 14:00:00+00:00,24.6,13.8,Baie-des-Sables wind farm
8228,2025-05-29 15:00:00+00:00,24.9,12.4,Baie-des-Sables wind farm
8229,2025-05-29 16:00:00+00:00,23.8,10.8,Baie-des-Sables wind farm
8230,2025-05-29 17:00:00+00:00,23.1,9.7,Baie-des-Sables wind farm
8231,2025-05-29 18:00:00+00:00,21.1,18.0,Baie-des-Sables wind farm
8232,2025-05-29 19:00:00+00:00,20.4,23.2,Baie-des-Sables wind farm
8233,2025-05-29 20:00:00+00:00,20.0,22.4,Baie-des-Sables wind farm
8234,2025-05-29 21:00:00+00:00,19.3,23.9,Baie-des-Sables wind farm
8235,2025-05-29 22:00:00+00:00,19.2,25.2,Baie-des-Sables wind farm
8236,2025-05-29 23:00:00+00:00,18.3,23.1,Baie-des-Sables wind farm
8237,2025-05-30 00:00:00+00:00,17.1,22.1,Baie-des-Sables wind farm
8238,2025-05-30 01:00:00+00:00,16.0,20.6,Baie-des-Sables wind farm
8239,2025-05-30 02:00:00+00:00,15.0,18.9,Baie-des-Sables wind farm
8240,2025-05-30 03:00:00+00:00,14.2,18.6,Baie-des-Sables wind farm
8241,2025-05-30 04:00:00+00:00,13.8,19.0,Baie-des-Sables wind farm
8242,2025-05-30 05:00:00+00:00,14.3,18.8,Baie-des-Sables wind farm
8243,2025-05-30 06:00:00+00:00,15.8,15.2,Baie-des-Sables wind farm
8244,2025-05-30 07:00:00+00:00,17.4,16.1,Baie-des-Sables wind farm
8245,2025-05-30 08:00:00+00:00,19.1,14.2,Baie-des-Sables wind farm
8246,2025-05-30 09:00:00+00:00,20.1,13.3,Baie-des-Sables wind farm
8247,2025-05-30 10:00:00+00:00,20.9,13.4,Baie-des-Sables wind farm
8248,2025-05-30 11:00:00+00:00,21.5,13.2,Baie-des-Sables wind farm
8249,2025-05-30 12:00:00+00:00,22.3,12.3,Baie-des-Sables wind farm
8250,2025-05-30 13:00:00+00:00,22.6,11.3,Baie-des-Sables wind farm
8251,2025-05-30 14:00:00+00:00,20.8,11.2,Baie-des-Sables wind farm
8252,2025-05-30 15:00:00+00:00,21.4,8.0,Baie-des-Sables wind farm
8253,2025-05-30 16:00:00+00:00,21.5,4.1,Baie-des-Sables wind farm
8254,2025-05-30 17:00:00+00:00,20.2,6.0,Baie-des-Sables wind farm
8255,2025-05-30 18:00:00+00:00,19.5,2.2,Baie-des-Sables wind farm
8256,2025-05-30 19:00:00+00:00,16.5,4.0,Baie-des-Sables wind farm
8257,2025-05-30 20:00:00+00:00,14.5,11.6,Baie-des-Sables wind farm
8258,2025-05-30 21:00:00+00:00,14.0,10.5,Baie-des-Sables wind farm
8259,2025-05-30 22:00:00+00:00,13.7,8.6,Baie-des-Sables wind farm
8260,2025-05-30 23:00:00+00:00,12.9,10.9,Baie-des-Sables wind farm
8261,2025-05-31 00:00:00+00:00,12.9,12.0,Baie-des-Sables wind farm
8262,2025-05-31 01:00:00+00:00,12.5,10.4,Baie-des-Sables wind farm
8263,2025-05-31 02:00:00+00:00,11.9,8.9,Baie-des-Sables wind farm
8264,2025-05-31 03:00:00+00:00,11.9,8.6,Baie-des-Sables wind farm
8265,2025-05-31 04:00:00+00:00,11.7,8.7,Baie-des-Sables wind farm
8266,2025-05-31 05:00:00+00:00,12.2,8.9,Baie-des-Sables wind farm
8267,2025-05-31 06:00:00+00:00,13.5,7.2,Baie-des-Sables wind farm
8268,2025-05-31 07:00:00+00:00,15.1,5.6,Baie-des-Sables wind farm
8269,2025-05-31 08:00:00+00:00,15.7,6.0,Baie-des-Sables wind farm
8270,2025-05-31 09:00:00+00:00,16.4,8.9,Baie-des-Sables wind farm
8271,2025-05-31 10:00:00+00:00,18.4,9.1,Baie-des-Sables wind farm
8272,2025-05-31 11:00:00+00:00,16.1,11.1,Baie-des-Sables wind farm
8273,2025-05-31 12:00:00+00:00,14.9,14.0,Baie-des-Sables wind farm
8274,2025-05-31 13:00:00+00:00,13.4,17.0,Baie-des-Sables wind farm
8275,2025-05-31 14:00:00+00:00,12.7,16.3,Baie-des-Sables wind farm
8276,2025-05-31 15:00:00+00:00,12.3,15.2,Baie-des-Sables wind farm
8277,2025-05-31 16:00:00+00:00,11.5,16.6,Baie-des-Sables wind farm
8278,2025-05-31 17:00:00+00:00,11.4,14.1,Baie-des-Sables wind farm
8279,2025-05-31 18:00:00+00:00,11.4,16.6,Baie-des-Sables wind farm
8280,2025-05-31 19:00:00+00:00,11.5,16.5,Baie-des-Sables wind farm
8281,2025-05-31 20:00:00+00:00,12.3,15.0,Baie-des-Sables wind farm
8282,2025-05-31 21:00:00+00:00,12.5,21.1,Baie-des-Sables wind farm
8283,2025-05-31 22:00:00+00:00,12.5,22.8,Baie-des-Sables wind farm
8284,2025-05-31 23:00:00+00:00,12.3,21.9,Baie-des-Sables wind farm
8285,2025-06-01 00:00:00+00:00,12.6,19.2,Baie-des-Sables wind farm
8286,2025-06-01 01:00:00+00:00,12.4,15.8,Baie-des-Sables wind farm
8287,2025-06-01 02:00:00+00:00,12.2,9.7,Baie-des-Sables wind farm
8288,2025-06-01 03:00:00+00:00,12.3,12.2,Baie-des-Sables wind farm
8289,2025-06-01 04:00:00+00:00,12.1,12.2,Baie-des-Sables wind farm
8290,2025-06-01 05:00:00+00:00,11.9,12.4,Baie-des-Sables wind farm
8291,2025-06-01 06:00:00+00:00,12.0,14.5,Baie-des-Sables wind farm
8292,2025-06-01 07:00:00+00:00,13.1,14.3,Baie-des-Sables wind farm
8293,2025-06-01 08:00:00+00:00,13.0,14.2,Baie-des-Sables wind farm
8294,2025-06-01 09:00:00+00:00,13.9,12.8,Baie-des-Sables wind farm
8295,2025-06-01 10:00:00+00:00,12.5,11.6,Baie-des-Sables wind farm
8296,2025-06-01 11:00:00+00:00,11.9,7.9,Baie-des-Sables wind farm
8297,2025-06-01 12:00:00+00:00,12.1,6.3,Baie-des-Sables wind farm
8298,2025-06-01 13:00:00+00:00,12.9,9.1,Baie-des-Sables wind farm
8299,2025-06-01 14:00:00+00:00,13.0,14.3,Baie-des-Sables wind farm
8300,2025-06-01 15:00:00+00:00,11.9,21.5,Baie-des-Sables wind farm
8301,2025-06-01 16:00:00+00:00,12.2,25.0,Baie-des-Sables wind farm
8302,2025-06-01 17:00:00+00:00,11.4,26.0,Baie-des-Sables wind farm
8303,2025-06-01 18:00:00+00:00,10.8,27.8,Baie-des-Sables wind farm
8304,2025-06-01 19:00:00+00:00,10.4,28.5,Baie-des-Sables wind farm
8305,2025-06-01 20:00:00+00:00,11.0,27.6,Baie-des-Sables wind farm
8306,2025-06-01 21:00:00+00:00,11.0,26.8,Baie-des-Sables wind farm
8307,2025-06-01 22:00:00+00:00,10.5,26.5,Baie-des-Sables wind farm
8308,2025-06-01 23:00:00+00:00,10.3,24.4,Baie-des-Sables wind farm
8309,2025-06-02 00:00:00+00:00,10.1,22.9,Baie-des-Sables wind farm
8310,2025-06-02 01:00:00+00:00,9.9,21.9,Baie-des-Sables wind farm
8311,2025-06-02 02:00:00+00:00,9.8,20.4,Baie-des-Sables wind farm
8312,2025-06-02 03:00:00+00:00,9.6,20.5,Baie-des-Sables wind farm
8313,2025-06-02 04:00:00+00:00,9.4,20.8,Baie-des-Sables wind farm
8314,2025-06-02 05:00:00+00:00,9.3,21.2,Baie-des-Sables wind farm
8315,2025-06-02 06:00:00+00:00,9.3,19.8,Baie-des-Sables wind farm
8316,2025-06-02 07:00:00+00:00,9.5,20.2,Baie-des-Sables wind farm
8317,2025-06-02 08:00:00+00:00,11.5,21.4,Baie-des-Sables wind farm
8318,2025-06-02 09:00:00+00:00,12.0,21.0,Baie-des-Sables wind farm
8319,2025-06-02 10:00:00+00:00,12.5,21.5,Baie-des-Sables wind farm
8320,2025-06-02 11:00:00+00:00,12.2,20.4,Baie-des-Sables wind farm
8321,2025-06-02 12:00:00+00:00,12.1,18.9,Baie-des-Sables wind farm
8322,2025-06-02 13:00:00+00:00,12.1,18.2,Baie-des-Sables wind farm
8323,2025-06-02 14:00:00+00:00,12.0,19.8,Baie-des-Sables wind farm
8324,2025-06-02 15:00:00+00:00,11.3,17.6,Baie-des-Sables wind farm
8325,2025-06-02 16:00:00+00:00,11.5,19.2,Baie-des-Sables wind farm
8326,2025-06-02 17:00:00+00:00,11.0,18.9,Baie-des-Sables wind farm
8327,2025-06-02 18:00:00+00:00,10.2,16.2,Baie-des-Sables wind farm
8328,2025-06-02 19:00:00+00:00,9.9,14.1,Baie-des-Sables wind farm
8329,2025-06-02 20:00:00+00:00,11.3,16.2,Baie-des-Sables wind farm
8330,2025-06-02 21:00:00+00:00,11.2,14.7,Baie-des-Sables wind farm
8331,2025-06-02 22:00:00+00:00,10.1,15.0,Baie-des-Sables wind farm
8332,2025-06-02 23:00:00+00:00,10.5,14.2,Baie-des-Sables wind farm
8333,2025-06-03 00:00:00+00:00,9.7,13.1,Baie-des-Sables wind farm
8334,2025-06-03 01:00:00+00:00,8.8,13.1,Baie-des-Sables wind farm
8335,2025-06-03 02:00:00+00:00,8.5,12.5,Baie-des-Sables wind farm
8336,2025-06-03 03:00:00+00:00,8.3,12.0,Baie-des-Sables wind farm
8337,2025-06-03 04:00:00+00:00,7.9,10.7,Baie-des-Sables wind farm
8338,2025-06-03 05:00:00+00:00,9.2,9.3,Baie-des-Sables wind farm
8339,2025-06-03 06:00:00+00:00,11.9,7.1,Baie-des-Sables wind farm
8340,2025-06-03 07:00:00+00:00,13.3,7.6,Baie-des-Sables wind farm
8341,2025-06-03 08:00:00+00:00,14.3,8.8,Baie-des-Sables wind farm
8342,2025-06-03 09:00:00+00:00,15.1,9.7,Baie-des-Sables wind farm
8343,2025-06-03 10:00:00+00:00,16.1,8.4,Baie-des-Sables wind farm
8344,2025-06-03 11:00:00+00:00,16.9,8.7,Baie-des-Sables wind farm
8345,2025-06-03 12:00:00+00:00,17.7,8.5,Baie-des-Sables wind farm
8346,2025-06-03 13:00:00+00:00,18.6,9.4,Baie-des-Sables wind farm
8347,2025-06-03 14:00:00+00:00,19.7,5.3,Baie-des-Sables wind farm
8348,2025-06-03 15:00:00+00:00,20.5,4.3,Baie-des-Sables wind farm
8349,2025-06-03 16:00:00+00:00,20.5,4.6,Baie-des-Sables wind farm
8350,2025-06-03 17:00:00+00:00,20.0,2.6,Baie-des-Sables wind farm
8351,2025-06-03 18:00:00+00:00,18.9,1.9,Baie-des-Sables wind farm
8352,2025-06-03 19:00:00+00:00,16.4,6.3,Baie-des-Sables wind farm
8353,2025-06-03 20:00:00+00:00,16.9,13.9,Baie-des-Sables wind farm
8354,2025-06-03 21:00:00+00:00,16.8,14.6,Baie-des-Sables wind farm
8355,2025-06-03 22:00:00+00:00,16.6,15.5,Baie-des-Sables wind farm
8356,2025-06-03 23:00:00+00:00,16.3,16.8,Baie-des-Sables wind farm
8357,2025-06-04 00:00:00+00:00,16.0,17.9,Baie-des-Sables wind farm
8358,2025-06-04 01:00:00+00:00,16.0,18.8,Baie-des-Sables wind farm
8359,2025-06-04 02:00:00+00:00,16.0,18.7,Baie-des-Sables wind farm
8360,2025-06-04 03:00:00+00:00,15.9,18.5,Baie-des-Sables wind farm
8361,2025-06-04 04:00:00+00:00,15.5,18.1,Baie-des-Sables wind farm
8362,2025-06-04 05:00:00+00:00,15.9,17.1,Baie-des-Sables wind farm
8363,2025-06-04 06:00:00+00:00,17.8,17.1,Baie-des-Sables wind farm
8364,2025-06-04 07:00:00+00:00,19.6,15.3,Baie-des-Sables wind farm
8365,2025-06-04 08:00:00+00:00,21.3,14.7,Baie-des-Sables wind farm
8366,2025-06-04 09:00:00+00:00,23.1,14.8,Baie-des-Sables wind farm
8367,2025-06-04 10:00:00+00:00,24.7,15.4,Baie-des-Sables wind farm
8368,2025-06-04 11:00:00+00:00,25.2,14.1,Baie-des-Sables wind farm
8369,2025-06-04 12:00:00+00:00,27.4,13.8,Baie-des-Sables wind farm
8370,2025-06-04 13:00:00+00:00,27.8,15.4,Baie-des-Sables wind farm
8371,2025-06-04 14:00:00+00:00,28.1,17.9,Baie-des-Sables wind farm
8372,2025-06-04 15:00:00+00:00,27.8,20.4,Baie-des-Sables wind farm
8373,2025-06-04 16:00:00+00:00,26.6,23.6,Baie-des-Sables wind farm
8374,2025-06-04 17:00:00+00:00,25.8,23.3,Baie-des-Sables wind farm
8375,2025-06-04 18:00:00+00:00,25.2,22.8,Baie-des-Sables wind farm
8376,2025-06-04 19:00:00+00:00,24.6,23.4,Baie-des-Sables wind farm
8377,2025-06-04 20:00:00+00:00,25.1,24.5,Baie-des-Sables wind farm
8378,2025-06-04 21:00:00+00:00,25.0,25.8,Baie-des-Sables wind farm
8379,2025-06-04 22:00:00+00:00,24.6,25.2,Baie-des-Sables wind farm
8380,2025-06-04 23:00:00+00:00,23.7,24.5,Baie-des-Sables wind farm
8381,2025-06-05 00:00:00+00:00,23.0,22.8,Baie-des-Sables wind farm
8382,2025-06-05 01:00:00+00:00,21.9,20.1,Baie-des-Sables wind farm
8383,2025-06-05 02:00:00+00:00,20.1,18.1,Baie-des-Sables wind farm
8384,2025-06-05 03:00:00+00:00,18.1,14.8,Baie-des-Sables wind farm
8385,2025-06-05 04:00:00+00:00,17.1,11.6,Baie-des-Sables wind farm
8386,2025-06-05 05:00:00+00:00,17.3,11.4,Baie-des-Sables wind farm
8387,2025-06-05 06:00:00+00:00,17.7,10.6,Baie-des-Sables wind farm
8388,2025-06-05 07:00:00+00:00,18.4,10.8,Baie-des-Sables wind farm
8389,2025-06-05 08:00:00+00:00,19.3,9.9,Baie-des-Sables wind farm
8390,2025-06-05 09:00:00+00:00,19.7,9.1,Baie-des-Sables wind farm
8391,2025-06-05 10:00:00+00:00,20.3,9.4,Baie-des-Sables wind farm
8392,2025-06-05 11:00:00+00:00,20.4,10.5,Baie-des-Sables wind farm
8393,2025-06-05 12:00:00+00:00,20.2,9.9,Baie-des-Sables wind farm
8394,2025-06-05 13:00:00+00:00,21.4,12.4,Baie-des-Sables wind farm
8395,2025-06-05 14:00:00+00:00,20.9,10.1,Baie-des-Sables wind farm
8396,2025-06-05 15:00:00+00:00,21.5,8.5,Baie-des-Sables wind farm
8397,2025-06-05 16:00:00+00:00,22.0,8.9,Baie-des-Sables wind farm
8398,2025-06-05 17:00:00+00:00,21.5,10.6,Baie-des-Sables wind farm
8399,2025-06-05 18:00:00+00:00,20.2,8.9,Baie-des-Sables wind farm
8400,2025-06-05 19:00:00+00:00,18.5,10.3,Baie-des-Sables wind farm
8401,2025-06-05 20:00:00+00:00,18.2,10.9,Baie-des-Sables wind farm
8402,2025-06-05 21:00:00+00:00,17.8,12.4,Baie-des-Sables wind farm
8403,2025-06-05 22:00:00+00:00,17.2,12.0,Baie-des-Sables wind farm
8404,2025-06-05 23:00:00+00:00,15.7,12.1,Baie-des-Sables wind farm
8405,2025-06-06 00:00:00+00:00,13.7,8.2,Baie-des-Sables wind farm
8406,2025-06-06 01:00:00+00:00,13.0,5.1,Baie-des-Sables wind farm
8407,2025-06-06 02:00:00+00:00,12.8,4.7,Baie-des-Sables wind farm
8408,2025-06-06 03:00:00+00:00,12.8,3.2,Baie-des-Sables wind farm
8409,2025-06-06 04:00:00+00:00,12.8,2.2,Baie-des-Sables wind farm
8410,2025-06-06 05:00:00+00:00,14.3,4.1,Baie-des-Sables wind farm
8411,2025-06-06 06:00:00+00:00,16.0,4.0,Baie-des-Sables wind farm
8412,2025-06-06 07:00:00+00:00,17.6,3.2,Baie-des-Sables wind farm
8413,2025-06-06 08:00:00+00:00,19.4,3.6,Baie-des-Sables wind farm
8414,2025-06-06 09:00:00+00:00,20.0,6.5,Baie-des-Sables wind farm
8415,2025-06-06 10:00:00+00:00,20.4,6.7,Baie-des-Sables wind farm
8416,2025-06-06 11:00:00+00:00,21.2,6.6,Baie-des-Sables wind farm
8417,2025-06-06 12:00:00+00:00,21.8,6.6,Baie-des-Sables wind farm
8418,2025-06-06 13:00:00+00:00,21.9,8.0,Baie-des-Sables wind farm
8419,2025-06-06 14:00:00+00:00,21.5,9.0,Baie-des-Sables wind farm
8420,2025-06-06 15:00:00+00:00,20.8,7.4,Baie-des-Sables wind farm
8421,2025-06-06 16:00:00+00:00,20.3,5.8,Baie-des-Sables wind farm
8422,2025-06-06 17:00:00+00:00,19.6,5.5,Baie-des-Sables wind farm
8423,2025-06-06 18:00:00+00:00,18.3,5.1,Baie-des-Sables wind farm
8424,2025-06-06 19:00:00+00:00,17.0,5.3,Baie-des-Sables wind farm
8425,2025-06-06 20:00:00+00:00,16.0,8.8,Baie-des-Sables wind farm
8426,2025-06-06 21:00:00+00:00,15.7,10.4,Baie-des-Sables wind farm
8427,2025-06-06 22:00:00+00:00,15.5,11.6,Baie-des-Sables wind farm
8428,2025-06-06 23:00:00+00:00,15.7,12.3,Baie-des-Sables wind farm
8429,2025-06-07 00:00:00+00:00,14.3,8.8,Baie-des-Sables wind farm
8430,2025-06-07 01:00:00+00:00,11.9,4.1,Baie-des-Sables wind farm
8431,2025-06-07 02:00:00+00:00,11.7,0.6,Baie-des-Sables wind farm
8432,2025-06-07 03:00:00+00:00,11.9,7.4,Baie-des-Sables wind farm
8433,2025-06-07 04:00:00+00:00,12.1,8.3,Baie-des-Sables wind farm
8434,2025-06-07 05:00:00+00:00,12.3,5.6,Baie-des-Sables wind farm
8435,2025-06-07 06:00:00+00:00,14.2,5.9,Baie-des-Sables wind farm
8436,2025-06-07 07:00:00+00:00,14.5,0.6,Baie-des-Sables wind farm
8437,2025-06-07 08:00:00+00:00,17.4,5.9,Baie-des-Sables wind farm
8438,2025-06-07 09:00:00+00:00,17.7,6.0,Baie-des-Sables wind farm
8439,2025-06-07 10:00:00+00:00,17.2,10.6,Baie-des-Sables wind farm
8440,2025-06-07 11:00:00+00:00,16.8,11.7,Baie-des-Sables wind farm
8441,2025-06-07 12:00:00+00:00,17.5,8.7,Baie-des-Sables wind farm
8442,2025-06-07 13:00:00+00:00,18.4,10.0,Baie-des-Sables wind farm
8443,2025-06-07 14:00:00+00:00,18.3,9.8,Baie-des-Sables wind farm
8444,2025-06-07 15:00:00+00:00,18.3,7.7,Baie-des-Sables wind farm
8445,2025-06-07 16:00:00+00:00,18.2,7.4,Baie-des-Sables wind farm
8446,2025-06-07 17:00:00+00:00,18.2,5.2,Baie-des-Sables wind farm
8447,2025-06-07 18:00:00+00:00,17.6,3.1,Baie-des-Sables wind farm
8448,2025-06-07 19:00:00+00:00,15.7,3.9,Baie-des-Sables wind farm
8449,2025-06-07 20:00:00+00:00,13.9,1.7,Baie-des-Sables wind farm
8450,2025-06-07 21:00:00+00:00,12.9,2.5,Baie-des-Sables wind farm
8451,2025-06-07 22:00:00+00:00,11.8,3.4,Baie-des-Sables wind farm
8452,2025-06-07 23:00:00+00:00,10.7,6.8,Baie-des-Sables wind farm
8453,2025-06-08 00:00:00+00:00,9.9,6.8,Baie-des-Sables wind farm
8454,2025-06-08 01:00:00+00:00,10.0,7.5,Baie-des-Sables wind farm
8455,2025-06-08 02:00:00+00:00,9.3,6.4,Baie-des-Sables wind farm
8456,2025-06-08 03:00:00+00:00,8.5,4.3,Baie-des-Sables wind farm
8457,2025-06-08 04:00:00+00:00,8.1,4.7,Baie-des-Sables wind farm
8458,2025-06-08 05:00:00+00:00,9.9,6.1,Baie-des-Sables wind farm
8459,2025-06-08 06:00:00+00:00,11.9,3.8,Baie-des-Sables wind farm
8460,2025-06-08 07:00:00+00:00,13.3,6.5,Baie-des-Sables wind farm
8461,2025-06-08 08:00:00+00:00,13.5,8.5,Baie-des-Sables wind farm
8462,2025-06-08 09:00:00+00:00,14.9,9.9,Baie-des-Sables wind farm
8463,2025-06-08 10:00:00+00:00,16.1,8.7,Baie-des-Sables wind farm
8464,2025-06-08 11:00:00+00:00,17.2,8.4,Baie-des-Sables wind farm
8465,2025-06-08 12:00:00+00:00,18.2,7.4,Baie-des-Sables wind farm
8466,2025-06-08 13:00:00+00:00,18.7,6.8,Baie-des-Sables wind farm
8467,2025-06-08 14:00:00+00:00,19.1,5.8,Baie-des-Sables wind farm
8468,2025-06-08 15:00:00+00:00,19.4,4.5,Baie-des-Sables wind farm
8469,2025-06-08 16:00:00+00:00,19.3,4.4,Baie-des-Sables wind farm
8470,2025-06-08 17:00:00+00:00,18.8,4.6,Baie-des-Sables wind farm
8471,2025-06-08 18:00:00+00:00,17.3,7.1,Baie-des-Sables wind farm
8472,2025-06-08 19:00:00+00:00,14.9,12.3,Baie-des-Sables wind farm
8473,2025-06-08 20:00:00+00:00,12.9,9.8,Baie-des-Sables wind farm
8474,2025-06-08 21:00:00+00:00,11.9,9.5,Baie-des-Sables wind farm
8475,2025-06-08 22:00:00+00:00,11.8,11.3,Baie-des-Sables wind farm
8476,2025-06-08 23:00:00+00:00,11.5,10.4,Baie-des-Sables wind farm
8477,2025-06-09 00:00:00+00:00,11.0,10.5,Baie-des-Sables wind farm
8478,2025-06-09 01:00:00+00:00,11.0,11.7,Baie-des-Sables wind farm
8479,2025-06-09 02:00:00+00:00,10.6,9.6,Baie-des-Sables wind farm
8480,2025-06-09 03:00:00+00:00,10.1,10.2,Baie-des-Sables wind farm
8481,2025-06-09 04:00:00+00:00,10.0,9.7,Baie-des-Sables wind farm
8482,2025-06-09 05:00:00+00:00,11.4,9.8,Baie-des-Sables wind farm
8483,2025-06-09 06:00:00+00:00,14.7,9.6,Baie-des-Sables wind farm
8484,2025-06-09 07:00:00+00:00,17.8,6.8,Baie-des-Sables wind farm
8485,2025-06-09 08:00:00+00:00,19.2,5.9,Baie-des-Sables wind farm
8486,2025-06-09 09:00:00+00:00,20.7,4.7,Baie-des-Sables wind farm
8487,2025-06-09 10:00:00+00:00,21.9,3.5,Baie-des-Sables wind farm
8488,2025-06-09 11:00:00+00:00,23.0,4.3,Baie-des-Sables wind farm
8489,2025-06-09 12:00:00+00:00,23.7,4.8,Baie-des-Sables wind farm
8490,2025-06-09 13:00:00+00:00,24.0,6.6,Baie-des-Sables wind farm
8491,2025-06-09 14:00:00+00:00,23.8,6.4,Baie-des-Sables wind farm
8492,2025-06-09 15:00:00+00:00,23.8,6.9,Baie-des-Sables wind farm
8493,2025-06-09 16:00:00+00:00,23.1,9.2,Baie-des-Sables wind farm
8494,2025-06-09 17:00:00+00:00,22.0,13.5,Baie-des-Sables wind farm
8495,2025-06-09 18:00:00+00:00,19.8,16.7,Baie-des-Sables wind farm
8496,2025-06-09 19:00:00+00:00,17.5,12.4,Baie-des-Sables wind farm
8497,2025-06-09 20:00:00+00:00,17.0,16.4,Baie-des-Sables wind farm
8498,2025-06-09 21:00:00+00:00,17.4,20.5,Baie-des-Sables wind farm
8499,2025-06-09 22:00:00+00:00,17.0,19.8,Baie-des-Sables wind farm
8500,2025-06-09 23:00:00+00:00,16.4,16.8,Baie-des-Sables wind farm
8501,2025-06-10 00:00:00+00:00,16.2,18.0,Baie-des-Sables wind farm
8502,2025-06-10 01:00:00+00:00,16.0,17.8,Baie-des-Sables wind farm
8503,2025-06-10 02:00:00+00:00,14.6,20.0,Baie-des-Sables wind farm
8504,2025-06-10 03:00:00+00:00,13.9,19.5,Baie-des-Sables wind farm
8505,2025-06-10 04:00:00+00:00,13.8,17.1,Baie-des-Sables wind farm
8506,2025-06-10 05:00:00+00:00,13.7,19.1,Baie-des-Sables wind farm
8507,2025-06-10 06:00:00+00:00,13.6,17.3,Baie-des-Sables wind farm
8508,2025-06-10 07:00:00+00:00,13.4,14.9,Baie-des-Sables wind farm
8509,2025-06-10 08:00:00+00:00,14.3,10.7,Baie-des-Sables wind farm
8510,2025-06-10 09:00:00+00:00,14.0,6.3,Baie-des-Sables wind farm
8511,2025-06-10 10:00:00+00:00,15.0,8.6,Baie-des-Sables wind farm
8512,2025-06-10 11:00:00+00:00,15.7,7.1,Baie-des-Sables wind farm
8513,2025-06-10 12:00:00+00:00,16.4,7.6,Baie-des-Sables wind farm
8514,2025-06-10 13:00:00+00:00,15.9,12.1,Baie-des-Sables wind farm
8515,2025-06-10 14:00:00+00:00,16.7,16.1,Baie-des-Sables wind farm
8516,2025-06-10 15:00:00+00:00,17.3,17.6,Baie-des-Sables wind farm
8517,2025-06-10 16:00:00+00:00,18.3,23.3,Baie-des-Sables wind farm
8518,2025-06-10 17:00:00+00:00,17.7,14.4,Baie-des-Sables wind farm
8519,2025-06-10 18:00:00+00:00,17.2,14.9,Baie-des-Sables wind farm
8520,2025-06-10 19:00:00+00:00,16.4,15.8,Baie-des-Sables wind farm
8521,2025-06-10 20:00:00+00:00,14.7,10.9,Baie-des-Sables wind farm
8522,2025-06-10 21:00:00+00:00,14.3,12.3,Baie-des-Sables wind farm
8523,2025-06-10 22:00:00+00:00,14.0,12.4,Baie-des-Sables wind farm
8524,2025-06-10 23:00:00+00:00,14.0,12.3,Baie-des-Sables wind farm
8525,2025-06-11 00:00:00+00:00,14.3,9.8,Baie-des-Sables wind farm
8526,2025-06-11 01:00:00+00:00,14.0,11.5,Baie-des-Sables wind farm
8527,2025-06-11 02:00:00+00:00,14.3,14.8,Baie-des-Sables wind farm
8528,2025-06-11 03:00:00+00:00,14.7,17.7,Baie-des-Sables wind farm
8529,2025-06-11 04:00:00+00:00,14.7,16.8,Baie-des-Sables wind farm
8530,2025-06-11 05:00:00+00:00,14.7,20.0,Baie-des-Sables wind farm
8531,2025-06-11 06:00:00+00:00,15.2,21.4,Baie-des-Sables wind farm
8532,2025-06-11 07:00:00+00:00,15.8,22.6,Baie-des-Sables wind farm
8533,2025-06-11 08:00:00+00:00,17.3,22.8,Baie-des-Sables wind farm
8534,2025-06-11 09:00:00+00:00,18.1,24.8,Baie-des-Sables wind farm
8535,2025-06-11 10:00:00+00:00,18.6,26.6,Baie-des-Sables wind farm
8536,2025-06-11 11:00:00+00:00,19.3,28.6,Baie-des-Sables wind farm
8537,2025-06-11 12:00:00+00:00,19.8,29.6,Baie-des-Sables wind farm
8538,2025-06-11 13:00:00+00:00,20.3,27.2,Baie-des-Sables wind farm
8539,2025-06-11 14:00:00+00:00,20.7,26.9,Baie-des-Sables wind farm
8540,2025-06-11 15:00:00+00:00,20.6,27.0,Baie-des-Sables wind farm
8541,2025-06-11 16:00:00+00:00,20.3,25.7,Baie-des-Sables wind farm
8542,2025-06-11 17:00:00+00:00,19.6,25.0,Baie-des-Sables wind farm
8543,2025-06-11 18:00:00+00:00,18.8,24.5,Baie-des-Sables wind farm
8544,2025-06-11 19:00:00+00:00,17.6,23.1,Baie-des-Sables wind farm
8545,2025-06-11 20:00:00+00:00,17.0,25.8,Baie-des-Sables wind farm
8546,2025-06-11 21:00:00+00:00,16.3,22.2,Baie-des-Sables wind farm
8547,2025-06-11 22:00:00+00:00,16.1,22.2,Baie-des-Sables wind farm
8548,2025-06-11 23:00:00+00:00,15.0,19.9,Baie-des-Sables wind farm
8549,2025-06-12 00:00:00+00:00,14.8,19.3,Baie-des-Sables wind farm
8550,2025-06-12 01:00:00+00:00,14.6,21.0,Baie-des-Sables wind farm
8551,2025-06-12 02:00:00+00:00,14.5,19.3,Baie-des-Sables wind farm
8552,2025-06-12 03:00:00+00:00,14.2,19.0,Baie-des-Sables wind farm
8553,2025-06-12 04:00:00+00:00,13.7,18.5,Baie-des-Sables wind farm
8554,2025-06-12 05:00:00+00:00,13.7,20.0,Baie-des-Sables wind farm
8555,2025-06-12 06:00:00+00:00,14.0,22.1,Baie-des-Sables wind farm
8556,2025-06-12 07:00:00+00:00,14.0,22.4,Baie-des-Sables wind farm
8557,2025-06-12 08:00:00+00:00,15.1,25.1,Baie-des-Sables wind farm
8558,2025-06-12 09:00:00+00:00,15.3,25.9,Baie-des-Sables wind farm
8559,2025-06-12 10:00:00+00:00,15.6,27.6,Baie-des-Sables wind farm
8560,2025-06-12 11:00:00+00:00,16.6,26.5,Baie-des-Sables wind farm
8561,2025-06-12 12:00:00+00:00,16.8,28.1,Baie-des-Sables wind farm
8562,2025-06-12 13:00:00+00:00,16.5,27.7,Baie-des-Sables wind farm
8563,2025-06-12 14:00:00+00:00,16.7,23.3,Baie-des-Sables wind farm
8564,2025-06-12 15:00:00+00:00,16.5,20.8,Baie-des-Sables wind farm
8565,2025-06-12 16:00:00+00:00,15.6,16.7,Baie-des-Sables wind farm
8566,2025-06-12 17:00:00+00:00,14.3,15.3,Baie-des-Sables wind farm
8567,2025-06-12 18:00:00+00:00,13.3,26.4,Baie-des-Sables wind farm
8568,2025-06-12 19:00:00+00:00,12.8,22.0,Baie-des-Sables wind farm
8569,2025-06-12 20:00:00+00:00,12.1,22.7,Baie-des-Sables wind farm
8570,2025-06-12 21:00:00+00:00,11.7,22.9,Baie-des-Sables wind farm
8571,2025-06-12 22:00:00+00:00,11.3,22.8,Baie-des-Sables wind farm
8572,2025-06-12 23:00:00+00:00,10.9,21.7,Baie-des-Sables wind farm
8573,2025-06-13 00:00:00+00:00,10.5,19.8,Baie-des-Sables wind farm
8574,2025-06-13 01:00:00+00:00,10.2,18.2,Baie-des-Sables wind farm
8575,2025-06-13 02:00:00+00:00,10.2,18.0,Baie-des-Sables wind farm
8576,2025-06-13 03:00:00+00:00,9.9,18.0,Baie-des-Sables wind farm
8577,2025-06-13 04:00:00+00:00,9.4,17.2,Baie-des-Sables wind farm
8578,2025-06-13 05:00:00+00:00,9.7,17.1,Baie-des-Sables wind farm
8579,2025-06-13 06:00:00+00:00,10.3,18.1,Baie-des-Sables wind farm
8580,2025-06-13 07:00:00+00:00,10.6,19.7,Baie-des-Sables wind farm
8581,2025-06-13 08:00:00+00:00,10.7,16.8,Baie-des-Sables wind farm
8582,2025-06-13 09:00:00+00:00,11.6,16.8,Baie-des-Sables wind farm
8583,2025-06-13 10:00:00+00:00,12.5,16.5,Baie-des-Sables wind farm
8584,2025-06-13 11:00:00+00:00,13.2,15.9,Baie-des-Sables wind farm
8585,2025-06-13 12:00:00+00:00,13.5,13.9,Baie-des-Sables wind farm
8586,2025-06-13 13:00:00+00:00,13.8,13.7,Baie-des-Sables wind farm
8587,2025-06-13 14:00:00+00:00,13.8,14.8,Baie-des-Sables wind farm
8588,2025-06-13 15:00:00+00:00,13.9,16.4,Baie-des-Sables wind farm
8589,2025-06-13 16:00:00+00:00,13.6,14.9,Baie-des-Sables wind farm
8590,2025-06-13 17:00:00+00:00,13.3,14.4,Baie-des-Sables wind farm
8591,2025-06-13 18:00:00+00:00,12.5,14.2,Baie-des-Sables wind farm
8592,2025-06-13 19:00:00+00:00,11.2,15.3,Baie-des-Sables wind farm
8593,2025-06-13 20:00:00+00:00,11.5,14.6,Baie-des-Sables wind farm
8594,2025-06-13 21:00:00+00:00,11.3,14.3,Baie-des-Sables wind farm
8595,2025-06-13 22:00:00+00:00,10.3,12.2,Baie-des-Sables wind farm
8596,2025-06-13 23:00:00+00:00,9.5,12.4,Baie-des-Sables wind farm
8597,2025-06-14 00:00:00+00:00,9.4,12.5,Baie-des-Sables wind farm
8598,2025-06-14 01:00:00+00:00,9.4,12.9,Baie-des-Sables wind farm
8599,2025-06-14 02:00:00+00:00,9.0,13.2,Baie-des-Sables wind farm
8600,2025-06-14 03:00:00+00:00,8.3,13.4,Baie-des-Sables wind farm
8601,2025-06-14 04:00:00+00:00,8.1,12.5,Baie-des-Sables wind farm
8602,2025-06-14 05:00:00+00:00,9.0,12.0,Baie-des-Sables wind farm
8603,2025-06-14 06:00:00+00:00,10.4,10.3,Baie-des-Sables wind farm
8604,2025-06-14 07:00:00+00:00,11.1,9.7,Baie-des-Sables wind farm
8605,2025-06-14 08:00:00+00:00,12.4,9.9,Baie-des-Sables wind farm
8606,2025-06-14 09:00:00+00:00,13.8,8.7,Baie-des-Sables wind farm
8607,2025-06-14 10:00:00+00:00,14.7,9.5,Baie-des-Sables wind farm
8608,2025-06-14 11:00:00+00:00,15.3,9.1,Baie-des-Sables wind farm
8609,2025-06-14 12:00:00+00:00,15.9,9.9,Baie-des-Sables wind farm
8610,2025-06-14 13:00:00+00:00,16.4,9.7,Baie-des-Sables wind farm
8611,2025-06-14 14:00:00+00:00,16.8,9.2,Baie-des-Sables wind farm
8612,2025-06-14 15:00:00+00:00,17.0,8.5,Baie-des-Sables wind farm
8613,2025-06-14 16:00:00+00:00,16.9,7.6,Baie-des-Sables wind farm
8614,2025-06-14 17:00:00+00:00,16.5,5.8,Baie-des-Sables wind farm
8615,2025-06-14 18:00:00+00:00,15.3,5.0,Baie-des-Sables wind farm
8616,2025-06-14 19:00:00+00:00,12.8,5.6,Baie-des-Sables wind farm
8617,2025-06-14 20:00:00+00:00,11.2,5.2,Baie-des-Sables wind farm
8618,2025-06-14 21:00:00+00:00,10.2,5.4,Baie-des-Sables wind farm
8619,2025-06-14 22:00:00+00:00,9.8,6.4,Baie-des-Sables wind farm
8620,2025-06-14 23:00:00+00:00,9.4,9.0,Baie-des-Sables wind farm
8621,2025-06-15 00:00:00+00:00,9.1,9.4,Baie-des-Sables wind farm
8622,2025-06-15 01:00:00+00:00,9.0,9.2,Baie-des-Sables wind farm
8623,2025-06-15 02:00:00+00:00,9.5,10.3,Baie-des-Sables wind farm
8624,2025-06-15 03:00:00+00:00,9.6,11.3,Baie-des-Sables wind farm
8625,2025-06-15 04:00:00+00:00,10.1,11.9,Baie-des-Sables wind farm
8626,2025-06-15 05:00:00+00:00,11.2,11.5,Baie-des-Sables wind farm
8627,2025-06-15 06:00:00+00:00,12.9,9.8,Baie-des-Sables wind farm
8628,2025-06-15 07:00:00+00:00,15.1,9.6,Baie-des-Sables wind farm
8629,2025-06-15 08:00:00+00:00,15.8,10.5,Baie-des-Sables wind farm
8630,2025-06-15 09:00:00+00:00,16.7,10.2,Baie-des-Sables wind farm
8631,2025-06-15 10:00:00+00:00,18.0,9.8,Baie-des-Sables wind farm
8632,2025-06-15 11:00:00+00:00,19.1,9.2,Baie-des-Sables wind farm
8633,2025-06-15 12:00:00+00:00,19.5,9.6,Baie-des-Sables wind farm
8634,2025-06-15 13:00:00+00:00,20.1,10.0,Baie-des-Sables wind farm
8635,2025-06-15 14:00:00+00:00,20.1,11.8,Baie-des-Sables wind farm
8636,2025-06-15 15:00:00+00:00,19.6,10.8,Baie-des-Sables wind farm
8637,2025-06-15 16:00:00+00:00,19.3,9.3,Baie-des-Sables wind farm
8638,2025-06-15 17:00:00+00:00,18.7,10.3,Baie-des-Sables wind farm
8639,2025-06-15 18:00:00+00:00,17.2,11.4,Baie-des-Sables wind farm
8640,2025-06-15 19:00:00+00:00,15.3,11.3,Baie-des-Sables wind farm
8641,2025-06-15 20:00:00+00:00,15.7,12.8,Baie-des-Sables wind farm
8642,2025-06-15 21:00:00+00:00,15.0,13.8,Baie-des-Sables wind farm
8643,2025-06-15 22:00:00+00:00,14.3,14.3,Baie-des-Sables wind farm
8644,2025-06-15 23:00:00+00:00,13.8,14.1,Baie-des-Sables wind farm
8645,2025-06-16 00:00:00+00:00,13.6,15.6,Baie-des-Sables wind farm
8646,2025-06-16 01:00:00+00:00,13.4,16.1,Baie-des-Sables wind farm
8647,2025-06-16 02:00:00+00:00,13.4,15.8,Baie-des-Sables wind farm
8648,2025-06-16 03:00:00+00:00,12.8,14.9,Baie-des-Sables wind farm
8649,2025-06-16 04:00:00+00:00,12.4,14.9,Baie-des-Sables wind farm
8650,2025-06-16 05:00:00+00:00,12.9,15.0,Baie-des-Sables wind farm
8651,2025-06-16 06:00:00+00:00,14.6,14.3,Baie-des-Sables wind farm
8652,2025-06-16 07:00:00+00:00,16.7,13.2,Baie-des-Sables wind farm
8653,2025-06-16 08:00:00+00:00,18.5,13.4,Baie-des-Sables wind farm
8654,2025-06-16 09:00:00+00:00,20.0,13.8,Baie-des-Sables wind farm
8655,2025-06-16 10:00:00+00:00,21.0,15.4,Baie-des-Sables wind farm
8656,2025-06-16 11:00:00+00:00,21.8,16.3,Baie-des-Sables wind farm
8657,2025-06-16 12:00:00+00:00,22.1,16.4,Baie-des-Sables wind farm
8658,2025-06-16 13:00:00+00:00,22.7,14.9,Baie-des-Sables wind farm
8659,2025-06-16 14:00:00+00:00,22.8,14.4,Baie-des-Sables wind farm
8660,2025-06-16 15:00:00+00:00,23.1,14.4,Baie-des-Sables wind farm
8661,2025-06-16 16:00:00+00:00,22.8,13.3,Baie-des-Sables wind farm
8662,2025-06-16 17:00:00+00:00,22.2,10.4,Baie-des-Sables wind farm
8663,2025-06-16 18:00:00+00:00,20.0,7.8,Baie-des-Sables wind farm
8664,2025-06-16 19:00:00+00:00,19.0,13.0,Baie-des-Sables wind farm
8665,2025-06-16 20:00:00+00:00,19.4,19.0,Baie-des-Sables wind farm
8666,2025-06-16 21:00:00+00:00,19.6,20.3,Baie-des-Sables wind farm
8667,2025-06-16 22:00:00+00:00,19.0,21.4,Baie-des-Sables wind farm
8668,2025-06-16 23:00:00+00:00,18.9,20.0,Baie-des-Sables wind farm
8669,2025-06-17 00:00:00+00:00,18.5,19.9,Baie-des-Sables wind farm
8670,2025-06-17 01:00:00+00:00,18.0,18.4,Baie-des-Sables wind farm
8671,2025-06-17 02:00:00+00:00,17.1,18.3,Baie-des-Sables wind farm
8672,2025-06-17 03:00:00+00:00,17.4,20.1,Baie-des-Sables wind farm
8673,2025-06-17 04:00:00+00:00,17.2,20.9,Baie-des-Sables wind farm
8674,2025-06-17 05:00:00+00:00,17.1,20.1,Baie-des-Sables wind farm
8675,2025-06-17 06:00:00+00:00,18.1,15.8,Baie-des-Sables wind farm
8676,2025-06-17 07:00:00+00:00,19.1,12.4,Baie-des-Sables wind farm
8677,2025-06-17 08:00:00+00:00,19.6,14.6,Baie-des-Sables wind farm
8678,2025-06-17 09:00:00+00:00,20.3,12.5,Baie-des-Sables wind farm
8679,2025-06-17 10:00:00+00:00,21.7,9.2,Baie-des-Sables wind farm
8680,2025-06-17 11:00:00+00:00,23.7,9.9,Baie-des-Sables wind farm
8681,2025-06-17 12:00:00+00:00,24.1,8.9,Baie-des-Sables wind farm
8682,2025-06-17 13:00:00+00:00,25.3,8.1,Baie-des-Sables wind farm
8683,2025-06-17 14:00:00+00:00,24.4,10.3,Baie-des-Sables wind farm
8684,2025-06-17 15:00:00+00:00,25.2,6.2,Baie-des-Sables wind farm
8685,2025-06-17 16:00:00+00:00,25.7,4.9,Baie-des-Sables wind farm
8686,2025-06-17 17:00:00+00:00,23.6,3.9,Baie-des-Sables wind farm
8687,2025-06-17 18:00:00+00:00,21.7,3.6,Baie-des-Sables wind farm
8688,2025-06-17 19:00:00+00:00,21.3,14.0,Baie-des-Sables wind farm
8689,2025-06-17 20:00:00+00:00,21.6,19.1,Baie-des-Sables wind farm
8690,2025-06-17 21:00:00+00:00,21.3,21.1,Baie-des-Sables wind farm
8691,2025-06-17 22:00:00+00:00,21.4,25.3,Baie-des-Sables wind farm
8692,2025-06-17 23:00:00+00:00,20.6,25.2,Baie-des-Sables wind farm
8693,2025-06-18 00:00:00+00:00,19.8,23.2,Baie-des-Sables wind farm
8694,2025-06-18 01:00:00+00:00,19.1,24.0,Baie-des-Sables wind farm
8695,2025-06-18 02:00:00+00:00,18.5,23.7,Baie-des-Sables wind farm
8696,2025-06-18 03:00:00+00:00,18.3,23.9,Baie-des-Sables wind farm
8697,2025-06-18 04:00:00+00:00,18.2,25.0,Baie-des-Sables wind farm
8698,2025-06-18 05:00:00+00:00,18.7,24.3,Baie-des-Sables wind farm
8699,2025-06-18 06:00:00+00:00,19.5,23.3,Baie-des-Sables wind farm
8700,2025-06-18 07:00:00+00:00,20.3,22.9,Baie-des-Sables wind farm
8701,2025-06-18 08:00:00+00:00,21.0,25.0,Baie-des-Sables wind farm
8702,2025-06-18 09:00:00+00:00,21.5,28.6,Baie-des-Sables wind farm
8703,2025-06-18 10:00:00+00:00,22.7,29.1,Baie-des-Sables wind farm
8704,2025-06-18 11:00:00+00:00,24.3,28.7,Baie-des-Sables wind farm
8705,2025-06-18 12:00:00+00:00,24.1,26.5,Baie-des-Sables wind farm
8706,2025-06-18 13:00:00+00:00,24.2,25.0,Baie-des-Sables wind farm
8707,2025-06-18 14:00:00+00:00,25.3,20.2,Baie-des-Sables wind farm
8708,2025-06-18 15:00:00+00:00,24.7,19.0,Baie-des-Sables wind farm
8709,2025-06-18 16:00:00+00:00,21.7,22.1,Baie-des-Sables wind farm
8710,2025-06-18 17:00:00+00:00,21.7,12.3,Baie-des-Sables wind farm
8711,2025-06-18 18:00:00+00:00,21.7,5.1,Baie-des-Sables wind farm
8712,2025-06-18 19:00:00+00:00,20.9,8.1,Baie-des-Sables wind farm
8713,2025-06-18 20:00:00+00:00,20.9,13.0,Baie-des-Sables wind farm
8714,2025-06-18 21:00:00+00:00,20.1,12.0,Baie-des-Sables wind farm
8715,2025-06-18 22:00:00+00:00,18.7,13.1,Baie-des-Sables wind farm
8716,2025-06-18 23:00:00+00:00,18.1,12.4,Baie-des-Sables wind farm
